[2026-06-07T16:36:38.019+0000] {processor.py:186} INFO - Started process (PID=52) to work on /opt/airflow/dags/load_to_mongodb_dag.py
[2026-06-07T16:36:38.021+0000] {processor.py:914} INFO - Processing file /opt/airflow/dags/load_to_mongodb_dag.py for tasks to queue
[2026-06-07T16:36:38.027+0000] {logging_mixin.py:190} INFO - [2026-06-07T16:36:38.026+0000] {dagbag.py:587} INFO - Filling up the DagBag from /opt/airflow/dags/load_to_mongodb_dag.py
[2026-06-07T16:36:38.085+0000] {logging_mixin.py:190} INFO - [2026-06-07T16:36:38.072+0000] {dagbag.py:386} ERROR - Failed to import: /opt/airflow/dags/load_to_mongodb_dag.py
Traceback (most recent call last):
  File "/home/airflow/.local/lib/python3.12/site-packages/airflow/models/dagbag.py", line 382, in parse
    loader.exec_module(new_module)
  File "<frozen importlib._bootstrap_external>", line 995, in exec_module
  File "<frozen importlib._bootstrap>", line 488, in _call_with_frames_removed
  File "/opt/airflow/dags/load_to_mongodb_dag.py", line 4, in <module>
    from airflow.providers.mongo.hooks.mongo import MongoHook
ModuleNotFoundError: No module named 'airflow.providers.mongo'
[2026-06-07T16:36:38.089+0000] {processor.py:927} WARNING - No viable dags retrieved from /opt/airflow/dags/load_to_mongodb_dag.py
[2026-06-07T16:36:38.123+0000] {processor.py:208} INFO - Processing /opt/airflow/dags/load_to_mongodb_dag.py took 0.112 seconds
[2026-06-07T16:37:09.086+0000] {processor.py:186} INFO - Started process (PID=74) to work on /opt/airflow/dags/load_to_mongodb_dag.py
[2026-06-07T16:37:09.088+0000] {processor.py:914} INFO - Processing file /opt/airflow/dags/load_to_mongodb_dag.py for tasks to queue
[2026-06-07T16:37:09.093+0000] {logging_mixin.py:190} INFO - [2026-06-07T16:37:09.092+0000] {dagbag.py:587} INFO - Filling up the DagBag from /opt/airflow/dags/load_to_mongodb_dag.py
[2026-06-07T16:37:09.118+0000] {logging_mixin.py:190} INFO - [2026-06-07T16:37:09.112+0000] {dagbag.py:386} ERROR - Failed to import: /opt/airflow/dags/load_to_mongodb_dag.py
Traceback (most recent call last):
  File "/home/airflow/.local/lib/python3.12/site-packages/airflow/models/dagbag.py", line 382, in parse
    loader.exec_module(new_module)
  File "<frozen importlib._bootstrap_external>", line 995, in exec_module
  File "<frozen importlib._bootstrap>", line 488, in _call_with_frames_removed
  File "/opt/airflow/dags/load_to_mongodb_dag.py", line 4, in <module>
    from airflow.providers.mongo.hooks.mongo import MongoHook
ModuleNotFoundError: No module named 'airflow.providers.mongo'
[2026-06-07T16:37:09.120+0000] {processor.py:927} WARNING - No viable dags retrieved from /opt/airflow/dags/load_to_mongodb_dag.py
[2026-06-07T16:37:09.151+0000] {processor.py:208} INFO - Processing /opt/airflow/dags/load_to_mongodb_dag.py took 0.076 seconds
[2026-06-07T16:37:39.441+0000] {processor.py:186} INFO - Started process (PID=77) to work on /opt/airflow/dags/load_to_mongodb_dag.py
[2026-06-07T16:37:39.442+0000] {processor.py:914} INFO - Processing file /opt/airflow/dags/load_to_mongodb_dag.py for tasks to queue
[2026-06-07T16:37:39.447+0000] {logging_mixin.py:190} INFO - [2026-06-07T16:37:39.446+0000] {dagbag.py:587} INFO - Filling up the DagBag from /opt/airflow/dags/load_to_mongodb_dag.py
[2026-06-07T16:37:39.468+0000] {logging_mixin.py:190} INFO - [2026-06-07T16:37:39.464+0000] {dagbag.py:386} ERROR - Failed to import: /opt/airflow/dags/load_to_mongodb_dag.py
Traceback (most recent call last):
  File "/home/airflow/.local/lib/python3.12/site-packages/airflow/models/dagbag.py", line 382, in parse
    loader.exec_module(new_module)
  File "<frozen importlib._bootstrap_external>", line 995, in exec_module
  File "<frozen importlib._bootstrap>", line 488, in _call_with_frames_removed
  File "/opt/airflow/dags/load_to_mongodb_dag.py", line 4, in <module>
    from airflow.providers.mongo.hooks.mongo import MongoHook
ModuleNotFoundError: No module named 'airflow.providers.mongo'
[2026-06-07T16:37:39.470+0000] {processor.py:927} WARNING - No viable dags retrieved from /opt/airflow/dags/load_to_mongodb_dag.py
[2026-06-07T16:37:39.504+0000] {processor.py:208} INFO - Processing /opt/airflow/dags/load_to_mongodb_dag.py took 0.070 seconds
[2026-06-07T16:38:09.749+0000] {processor.py:186} INFO - Started process (PID=80) to work on /opt/airflow/dags/load_to_mongodb_dag.py
[2026-06-07T16:38:09.751+0000] {processor.py:914} INFO - Processing file /opt/airflow/dags/load_to_mongodb_dag.py for tasks to queue
[2026-06-07T16:38:09.755+0000] {logging_mixin.py:190} INFO - [2026-06-07T16:38:09.755+0000] {dagbag.py:587} INFO - Filling up the DagBag from /opt/airflow/dags/load_to_mongodb_dag.py
[2026-06-07T16:38:09.779+0000] {logging_mixin.py:190} INFO - [2026-06-07T16:38:09.775+0000] {dagbag.py:386} ERROR - Failed to import: /opt/airflow/dags/load_to_mongodb_dag.py
Traceback (most recent call last):
  File "/home/airflow/.local/lib/python3.12/site-packages/airflow/models/dagbag.py", line 382, in parse
    loader.exec_module(new_module)
  File "<frozen importlib._bootstrap_external>", line 995, in exec_module
  File "<frozen importlib._bootstrap>", line 488, in _call_with_frames_removed
  File "/opt/airflow/dags/load_to_mongodb_dag.py", line 4, in <module>
    from airflow.providers.mongo.hooks.mongo import MongoHook
ModuleNotFoundError: No module named 'airflow.providers.mongo'
[2026-06-07T16:38:09.781+0000] {processor.py:927} WARNING - No viable dags retrieved from /opt/airflow/dags/load_to_mongodb_dag.py
[2026-06-07T16:38:09.813+0000] {processor.py:208} INFO - Processing /opt/airflow/dags/load_to_mongodb_dag.py took 0.072 seconds
[2026-06-07T16:38:40.035+0000] {processor.py:186} INFO - Started process (PID=83) to work on /opt/airflow/dags/load_to_mongodb_dag.py
[2026-06-07T16:38:40.037+0000] {processor.py:914} INFO - Processing file /opt/airflow/dags/load_to_mongodb_dag.py for tasks to queue
[2026-06-07T16:38:40.041+0000] {logging_mixin.py:190} INFO - [2026-06-07T16:38:40.040+0000] {dagbag.py:587} INFO - Filling up the DagBag from /opt/airflow/dags/load_to_mongodb_dag.py
[2026-06-07T16:38:40.057+0000] {logging_mixin.py:190} INFO - [2026-06-07T16:38:40.053+0000] {dagbag.py:386} ERROR - Failed to import: /opt/airflow/dags/load_to_mongodb_dag.py
Traceback (most recent call last):
  File "/home/airflow/.local/lib/python3.12/site-packages/airflow/models/dagbag.py", line 382, in parse
    loader.exec_module(new_module)
  File "<frozen importlib._bootstrap_external>", line 995, in exec_module
  File "<frozen importlib._bootstrap>", line 488, in _call_with_frames_removed
  File "/opt/airflow/dags/load_to_mongodb_dag.py", line 4, in <module>
    from airflow.providers.mongo.hooks.mongo import MongoHook
ModuleNotFoundError: No module named 'airflow.providers.mongo'
[2026-06-07T16:38:40.058+0000] {processor.py:927} WARNING - No viable dags retrieved from /opt/airflow/dags/load_to_mongodb_dag.py
[2026-06-07T16:38:40.083+0000] {processor.py:208} INFO - Processing /opt/airflow/dags/load_to_mongodb_dag.py took 0.056 seconds
[2026-06-07T16:39:11.150+0000] {processor.py:186} INFO - Started process (PID=86) to work on /opt/airflow/dags/load_to_mongodb_dag.py
[2026-06-07T16:39:11.152+0000] {processor.py:914} INFO - Processing file /opt/airflow/dags/load_to_mongodb_dag.py for tasks to queue
[2026-06-07T16:39:11.155+0000] {logging_mixin.py:190} INFO - [2026-06-07T16:39:11.154+0000] {dagbag.py:587} INFO - Filling up the DagBag from /opt/airflow/dags/load_to_mongodb_dag.py
[2026-06-07T16:39:11.174+0000] {logging_mixin.py:190} INFO - [2026-06-07T16:39:11.170+0000] {dagbag.py:386} ERROR - Failed to import: /opt/airflow/dags/load_to_mongodb_dag.py
Traceback (most recent call last):
  File "/home/airflow/.local/lib/python3.12/site-packages/airflow/models/dagbag.py", line 382, in parse
    loader.exec_module(new_module)
  File "<frozen importlib._bootstrap_external>", line 995, in exec_module
  File "<frozen importlib._bootstrap>", line 488, in _call_with_frames_removed
  File "/opt/airflow/dags/load_to_mongodb_dag.py", line 4, in <module>
    from airflow.providers.mongo.hooks.mongo import MongoHook
ModuleNotFoundError: No module named 'airflow.providers.mongo'
[2026-06-07T16:39:11.175+0000] {processor.py:927} WARNING - No viable dags retrieved from /opt/airflow/dags/load_to_mongodb_dag.py
[2026-06-07T16:39:11.205+0000] {processor.py:208} INFO - Processing /opt/airflow/dags/load_to_mongodb_dag.py took 0.061 seconds
[2026-06-07T16:39:42.103+0000] {processor.py:186} INFO - Started process (PID=89) to work on /opt/airflow/dags/load_to_mongodb_dag.py
[2026-06-07T16:39:42.105+0000] {processor.py:914} INFO - Processing file /opt/airflow/dags/load_to_mongodb_dag.py for tasks to queue
[2026-06-07T16:39:42.108+0000] {logging_mixin.py:190} INFO - [2026-06-07T16:39:42.108+0000] {dagbag.py:587} INFO - Filling up the DagBag from /opt/airflow/dags/load_to_mongodb_dag.py
[2026-06-07T16:39:42.143+0000] {logging_mixin.py:190} INFO - [2026-06-07T16:39:42.138+0000] {dagbag.py:386} ERROR - Failed to import: /opt/airflow/dags/load_to_mongodb_dag.py
Traceback (most recent call last):
  File "/home/airflow/.local/lib/python3.12/site-packages/airflow/models/dagbag.py", line 382, in parse
    loader.exec_module(new_module)
  File "<frozen importlib._bootstrap_external>", line 995, in exec_module
  File "<frozen importlib._bootstrap>", line 488, in _call_with_frames_removed
  File "/opt/airflow/dags/load_to_mongodb_dag.py", line 4, in <module>
    from airflow.providers.mongo.hooks.mongo import MongoHook
ModuleNotFoundError: No module named 'airflow.providers.mongo'
[2026-06-07T16:39:42.145+0000] {processor.py:927} WARNING - No viable dags retrieved from /opt/airflow/dags/load_to_mongodb_dag.py
[2026-06-07T16:39:42.175+0000] {processor.py:208} INFO - Processing /opt/airflow/dags/load_to_mongodb_dag.py took 0.077 seconds
[2026-06-07T16:40:13.058+0000] {processor.py:186} INFO - Started process (PID=92) to work on /opt/airflow/dags/load_to_mongodb_dag.py
[2026-06-07T16:40:13.061+0000] {processor.py:914} INFO - Processing file /opt/airflow/dags/load_to_mongodb_dag.py for tasks to queue
[2026-06-07T16:40:13.070+0000] {logging_mixin.py:190} INFO - [2026-06-07T16:40:13.069+0000] {dagbag.py:587} INFO - Filling up the DagBag from /opt/airflow/dags/load_to_mongodb_dag.py
[2026-06-07T16:40:13.099+0000] {logging_mixin.py:190} INFO - [2026-06-07T16:40:13.092+0000] {dagbag.py:386} ERROR - Failed to import: /opt/airflow/dags/load_to_mongodb_dag.py
Traceback (most recent call last):
  File "/home/airflow/.local/lib/python3.12/site-packages/airflow/models/dagbag.py", line 382, in parse
    loader.exec_module(new_module)
  File "<frozen importlib._bootstrap_external>", line 995, in exec_module
  File "<frozen importlib._bootstrap>", line 488, in _call_with_frames_removed
  File "/opt/airflow/dags/load_to_mongodb_dag.py", line 4, in <module>
    from airflow.providers.mongo.hooks.mongo import MongoHook
ModuleNotFoundError: No module named 'airflow.providers.mongo'
[2026-06-07T16:40:13.101+0000] {processor.py:927} WARNING - No viable dags retrieved from /opt/airflow/dags/load_to_mongodb_dag.py
[2026-06-07T16:40:13.130+0000] {processor.py:208} INFO - Processing /opt/airflow/dags/load_to_mongodb_dag.py took 0.086 seconds
[2026-06-07T16:40:44.030+0000] {processor.py:186} INFO - Started process (PID=95) to work on /opt/airflow/dags/load_to_mongodb_dag.py
[2026-06-07T16:40:44.033+0000] {processor.py:914} INFO - Processing file /opt/airflow/dags/load_to_mongodb_dag.py for tasks to queue
[2026-06-07T16:40:44.037+0000] {logging_mixin.py:190} INFO - [2026-06-07T16:40:44.037+0000] {dagbag.py:587} INFO - Filling up the DagBag from /opt/airflow/dags/load_to_mongodb_dag.py
[2026-06-07T16:40:44.076+0000] {logging_mixin.py:190} INFO - [2026-06-07T16:40:44.069+0000] {dagbag.py:386} ERROR - Failed to import: /opt/airflow/dags/load_to_mongodb_dag.py
Traceback (most recent call last):
  File "/home/airflow/.local/lib/python3.12/site-packages/airflow/models/dagbag.py", line 382, in parse
    loader.exec_module(new_module)
  File "<frozen importlib._bootstrap_external>", line 995, in exec_module
  File "<frozen importlib._bootstrap>", line 488, in _call_with_frames_removed
  File "/opt/airflow/dags/load_to_mongodb_dag.py", line 4, in <module>
    from airflow.providers.mongo.hooks.mongo import MongoHook
ModuleNotFoundError: No module named 'airflow.providers.mongo'
[2026-06-07T16:40:44.078+0000] {processor.py:927} WARNING - No viable dags retrieved from /opt/airflow/dags/load_to_mongodb_dag.py
[2026-06-07T16:40:44.110+0000] {processor.py:208} INFO - Processing /opt/airflow/dags/load_to_mongodb_dag.py took 0.086 seconds
[2026-06-07T16:41:15.083+0000] {processor.py:186} INFO - Started process (PID=98) to work on /opt/airflow/dags/load_to_mongodb_dag.py
[2026-06-07T16:41:15.085+0000] {processor.py:914} INFO - Processing file /opt/airflow/dags/load_to_mongodb_dag.py for tasks to queue
[2026-06-07T16:41:15.089+0000] {logging_mixin.py:190} INFO - [2026-06-07T16:41:15.088+0000] {dagbag.py:587} INFO - Filling up the DagBag from /opt/airflow/dags/load_to_mongodb_dag.py
[2026-06-07T16:41:15.116+0000] {logging_mixin.py:190} INFO - [2026-06-07T16:41:15.109+0000] {dagbag.py:386} ERROR - Failed to import: /opt/airflow/dags/load_to_mongodb_dag.py
Traceback (most recent call last):
  File "/home/airflow/.local/lib/python3.12/site-packages/airflow/models/dagbag.py", line 382, in parse
    loader.exec_module(new_module)
  File "<frozen importlib._bootstrap_external>", line 995, in exec_module
  File "<frozen importlib._bootstrap>", line 488, in _call_with_frames_removed
  File "/opt/airflow/dags/load_to_mongodb_dag.py", line 4, in <module>
    from airflow.providers.mongo.hooks.mongo import MongoHook
ModuleNotFoundError: No module named 'airflow.providers.mongo'
[2026-06-07T16:41:15.118+0000] {processor.py:927} WARNING - No viable dags retrieved from /opt/airflow/dags/load_to_mongodb_dag.py
[2026-06-07T16:41:15.156+0000] {processor.py:208} INFO - Processing /opt/airflow/dags/load_to_mongodb_dag.py took 0.082 seconds
[2026-06-07T16:41:46.076+0000] {processor.py:186} INFO - Started process (PID=101) to work on /opt/airflow/dags/load_to_mongodb_dag.py
[2026-06-07T16:41:46.078+0000] {processor.py:914} INFO - Processing file /opt/airflow/dags/load_to_mongodb_dag.py for tasks to queue
[2026-06-07T16:41:46.086+0000] {logging_mixin.py:190} INFO - [2026-06-07T16:41:46.086+0000] {dagbag.py:587} INFO - Filling up the DagBag from /opt/airflow/dags/load_to_mongodb_dag.py
[2026-06-07T16:41:46.135+0000] {logging_mixin.py:190} INFO - [2026-06-07T16:41:46.129+0000] {dagbag.py:386} ERROR - Failed to import: /opt/airflow/dags/load_to_mongodb_dag.py
Traceback (most recent call last):
  File "/home/airflow/.local/lib/python3.12/site-packages/airflow/models/dagbag.py", line 382, in parse
    loader.exec_module(new_module)
  File "<frozen importlib._bootstrap_external>", line 995, in exec_module
  File "<frozen importlib._bootstrap>", line 488, in _call_with_frames_removed
  File "/opt/airflow/dags/load_to_mongodb_dag.py", line 4, in <module>
    from airflow.providers.mongo.hooks.mongo import MongoHook
ModuleNotFoundError: No module named 'airflow.providers.mongo'
[2026-06-07T16:41:46.138+0000] {processor.py:927} WARNING - No viable dags retrieved from /opt/airflow/dags/load_to_mongodb_dag.py
[2026-06-07T16:41:46.178+0000] {processor.py:208} INFO - Processing /opt/airflow/dags/load_to_mongodb_dag.py took 0.111 seconds
[2026-06-07T16:42:09.113+0000] {processor.py:186} INFO - Started process (PID=52) to work on /opt/airflow/dags/load_to_mongodb_dag.py
[2026-06-07T16:42:09.119+0000] {processor.py:914} INFO - Processing file /opt/airflow/dags/load_to_mongodb_dag.py for tasks to queue
[2026-06-07T16:42:09.133+0000] {logging_mixin.py:190} INFO - [2026-06-07T16:42:09.131+0000] {dagbag.py:587} INFO - Filling up the DagBag from /opt/airflow/dags/load_to_mongodb_dag.py
[2026-06-07T16:42:09.193+0000] {logging_mixin.py:190} INFO - [2026-06-07T16:42:09.176+0000] {dagbag.py:386} ERROR - Failed to import: /opt/airflow/dags/load_to_mongodb_dag.py
Traceback (most recent call last):
  File "/home/airflow/.local/lib/python3.12/site-packages/airflow/models/dagbag.py", line 382, in parse
    loader.exec_module(new_module)
  File "<frozen importlib._bootstrap_external>", line 995, in exec_module
  File "<frozen importlib._bootstrap>", line 488, in _call_with_frames_removed
  File "/opt/airflow/dags/load_to_mongodb_dag.py", line 4, in <module>
    from airflow.providers.mongo.hooks.mongo import MongoHook
ModuleNotFoundError: No module named 'airflow.providers.mongo'
[2026-06-07T16:42:09.197+0000] {processor.py:927} WARNING - No viable dags retrieved from /opt/airflow/dags/load_to_mongodb_dag.py
[2026-06-07T16:42:09.274+0000] {processor.py:208} INFO - Processing /opt/airflow/dags/load_to_mongodb_dag.py took 0.192 seconds
[2026-06-07T16:42:40.092+0000] {processor.py:186} INFO - Started process (PID=74) to work on /opt/airflow/dags/load_to_mongodb_dag.py
[2026-06-07T16:42:40.094+0000] {processor.py:914} INFO - Processing file /opt/airflow/dags/load_to_mongodb_dag.py for tasks to queue
[2026-06-07T16:42:40.100+0000] {logging_mixin.py:190} INFO - [2026-06-07T16:42:40.099+0000] {dagbag.py:587} INFO - Filling up the DagBag from /opt/airflow/dags/load_to_mongodb_dag.py
[2026-06-07T16:42:40.130+0000] {logging_mixin.py:190} INFO - [2026-06-07T16:42:40.126+0000] {dagbag.py:386} ERROR - Failed to import: /opt/airflow/dags/load_to_mongodb_dag.py
Traceback (most recent call last):
  File "/home/airflow/.local/lib/python3.12/site-packages/airflow/models/dagbag.py", line 382, in parse
    loader.exec_module(new_module)
  File "<frozen importlib._bootstrap_external>", line 995, in exec_module
  File "<frozen importlib._bootstrap>", line 488, in _call_with_frames_removed
  File "/opt/airflow/dags/load_to_mongodb_dag.py", line 4, in <module>
    from airflow.providers.mongo.hooks.mongo import MongoHook
ModuleNotFoundError: No module named 'airflow.providers.mongo'
[2026-06-07T16:42:40.132+0000] {processor.py:927} WARNING - No viable dags retrieved from /opt/airflow/dags/load_to_mongodb_dag.py
[2026-06-07T16:42:40.171+0000] {processor.py:208} INFO - Processing /opt/airflow/dags/load_to_mongodb_dag.py took 0.091 seconds
[2026-06-07T16:43:10.405+0000] {processor.py:186} INFO - Started process (PID=91) to work on /opt/airflow/dags/load_to_mongodb_dag.py
[2026-06-07T16:43:10.407+0000] {processor.py:914} INFO - Processing file /opt/airflow/dags/load_to_mongodb_dag.py for tasks to queue
[2026-06-07T16:43:10.410+0000] {logging_mixin.py:190} INFO - [2026-06-07T16:43:10.410+0000] {dagbag.py:587} INFO - Filling up the DagBag from /opt/airflow/dags/load_to_mongodb_dag.py
[2026-06-07T16:43:10.446+0000] {logging_mixin.py:190} INFO - [2026-06-07T16:43:10.442+0000] {dagbag.py:386} ERROR - Failed to import: /opt/airflow/dags/load_to_mongodb_dag.py
Traceback (most recent call last):
  File "/home/airflow/.local/lib/python3.12/site-packages/airflow/models/dagbag.py", line 382, in parse
    loader.exec_module(new_module)
  File "<frozen importlib._bootstrap_external>", line 995, in exec_module
  File "<frozen importlib._bootstrap>", line 488, in _call_with_frames_removed
  File "/opt/airflow/dags/load_to_mongodb_dag.py", line 4, in <module>
    from airflow.providers.mongo.hooks.mongo import MongoHook
ModuleNotFoundError: No module named 'airflow.providers.mongo'
[2026-06-07T16:43:10.448+0000] {processor.py:927} WARNING - No viable dags retrieved from /opt/airflow/dags/load_to_mongodb_dag.py
[2026-06-07T16:43:10.483+0000] {processor.py:208} INFO - Processing /opt/airflow/dags/load_to_mongodb_dag.py took 0.085 seconds
[2026-06-07T16:43:40.720+0000] {processor.py:186} INFO - Started process (PID=94) to work on /opt/airflow/dags/load_to_mongodb_dag.py
[2026-06-07T16:43:40.721+0000] {processor.py:914} INFO - Processing file /opt/airflow/dags/load_to_mongodb_dag.py for tasks to queue
[2026-06-07T16:43:40.725+0000] {logging_mixin.py:190} INFO - [2026-06-07T16:43:40.725+0000] {dagbag.py:587} INFO - Filling up the DagBag from /opt/airflow/dags/load_to_mongodb_dag.py
[2026-06-07T16:43:40.758+0000] {logging_mixin.py:190} INFO - [2026-06-07T16:43:40.754+0000] {dagbag.py:386} ERROR - Failed to import: /opt/airflow/dags/load_to_mongodb_dag.py
Traceback (most recent call last):
  File "/home/airflow/.local/lib/python3.12/site-packages/airflow/models/dagbag.py", line 382, in parse
    loader.exec_module(new_module)
  File "<frozen importlib._bootstrap_external>", line 995, in exec_module
  File "<frozen importlib._bootstrap>", line 488, in _call_with_frames_removed
  File "/opt/airflow/dags/load_to_mongodb_dag.py", line 4, in <module>
    from airflow.providers.mongo.hooks.mongo import MongoHook
ModuleNotFoundError: No module named 'airflow.providers.mongo'
[2026-06-07T16:43:40.760+0000] {processor.py:927} WARNING - No viable dags retrieved from /opt/airflow/dags/load_to_mongodb_dag.py
[2026-06-07T16:43:40.785+0000] {processor.py:208} INFO - Processing /opt/airflow/dags/load_to_mongodb_dag.py took 0.070 seconds
[2026-06-07T16:44:11.057+0000] {processor.py:186} INFO - Started process (PID=97) to work on /opt/airflow/dags/load_to_mongodb_dag.py
[2026-06-07T16:44:11.059+0000] {processor.py:914} INFO - Processing file /opt/airflow/dags/load_to_mongodb_dag.py for tasks to queue
[2026-06-07T16:44:11.063+0000] {logging_mixin.py:190} INFO - [2026-06-07T16:44:11.063+0000] {dagbag.py:587} INFO - Filling up the DagBag from /opt/airflow/dags/load_to_mongodb_dag.py
[2026-06-07T16:44:11.088+0000] {logging_mixin.py:190} INFO - [2026-06-07T16:44:11.084+0000] {dagbag.py:386} ERROR - Failed to import: /opt/airflow/dags/load_to_mongodb_dag.py
Traceback (most recent call last):
  File "/home/airflow/.local/lib/python3.12/site-packages/airflow/models/dagbag.py", line 382, in parse
    loader.exec_module(new_module)
  File "<frozen importlib._bootstrap_external>", line 995, in exec_module
  File "<frozen importlib._bootstrap>", line 488, in _call_with_frames_removed
  File "/opt/airflow/dags/load_to_mongodb_dag.py", line 4, in <module>
    from airflow.providers.mongo.hooks.mongo import MongoHook
ModuleNotFoundError: No module named 'airflow.providers.mongo'
[2026-06-07T16:44:11.089+0000] {processor.py:927} WARNING - No viable dags retrieved from /opt/airflow/dags/load_to_mongodb_dag.py
[2026-06-07T16:44:11.120+0000] {processor.py:208} INFO - Processing /opt/airflow/dags/load_to_mongodb_dag.py took 0.070 seconds
[2026-06-07T16:44:42.105+0000] {processor.py:186} INFO - Started process (PID=107) to work on /opt/airflow/dags/load_to_mongodb_dag.py
[2026-06-07T16:44:42.107+0000] {processor.py:914} INFO - Processing file /opt/airflow/dags/load_to_mongodb_dag.py for tasks to queue
[2026-06-07T16:44:42.110+0000] {logging_mixin.py:190} INFO - [2026-06-07T16:44:42.109+0000] {dagbag.py:587} INFO - Filling up the DagBag from /opt/airflow/dags/load_to_mongodb_dag.py
[2026-06-07T16:44:42.129+0000] {logging_mixin.py:190} INFO - [2026-06-07T16:44:42.125+0000] {dagbag.py:386} ERROR - Failed to import: /opt/airflow/dags/load_to_mongodb_dag.py
Traceback (most recent call last):
  File "/home/airflow/.local/lib/python3.12/site-packages/airflow/models/dagbag.py", line 382, in parse
    loader.exec_module(new_module)
  File "<frozen importlib._bootstrap_external>", line 995, in exec_module
  File "<frozen importlib._bootstrap>", line 488, in _call_with_frames_removed
  File "/opt/airflow/dags/load_to_mongodb_dag.py", line 4, in <module>
    from airflow.providers.mongo.hooks.mongo import MongoHook
ModuleNotFoundError: No module named 'airflow.providers.mongo'
[2026-06-07T16:44:42.130+0000] {processor.py:927} WARNING - No viable dags retrieved from /opt/airflow/dags/load_to_mongodb_dag.py
[2026-06-07T16:44:42.158+0000] {processor.py:208} INFO - Processing /opt/airflow/dags/load_to_mongodb_dag.py took 0.061 seconds
[2026-06-07T16:45:13.189+0000] {processor.py:186} INFO - Started process (PID=127) to work on /opt/airflow/dags/load_to_mongodb_dag.py
[2026-06-07T16:45:13.191+0000] {processor.py:914} INFO - Processing file /opt/airflow/dags/load_to_mongodb_dag.py for tasks to queue
[2026-06-07T16:45:13.193+0000] {logging_mixin.py:190} INFO - [2026-06-07T16:45:13.193+0000] {dagbag.py:587} INFO - Filling up the DagBag from /opt/airflow/dags/load_to_mongodb_dag.py
[2026-06-07T16:45:13.214+0000] {logging_mixin.py:190} INFO - [2026-06-07T16:45:13.207+0000] {dagbag.py:386} ERROR - Failed to import: /opt/airflow/dags/load_to_mongodb_dag.py
Traceback (most recent call last):
  File "/home/airflow/.local/lib/python3.12/site-packages/airflow/models/dagbag.py", line 382, in parse
    loader.exec_module(new_module)
  File "<frozen importlib._bootstrap_external>", line 995, in exec_module
  File "<frozen importlib._bootstrap>", line 488, in _call_with_frames_removed
  File "/opt/airflow/dags/load_to_mongodb_dag.py", line 4, in <module>
    from airflow.providers.mongo.hooks.mongo import MongoHook
ModuleNotFoundError: No module named 'airflow.providers.mongo'
[2026-06-07T16:45:13.216+0000] {processor.py:927} WARNING - No viable dags retrieved from /opt/airflow/dags/load_to_mongodb_dag.py
[2026-06-07T16:45:13.239+0000] {processor.py:208} INFO - Processing /opt/airflow/dags/load_to_mongodb_dag.py took 0.055 seconds
[2026-06-07T16:45:44.301+0000] {processor.py:186} INFO - Started process (PID=132) to work on /opt/airflow/dags/load_to_mongodb_dag.py
[2026-06-07T16:45:44.302+0000] {processor.py:914} INFO - Processing file /opt/airflow/dags/load_to_mongodb_dag.py for tasks to queue
[2026-06-07T16:45:44.305+0000] {logging_mixin.py:190} INFO - [2026-06-07T16:45:44.305+0000] {dagbag.py:587} INFO - Filling up the DagBag from /opt/airflow/dags/load_to_mongodb_dag.py
[2026-06-07T16:45:44.337+0000] {logging_mixin.py:190} INFO - [2026-06-07T16:45:44.333+0000] {dagbag.py:386} ERROR - Failed to import: /opt/airflow/dags/load_to_mongodb_dag.py
Traceback (most recent call last):
  File "/home/airflow/.local/lib/python3.12/site-packages/airflow/models/dagbag.py", line 382, in parse
    loader.exec_module(new_module)
  File "<frozen importlib._bootstrap_external>", line 995, in exec_module
  File "<frozen importlib._bootstrap>", line 488, in _call_with_frames_removed
  File "/opt/airflow/dags/load_to_mongodb_dag.py", line 4, in <module>
    from airflow.providers.mongo.hooks.mongo import MongoHook
ModuleNotFoundError: No module named 'airflow.providers.mongo'
[2026-06-07T16:45:44.340+0000] {processor.py:927} WARNING - No viable dags retrieved from /opt/airflow/dags/load_to_mongodb_dag.py
[2026-06-07T16:45:44.364+0000] {processor.py:208} INFO - Processing /opt/airflow/dags/load_to_mongodb_dag.py took 0.068 seconds
[2026-06-07T16:46:15.317+0000] {processor.py:186} INFO - Started process (PID=136) to work on /opt/airflow/dags/load_to_mongodb_dag.py
[2026-06-07T16:46:15.319+0000] {processor.py:914} INFO - Processing file /opt/airflow/dags/load_to_mongodb_dag.py for tasks to queue
[2026-06-07T16:46:15.326+0000] {logging_mixin.py:190} INFO - [2026-06-07T16:46:15.324+0000] {dagbag.py:587} INFO - Filling up the DagBag from /opt/airflow/dags/load_to_mongodb_dag.py
[2026-06-07T16:46:15.364+0000] {logging_mixin.py:190} INFO - [2026-06-07T16:46:15.354+0000] {dagbag.py:386} ERROR - Failed to import: /opt/airflow/dags/load_to_mongodb_dag.py
Traceback (most recent call last):
  File "/home/airflow/.local/lib/python3.12/site-packages/airflow/models/dagbag.py", line 382, in parse
    loader.exec_module(new_module)
  File "<frozen importlib._bootstrap_external>", line 995, in exec_module
  File "<frozen importlib._bootstrap>", line 488, in _call_with_frames_removed
  File "/opt/airflow/dags/load_to_mongodb_dag.py", line 4, in <module>
    from airflow.providers.mongo.hooks.mongo import MongoHook
ModuleNotFoundError: No module named 'airflow.providers.mongo'
[2026-06-07T16:46:15.367+0000] {processor.py:927} WARNING - No viable dags retrieved from /opt/airflow/dags/load_to_mongodb_dag.py
[2026-06-07T16:46:15.409+0000] {processor.py:208} INFO - Processing /opt/airflow/dags/load_to_mongodb_dag.py took 0.104 seconds
[2026-06-07T16:46:46.353+0000] {processor.py:186} INFO - Started process (PID=139) to work on /opt/airflow/dags/load_to_mongodb_dag.py
[2026-06-07T16:46:46.356+0000] {processor.py:914} INFO - Processing file /opt/airflow/dags/load_to_mongodb_dag.py for tasks to queue
[2026-06-07T16:46:46.362+0000] {logging_mixin.py:190} INFO - [2026-06-07T16:46:46.361+0000] {dagbag.py:587} INFO - Filling up the DagBag from /opt/airflow/dags/load_to_mongodb_dag.py
[2026-06-07T16:46:46.394+0000] {logging_mixin.py:190} INFO - [2026-06-07T16:46:46.390+0000] {dagbag.py:386} ERROR - Failed to import: /opt/airflow/dags/load_to_mongodb_dag.py
Traceback (most recent call last):
  File "/home/airflow/.local/lib/python3.12/site-packages/airflow/models/dagbag.py", line 382, in parse
    loader.exec_module(new_module)
  File "<frozen importlib._bootstrap_external>", line 995, in exec_module
  File "<frozen importlib._bootstrap>", line 488, in _call_with_frames_removed
  File "/opt/airflow/dags/load_to_mongodb_dag.py", line 4, in <module>
    from airflow.providers.mongo.hooks.mongo import MongoHook
ModuleNotFoundError: No module named 'airflow.providers.mongo'
[2026-06-07T16:46:46.396+0000] {processor.py:927} WARNING - No viable dags retrieved from /opt/airflow/dags/load_to_mongodb_dag.py
[2026-06-07T16:46:46.425+0000] {processor.py:208} INFO - Processing /opt/airflow/dags/load_to_mongodb_dag.py took 0.080 seconds
[2026-06-07T16:47:10.716+0000] {processor.py:186} INFO - Started process (PID=142) to work on /opt/airflow/dags/load_to_mongodb_dag.py
[2026-06-07T16:47:10.717+0000] {processor.py:914} INFO - Processing file /opt/airflow/dags/load_to_mongodb_dag.py for tasks to queue
[2026-06-07T16:47:10.721+0000] {logging_mixin.py:190} INFO - [2026-06-07T16:47:10.720+0000] {dagbag.py:587} INFO - Filling up the DagBag from /opt/airflow/dags/load_to_mongodb_dag.py
[2026-06-07T16:47:11.282+0000] {logging_mixin.py:190} INFO - [2026-06-07T16:47:11.271+0000] {dagbag.py:386} ERROR - Failed to import: /opt/airflow/dags/load_to_mongodb_dag.py
Traceback (most recent call last):
  File "/home/airflow/.local/lib/python3.12/site-packages/airflow/models/dagbag.py", line 382, in parse
    loader.exec_module(new_module)
  File "<frozen importlib._bootstrap_external>", line 995, in exec_module
  File "<frozen importlib._bootstrap>", line 488, in _call_with_frames_removed
  File "/opt/airflow/dags/load_to_mongodb_dag.py", line 7, in <module>
    from pymongo import MongoClient
ModuleNotFoundError: No module named 'pymongo'
[2026-06-07T16:47:11.285+0000] {processor.py:927} WARNING - No viable dags retrieved from /opt/airflow/dags/load_to_mongodb_dag.py
[2026-06-07T16:47:11.303+0000] {processor.py:208} INFO - Processing /opt/airflow/dags/load_to_mongodb_dag.py took 0.593 seconds
[2026-06-07T16:47:48.675+0000] {processor.py:186} INFO - Started process (PID=51) to work on /opt/airflow/dags/load_to_mongodb_dag.py
[2026-06-07T16:47:48.677+0000] {processor.py:914} INFO - Processing file /opt/airflow/dags/load_to_mongodb_dag.py for tasks to queue
[2026-06-07T16:47:48.680+0000] {logging_mixin.py:190} INFO - [2026-06-07T16:47:48.680+0000] {dagbag.py:587} INFO - Filling up the DagBag from /opt/airflow/dags/load_to_mongodb_dag.py
[2026-06-07T16:47:49.349+0000] {logging_mixin.py:190} INFO - [2026-06-07T16:47:49.342+0000] {dagbag.py:386} ERROR - Failed to import: /opt/airflow/dags/load_to_mongodb_dag.py
Traceback (most recent call last):
  File "/home/airflow/.local/lib/python3.12/site-packages/airflow/models/dagbag.py", line 382, in parse
    loader.exec_module(new_module)
  File "<frozen importlib._bootstrap_external>", line 995, in exec_module
  File "<frozen importlib._bootstrap>", line 488, in _call_with_frames_removed
  File "/opt/airflow/dags/load_to_mongodb_dag.py", line 7, in <module>
    from pymongo import MongoClient
ModuleNotFoundError: No module named 'pymongo'
[2026-06-07T16:47:49.351+0000] {processor.py:927} WARNING - No viable dags retrieved from /opt/airflow/dags/load_to_mongodb_dag.py
[2026-06-07T16:47:49.371+0000] {processor.py:208} INFO - Processing /opt/airflow/dags/load_to_mongodb_dag.py took 0.705 seconds
[2026-06-07T16:48:19.848+0000] {processor.py:186} INFO - Started process (PID=77) to work on /opt/airflow/dags/load_to_mongodb_dag.py
[2026-06-07T16:48:19.849+0000] {processor.py:914} INFO - Processing file /opt/airflow/dags/load_to_mongodb_dag.py for tasks to queue
[2026-06-07T16:48:19.853+0000] {logging_mixin.py:190} INFO - [2026-06-07T16:48:19.852+0000] {dagbag.py:587} INFO - Filling up the DagBag from /opt/airflow/dags/load_to_mongodb_dag.py
[2026-06-07T16:48:20.365+0000] {logging_mixin.py:190} INFO - [2026-06-07T16:48:20.355+0000] {dagbag.py:386} ERROR - Failed to import: /opt/airflow/dags/load_to_mongodb_dag.py
Traceback (most recent call last):
  File "/home/airflow/.local/lib/python3.12/site-packages/airflow/models/dagbag.py", line 382, in parse
    loader.exec_module(new_module)
  File "<frozen importlib._bootstrap_external>", line 995, in exec_module
  File "<frozen importlib._bootstrap>", line 488, in _call_with_frames_removed
  File "/opt/airflow/dags/load_to_mongodb_dag.py", line 7, in <module>
    from pymongo import MongoClient
ModuleNotFoundError: No module named 'pymongo'
[2026-06-07T16:48:20.369+0000] {processor.py:927} WARNING - No viable dags retrieved from /opt/airflow/dags/load_to_mongodb_dag.py
[2026-06-07T16:48:20.389+0000] {processor.py:208} INFO - Processing /opt/airflow/dags/load_to_mongodb_dag.py took 0.548 seconds
[2026-06-07T16:48:51.257+0000] {processor.py:186} INFO - Started process (PID=95) to work on /opt/airflow/dags/load_to_mongodb_dag.py
[2026-06-07T16:48:51.259+0000] {processor.py:914} INFO - Processing file /opt/airflow/dags/load_to_mongodb_dag.py for tasks to queue
[2026-06-07T16:48:51.263+0000] {logging_mixin.py:190} INFO - [2026-06-07T16:48:51.262+0000] {dagbag.py:587} INFO - Filling up the DagBag from /opt/airflow/dags/load_to_mongodb_dag.py
[2026-06-07T16:48:51.787+0000] {logging_mixin.py:190} INFO - [2026-06-07T16:48:51.775+0000] {dagbag.py:386} ERROR - Failed to import: /opt/airflow/dags/load_to_mongodb_dag.py
Traceback (most recent call last):
  File "/home/airflow/.local/lib/python3.12/site-packages/airflow/models/dagbag.py", line 382, in parse
    loader.exec_module(new_module)
  File "<frozen importlib._bootstrap_external>", line 995, in exec_module
  File "<frozen importlib._bootstrap>", line 488, in _call_with_frames_removed
  File "/opt/airflow/dags/load_to_mongodb_dag.py", line 7, in <module>
    from pymongo import MongoClient
ModuleNotFoundError: No module named 'pymongo'
[2026-06-07T16:48:51.790+0000] {processor.py:927} WARNING - No viable dags retrieved from /opt/airflow/dags/load_to_mongodb_dag.py
[2026-06-07T16:48:51.809+0000] {processor.py:208} INFO - Processing /opt/airflow/dags/load_to_mongodb_dag.py took 0.560 seconds
[2026-06-07T16:49:22.651+0000] {processor.py:186} INFO - Started process (PID=99) to work on /opt/airflow/dags/load_to_mongodb_dag.py
[2026-06-07T16:49:22.653+0000] {processor.py:914} INFO - Processing file /opt/airflow/dags/load_to_mongodb_dag.py for tasks to queue
[2026-06-07T16:49:22.656+0000] {logging_mixin.py:190} INFO - [2026-06-07T16:49:22.656+0000] {dagbag.py:587} INFO - Filling up the DagBag from /opt/airflow/dags/load_to_mongodb_dag.py
[2026-06-07T16:49:23.169+0000] {logging_mixin.py:190} INFO - [2026-06-07T16:49:23.159+0000] {dagbag.py:386} ERROR - Failed to import: /opt/airflow/dags/load_to_mongodb_dag.py
Traceback (most recent call last):
  File "/home/airflow/.local/lib/python3.12/site-packages/airflow/models/dagbag.py", line 382, in parse
    loader.exec_module(new_module)
  File "<frozen importlib._bootstrap_external>", line 995, in exec_module
  File "<frozen importlib._bootstrap>", line 488, in _call_with_frames_removed
  File "/opt/airflow/dags/load_to_mongodb_dag.py", line 7, in <module>
    from pymongo import MongoClient
ModuleNotFoundError: No module named 'pymongo'
[2026-06-07T16:49:23.173+0000] {processor.py:927} WARNING - No viable dags retrieved from /opt/airflow/dags/load_to_mongodb_dag.py
[2026-06-07T16:49:23.193+0000] {processor.py:208} INFO - Processing /opt/airflow/dags/load_to_mongodb_dag.py took 0.551 seconds
[2026-06-07T16:49:53.367+0000] {processor.py:186} INFO - Started process (PID=110) to work on /opt/airflow/dags/load_to_mongodb_dag.py
[2026-06-07T16:49:53.371+0000] {processor.py:914} INFO - Processing file /opt/airflow/dags/load_to_mongodb_dag.py for tasks to queue
[2026-06-07T16:49:53.382+0000] {logging_mixin.py:190} INFO - [2026-06-07T16:49:53.381+0000] {dagbag.py:587} INFO - Filling up the DagBag from /opt/airflow/dags/load_to_mongodb_dag.py
[2026-06-07T16:49:53.852+0000] {logging_mixin.py:190} INFO - [2026-06-07T16:49:53.842+0000] {dagbag.py:386} ERROR - Failed to import: /opt/airflow/dags/load_to_mongodb_dag.py
Traceback (most recent call last):
  File "/home/airflow/.local/lib/python3.12/site-packages/airflow/models/dagbag.py", line 382, in parse
    loader.exec_module(new_module)
  File "<frozen importlib._bootstrap_external>", line 995, in exec_module
  File "<frozen importlib._bootstrap>", line 488, in _call_with_frames_removed
  File "/opt/airflow/dags/load_to_mongodb_dag.py", line 7, in <module>
    from pymongo import MongoClient
ModuleNotFoundError: No module named 'pymongo'
[2026-06-07T16:49:53.855+0000] {processor.py:927} WARNING - No viable dags retrieved from /opt/airflow/dags/load_to_mongodb_dag.py
[2026-06-07T16:49:53.874+0000] {processor.py:208} INFO - Processing /opt/airflow/dags/load_to_mongodb_dag.py took 0.527 seconds
[2026-06-07T16:50:24.183+0000] {processor.py:186} INFO - Started process (PID=132) to work on /opt/airflow/dags/load_to_mongodb_dag.py
[2026-06-07T16:50:24.185+0000] {processor.py:914} INFO - Processing file /opt/airflow/dags/load_to_mongodb_dag.py for tasks to queue
[2026-06-07T16:50:24.187+0000] {logging_mixin.py:190} INFO - [2026-06-07T16:50:24.187+0000] {dagbag.py:587} INFO - Filling up the DagBag from /opt/airflow/dags/load_to_mongodb_dag.py
[2026-06-07T16:50:24.718+0000] {processor.py:925} INFO - DAG(s) 'load_to_mongodb_dag' retrieved from /opt/airflow/dags/load_to_mongodb_dag.py
[2026-06-07T16:50:24.820+0000] {logging_mixin.py:190} INFO - [2026-06-07T16:50:24.819+0000] {override.py:1858} INFO - Created Permission View: can delete on DAG:load_to_mongodb_dag
[2026-06-07T16:50:24.836+0000] {logging_mixin.py:190} INFO - [2026-06-07T16:50:24.836+0000] {override.py:1858} INFO - Created Permission View: can read on DAG:load_to_mongodb_dag
[2026-06-07T16:50:24.850+0000] {logging_mixin.py:190} INFO - [2026-06-07T16:50:24.850+0000] {override.py:1858} INFO - Created Permission View: can edit on DAG:load_to_mongodb_dag
[2026-06-07T16:50:24.851+0000] {logging_mixin.py:190} INFO - [2026-06-07T16:50:24.851+0000] {dag.py:3211} INFO - Sync 1 DAGs
[2026-06-07T16:50:24.862+0000] {logging_mixin.py:190} INFO - [2026-06-07T16:50:24.861+0000] {dag.py:3234} INFO - Creating ORM DAG for load_to_mongodb_dag
[2026-06-07T16:50:24.869+0000] {logging_mixin.py:190} INFO - [2026-06-07T16:50:24.869+0000] {dag.py:4138} INFO - Setting next_dagrun for load_to_mongodb_dag to None, run_after=None
[2026-06-07T16:50:24.912+0000] {processor.py:208} INFO - Processing /opt/airflow/dags/load_to_mongodb_dag.py took 0.738 seconds
[2026-06-07T16:50:56.029+0000] {processor.py:186} INFO - Started process (PID=136) to work on /opt/airflow/dags/load_to_mongodb_dag.py
[2026-06-07T16:50:56.031+0000] {processor.py:914} INFO - Processing file /opt/airflow/dags/load_to_mongodb_dag.py for tasks to queue
[2026-06-07T16:50:56.034+0000] {logging_mixin.py:190} INFO - [2026-06-07T16:50:56.034+0000] {dagbag.py:587} INFO - Filling up the DagBag from /opt/airflow/dags/load_to_mongodb_dag.py
[2026-06-07T16:50:56.595+0000] {processor.py:925} INFO - DAG(s) 'load_to_mongodb_dag' retrieved from /opt/airflow/dags/load_to_mongodb_dag.py
[2026-06-07T16:50:56.609+0000] {logging_mixin.py:190} INFO - [2026-06-07T16:50:56.609+0000] {dag.py:3211} INFO - Sync 1 DAGs
[2026-06-07T16:50:56.631+0000] {logging_mixin.py:190} INFO - [2026-06-07T16:50:56.631+0000] {dag.py:4138} INFO - Setting next_dagrun for load_to_mongodb_dag to None, run_after=None
[2026-06-07T16:50:56.656+0000] {processor.py:208} INFO - Processing /opt/airflow/dags/load_to_mongodb_dag.py took 0.637 seconds
[2026-06-07T16:51:26.983+0000] {processor.py:186} INFO - Started process (PID=141) to work on /opt/airflow/dags/load_to_mongodb_dag.py
[2026-06-07T16:51:26.985+0000] {processor.py:914} INFO - Processing file /opt/airflow/dags/load_to_mongodb_dag.py for tasks to queue
[2026-06-07T16:51:26.988+0000] {logging_mixin.py:190} INFO - [2026-06-07T16:51:26.988+0000] {dagbag.py:587} INFO - Filling up the DagBag from /opt/airflow/dags/load_to_mongodb_dag.py
[2026-06-07T16:51:27.511+0000] {processor.py:925} INFO - DAG(s) 'load_to_mongodb_dag' retrieved from /opt/airflow/dags/load_to_mongodb_dag.py
[2026-06-07T16:51:27.526+0000] {logging_mixin.py:190} INFO - [2026-06-07T16:51:27.526+0000] {dag.py:3211} INFO - Sync 1 DAGs
[2026-06-07T16:51:27.543+0000] {logging_mixin.py:190} INFO - [2026-06-07T16:51:27.543+0000] {dag.py:4138} INFO - Setting next_dagrun for load_to_mongodb_dag to None, run_after=None
[2026-06-07T16:51:27.573+0000] {processor.py:208} INFO - Processing /opt/airflow/dags/load_to_mongodb_dag.py took 0.599 seconds
[2026-06-07T16:51:57.961+0000] {processor.py:186} INFO - Started process (PID=145) to work on /opt/airflow/dags/load_to_mongodb_dag.py
[2026-06-07T16:51:57.963+0000] {processor.py:914} INFO - Processing file /opt/airflow/dags/load_to_mongodb_dag.py for tasks to queue
[2026-06-07T16:51:57.967+0000] {logging_mixin.py:190} INFO - [2026-06-07T16:51:57.966+0000] {dagbag.py:587} INFO - Filling up the DagBag from /opt/airflow/dags/load_to_mongodb_dag.py
[2026-06-07T16:51:58.552+0000] {processor.py:925} INFO - DAG(s) 'load_to_mongodb_dag' retrieved from /opt/airflow/dags/load_to_mongodb_dag.py
[2026-06-07T16:51:58.570+0000] {logging_mixin.py:190} INFO - [2026-06-07T16:51:58.569+0000] {dag.py:3211} INFO - Sync 1 DAGs
[2026-06-07T16:51:58.589+0000] {logging_mixin.py:190} INFO - [2026-06-07T16:51:58.589+0000] {dag.py:4138} INFO - Setting next_dagrun for load_to_mongodb_dag to None, run_after=None
[2026-06-07T16:51:58.618+0000] {processor.py:208} INFO - Processing /opt/airflow/dags/load_to_mongodb_dag.py took 0.666 seconds
[2026-06-07T16:52:28.962+0000] {processor.py:186} INFO - Started process (PID=149) to work on /opt/airflow/dags/load_to_mongodb_dag.py
[2026-06-07T16:52:28.964+0000] {processor.py:914} INFO - Processing file /opt/airflow/dags/load_to_mongodb_dag.py for tasks to queue
[2026-06-07T16:52:28.968+0000] {logging_mixin.py:190} INFO - [2026-06-07T16:52:28.967+0000] {dagbag.py:587} INFO - Filling up the DagBag from /opt/airflow/dags/load_to_mongodb_dag.py
[2026-06-07T16:52:29.522+0000] {processor.py:925} INFO - DAG(s) 'load_to_mongodb_dag' retrieved from /opt/airflow/dags/load_to_mongodb_dag.py
[2026-06-07T16:52:29.538+0000] {logging_mixin.py:190} INFO - [2026-06-07T16:52:29.537+0000] {dag.py:3211} INFO - Sync 1 DAGs
[2026-06-07T16:52:29.555+0000] {logging_mixin.py:190} INFO - [2026-06-07T16:52:29.555+0000] {dag.py:4138} INFO - Setting next_dagrun for load_to_mongodb_dag to None, run_after=None
[2026-06-07T16:52:29.585+0000] {processor.py:208} INFO - Processing /opt/airflow/dags/load_to_mongodb_dag.py took 0.634 seconds
[2026-06-07T16:52:42.737+0000] {processor.py:186} INFO - Started process (PID=51) to work on /opt/airflow/dags/load_to_mongodb_dag.py
[2026-06-07T16:52:42.739+0000] {processor.py:914} INFO - Processing file /opt/airflow/dags/load_to_mongodb_dag.py for tasks to queue
[2026-06-07T16:52:42.743+0000] {logging_mixin.py:190} INFO - [2026-06-07T16:52:42.742+0000] {dagbag.py:587} INFO - Filling up the DagBag from /opt/airflow/dags/load_to_mongodb_dag.py
[2026-06-07T16:52:43.403+0000] {processor.py:925} INFO - DAG(s) 'load_to_mongodb_dag' retrieved from /opt/airflow/dags/load_to_mongodb_dag.py
[2026-06-07T16:52:43.420+0000] {logging_mixin.py:190} INFO - [2026-06-07T16:52:43.419+0000] {dag.py:3211} INFO - Sync 1 DAGs
[2026-06-07T16:52:43.443+0000] {logging_mixin.py:190} INFO - [2026-06-07T16:52:43.443+0000] {dag.py:4138} INFO - Setting next_dagrun for load_to_mongodb_dag to None, run_after=None
[2026-06-07T16:52:43.476+0000] {processor.py:208} INFO - Processing /opt/airflow/dags/load_to_mongodb_dag.py took 0.749 seconds
[2026-06-07T16:53:13.904+0000] {processor.py:186} INFO - Started process (PID=78) to work on /opt/airflow/dags/load_to_mongodb_dag.py
[2026-06-07T16:53:13.906+0000] {processor.py:914} INFO - Processing file /opt/airflow/dags/load_to_mongodb_dag.py for tasks to queue
[2026-06-07T16:53:13.909+0000] {logging_mixin.py:190} INFO - [2026-06-07T16:53:13.909+0000] {dagbag.py:587} INFO - Filling up the DagBag from /opt/airflow/dags/load_to_mongodb_dag.py
[2026-06-07T16:53:14.523+0000] {processor.py:925} INFO - DAG(s) 'load_to_mongodb_dag' retrieved from /opt/airflow/dags/load_to_mongodb_dag.py
[2026-06-07T16:53:14.538+0000] {logging_mixin.py:190} INFO - [2026-06-07T16:53:14.537+0000] {dag.py:3211} INFO - Sync 1 DAGs
[2026-06-07T16:53:14.554+0000] {logging_mixin.py:190} INFO - [2026-06-07T16:53:14.554+0000] {dag.py:4138} INFO - Setting next_dagrun for load_to_mongodb_dag to None, run_after=None
[2026-06-07T16:53:14.581+0000] {processor.py:208} INFO - Processing /opt/airflow/dags/load_to_mongodb_dag.py took 0.684 seconds
[2026-06-07T16:53:45.317+0000] {processor.py:186} INFO - Started process (PID=96) to work on /opt/airflow/dags/load_to_mongodb_dag.py
[2026-06-07T16:53:45.318+0000] {processor.py:914} INFO - Processing file /opt/airflow/dags/load_to_mongodb_dag.py for tasks to queue
[2026-06-07T16:53:45.321+0000] {logging_mixin.py:190} INFO - [2026-06-07T16:53:45.320+0000] {dagbag.py:587} INFO - Filling up the DagBag from /opt/airflow/dags/load_to_mongodb_dag.py
[2026-06-07T16:53:45.924+0000] {processor.py:925} INFO - DAG(s) 'load_to_mongodb_dag' retrieved from /opt/airflow/dags/load_to_mongodb_dag.py
[2026-06-07T16:53:45.941+0000] {logging_mixin.py:190} INFO - [2026-06-07T16:53:45.940+0000] {dag.py:3211} INFO - Sync 1 DAGs
[2026-06-07T16:53:45.959+0000] {logging_mixin.py:190} INFO - [2026-06-07T16:53:45.959+0000] {dag.py:4138} INFO - Setting next_dagrun for load_to_mongodb_dag to None, run_after=None
[2026-06-07T16:53:45.990+0000] {processor.py:208} INFO - Processing /opt/airflow/dags/load_to_mongodb_dag.py took 0.679 seconds
[2026-06-07T16:54:16.737+0000] {processor.py:186} INFO - Started process (PID=100) to work on /opt/airflow/dags/load_to_mongodb_dag.py
[2026-06-07T16:54:16.739+0000] {processor.py:914} INFO - Processing file /opt/airflow/dags/load_to_mongodb_dag.py for tasks to queue
[2026-06-07T16:54:16.741+0000] {logging_mixin.py:190} INFO - [2026-06-07T16:54:16.741+0000] {dagbag.py:587} INFO - Filling up the DagBag from /opt/airflow/dags/load_to_mongodb_dag.py
[2026-06-07T16:54:17.338+0000] {processor.py:925} INFO - DAG(s) 'load_to_mongodb_dag' retrieved from /opt/airflow/dags/load_to_mongodb_dag.py
[2026-06-07T16:54:17.354+0000] {logging_mixin.py:190} INFO - [2026-06-07T16:54:17.354+0000] {dag.py:3211} INFO - Sync 1 DAGs
[2026-06-07T16:54:17.370+0000] {logging_mixin.py:190} INFO - [2026-06-07T16:54:17.370+0000] {dag.py:4138} INFO - Setting next_dagrun for load_to_mongodb_dag to None, run_after=None
[2026-06-07T16:54:17.404+0000] {processor.py:208} INFO - Processing /opt/airflow/dags/load_to_mongodb_dag.py took 0.673 seconds
[2026-06-07T16:54:47.532+0000] {processor.py:186} INFO - Started process (PID=104) to work on /opt/airflow/dags/load_to_mongodb_dag.py
[2026-06-07T16:54:47.534+0000] {processor.py:914} INFO - Processing file /opt/airflow/dags/load_to_mongodb_dag.py for tasks to queue
[2026-06-07T16:54:47.538+0000] {logging_mixin.py:190} INFO - [2026-06-07T16:54:47.537+0000] {dagbag.py:587} INFO - Filling up the DagBag from /opt/airflow/dags/load_to_mongodb_dag.py
[2026-06-07T16:54:48.151+0000] {processor.py:925} INFO - DAG(s) 'load_to_mongodb_dag' retrieved from /opt/airflow/dags/load_to_mongodb_dag.py
[2026-06-07T16:54:48.168+0000] {logging_mixin.py:190} INFO - [2026-06-07T16:54:48.168+0000] {dag.py:3211} INFO - Sync 1 DAGs
[2026-06-07T16:54:48.187+0000] {logging_mixin.py:190} INFO - [2026-06-07T16:54:48.187+0000] {dag.py:4138} INFO - Setting next_dagrun for load_to_mongodb_dag to None, run_after=None
[2026-06-07T16:54:48.223+0000] {processor.py:208} INFO - Processing /opt/airflow/dags/load_to_mongodb_dag.py took 0.698 seconds
[2026-06-07T16:55:18.458+0000] {processor.py:186} INFO - Started process (PID=108) to work on /opt/airflow/dags/load_to_mongodb_dag.py
[2026-06-07T16:55:18.459+0000] {processor.py:914} INFO - Processing file /opt/airflow/dags/load_to_mongodb_dag.py for tasks to queue
[2026-06-07T16:55:18.463+0000] {logging_mixin.py:190} INFO - [2026-06-07T16:55:18.462+0000] {dagbag.py:587} INFO - Filling up the DagBag from /opt/airflow/dags/load_to_mongodb_dag.py
[2026-06-07T16:55:19.127+0000] {processor.py:925} INFO - DAG(s) 'load_to_mongodb_dag' retrieved from /opt/airflow/dags/load_to_mongodb_dag.py
[2026-06-07T16:55:19.146+0000] {logging_mixin.py:190} INFO - [2026-06-07T16:55:19.145+0000] {dag.py:3211} INFO - Sync 1 DAGs
[2026-06-07T16:55:19.162+0000] {logging_mixin.py:190} INFO - [2026-06-07T16:55:19.162+0000] {dag.py:4138} INFO - Setting next_dagrun for load_to_mongodb_dag to None, run_after=None
[2026-06-07T16:55:19.190+0000] {processor.py:208} INFO - Processing /opt/airflow/dags/load_to_mongodb_dag.py took 0.740 seconds
[2026-06-07T16:55:49.365+0000] {processor.py:186} INFO - Started process (PID=112) to work on /opt/airflow/dags/load_to_mongodb_dag.py
[2026-06-07T16:55:49.367+0000] {processor.py:914} INFO - Processing file /opt/airflow/dags/load_to_mongodb_dag.py for tasks to queue
[2026-06-07T16:55:49.370+0000] {logging_mixin.py:190} INFO - [2026-06-07T16:55:49.370+0000] {dagbag.py:587} INFO - Filling up the DagBag from /opt/airflow/dags/load_to_mongodb_dag.py
[2026-06-07T16:55:49.934+0000] {processor.py:925} INFO - DAG(s) 'load_to_mongodb_dag' retrieved from /opt/airflow/dags/load_to_mongodb_dag.py
[2026-06-07T16:55:49.950+0000] {logging_mixin.py:190} INFO - [2026-06-07T16:55:49.950+0000] {dag.py:3211} INFO - Sync 1 DAGs
[2026-06-07T16:55:49.968+0000] {logging_mixin.py:190} INFO - [2026-06-07T16:55:49.968+0000] {dag.py:4138} INFO - Setting next_dagrun for load_to_mongodb_dag to None, run_after=None
[2026-06-07T16:55:49.999+0000] {processor.py:208} INFO - Processing /opt/airflow/dags/load_to_mongodb_dag.py took 0.645 seconds
[2026-06-07T16:56:20.287+0000] {processor.py:186} INFO - Started process (PID=116) to work on /opt/airflow/dags/load_to_mongodb_dag.py
[2026-06-07T16:56:20.289+0000] {processor.py:914} INFO - Processing file /opt/airflow/dags/load_to_mongodb_dag.py for tasks to queue
[2026-06-07T16:56:20.292+0000] {logging_mixin.py:190} INFO - [2026-06-07T16:56:20.291+0000] {dagbag.py:587} INFO - Filling up the DagBag from /opt/airflow/dags/load_to_mongodb_dag.py
[2026-06-07T16:56:20.818+0000] {processor.py:925} INFO - DAG(s) 'load_to_mongodb_dag' retrieved from /opt/airflow/dags/load_to_mongodb_dag.py
[2026-06-07T16:56:20.835+0000] {logging_mixin.py:190} INFO - [2026-06-07T16:56:20.834+0000] {dag.py:3211} INFO - Sync 1 DAGs
[2026-06-07T16:56:20.853+0000] {logging_mixin.py:190} INFO - [2026-06-07T16:56:20.852+0000] {dag.py:4138} INFO - Setting next_dagrun for load_to_mongodb_dag to None, run_after=None
[2026-06-07T16:56:20.880+0000] {processor.py:208} INFO - Processing /opt/airflow/dags/load_to_mongodb_dag.py took 0.599 seconds
[2026-06-07T16:56:51.215+0000] {processor.py:186} INFO - Started process (PID=120) to work on /opt/airflow/dags/load_to_mongodb_dag.py
[2026-06-07T16:56:51.217+0000] {processor.py:914} INFO - Processing file /opt/airflow/dags/load_to_mongodb_dag.py for tasks to queue
[2026-06-07T16:56:51.221+0000] {logging_mixin.py:190} INFO - [2026-06-07T16:56:51.220+0000] {dagbag.py:587} INFO - Filling up the DagBag from /opt/airflow/dags/load_to_mongodb_dag.py
[2026-06-07T16:56:51.816+0000] {processor.py:925} INFO - DAG(s) 'load_to_mongodb_dag' retrieved from /opt/airflow/dags/load_to_mongodb_dag.py
[2026-06-07T16:56:51.833+0000] {logging_mixin.py:190} INFO - [2026-06-07T16:56:51.832+0000] {dag.py:3211} INFO - Sync 1 DAGs
[2026-06-07T16:56:51.851+0000] {logging_mixin.py:190} INFO - [2026-06-07T16:56:51.851+0000] {dag.py:4138} INFO - Setting next_dagrun for load_to_mongodb_dag to None, run_after=None
[2026-06-07T16:56:51.881+0000] {processor.py:208} INFO - Processing /opt/airflow/dags/load_to_mongodb_dag.py took 0.676 seconds
[2026-06-07T16:57:05.704+0000] {processor.py:186} INFO - Started process (PID=51) to work on /opt/airflow/dags/load_to_mongodb_dag.py
[2026-06-07T16:57:05.706+0000] {processor.py:914} INFO - Processing file /opt/airflow/dags/load_to_mongodb_dag.py for tasks to queue
[2026-06-07T16:57:05.710+0000] {logging_mixin.py:190} INFO - [2026-06-07T16:57:05.709+0000] {dagbag.py:587} INFO - Filling up the DagBag from /opt/airflow/dags/load_to_mongodb_dag.py
[2026-06-07T16:57:06.409+0000] {processor.py:925} INFO - DAG(s) 'load_to_mongodb_dag' retrieved from /opt/airflow/dags/load_to_mongodb_dag.py
[2026-06-07T16:57:06.427+0000] {logging_mixin.py:190} INFO - [2026-06-07T16:57:06.426+0000] {dag.py:3211} INFO - Sync 1 DAGs
[2026-06-07T16:57:06.447+0000] {logging_mixin.py:190} INFO - [2026-06-07T16:57:06.447+0000] {dag.py:4138} INFO - Setting next_dagrun for load_to_mongodb_dag to None, run_after=None
[2026-06-07T16:57:06.481+0000] {processor.py:208} INFO - Processing /opt/airflow/dags/load_to_mongodb_dag.py took 0.785 seconds
[2026-06-07T16:57:36.838+0000] {processor.py:186} INFO - Started process (PID=63) to work on /opt/airflow/dags/load_to_mongodb_dag.py
[2026-06-07T16:57:36.840+0000] {processor.py:914} INFO - Processing file /opt/airflow/dags/load_to_mongodb_dag.py for tasks to queue
[2026-06-07T16:57:36.843+0000] {logging_mixin.py:190} INFO - [2026-06-07T16:57:36.843+0000] {dagbag.py:587} INFO - Filling up the DagBag from /opt/airflow/dags/load_to_mongodb_dag.py
[2026-06-07T16:57:37.410+0000] {processor.py:925} INFO - DAG(s) 'load_to_mongodb_dag' retrieved from /opt/airflow/dags/load_to_mongodb_dag.py
[2026-06-07T16:57:37.425+0000] {logging_mixin.py:190} INFO - [2026-06-07T16:57:37.425+0000] {dag.py:3211} INFO - Sync 1 DAGs
[2026-06-07T16:57:37.442+0000] {logging_mixin.py:190} INFO - [2026-06-07T16:57:37.441+0000] {dag.py:4138} INFO - Setting next_dagrun for load_to_mongodb_dag to None, run_after=None
[2026-06-07T16:57:37.471+0000] {processor.py:208} INFO - Processing /opt/airflow/dags/load_to_mongodb_dag.py took 0.640 seconds
[2026-06-07T16:58:08.281+0000] {processor.py:186} INFO - Started process (PID=67) to work on /opt/airflow/dags/load_to_mongodb_dag.py
[2026-06-07T16:58:08.283+0000] {processor.py:914} INFO - Processing file /opt/airflow/dags/load_to_mongodb_dag.py for tasks to queue
[2026-06-07T16:58:08.290+0000] {logging_mixin.py:190} INFO - [2026-06-07T16:58:08.289+0000] {dagbag.py:587} INFO - Filling up the DagBag from /opt/airflow/dags/load_to_mongodb_dag.py
[2026-06-07T16:58:09.008+0000] {processor.py:925} INFO - DAG(s) 'load_to_mongodb_dag' retrieved from /opt/airflow/dags/load_to_mongodb_dag.py
[2026-06-07T16:58:09.025+0000] {logging_mixin.py:190} INFO - [2026-06-07T16:58:09.025+0000] {dag.py:3211} INFO - Sync 1 DAGs
[2026-06-07T16:58:09.044+0000] {logging_mixin.py:190} INFO - [2026-06-07T16:58:09.044+0000] {dag.py:4138} INFO - Setting next_dagrun for load_to_mongodb_dag to None, run_after=None
[2026-06-07T16:58:09.077+0000] {processor.py:208} INFO - Processing /opt/airflow/dags/load_to_mongodb_dag.py took 0.806 seconds
[2026-06-07T16:58:39.670+0000] {processor.py:186} INFO - Started process (PID=71) to work on /opt/airflow/dags/load_to_mongodb_dag.py
[2026-06-07T16:58:39.672+0000] {processor.py:914} INFO - Processing file /opt/airflow/dags/load_to_mongodb_dag.py for tasks to queue
[2026-06-07T16:58:39.675+0000] {logging_mixin.py:190} INFO - [2026-06-07T16:58:39.675+0000] {dagbag.py:587} INFO - Filling up the DagBag from /opt/airflow/dags/load_to_mongodb_dag.py
[2026-06-07T16:58:40.218+0000] {processor.py:925} INFO - DAG(s) 'load_to_mongodb_dag' retrieved from /opt/airflow/dags/load_to_mongodb_dag.py
[2026-06-07T16:58:40.234+0000] {logging_mixin.py:190} INFO - [2026-06-07T16:58:40.234+0000] {dag.py:3211} INFO - Sync 1 DAGs
[2026-06-07T16:58:40.250+0000] {logging_mixin.py:190} INFO - [2026-06-07T16:58:40.250+0000] {dag.py:4138} INFO - Setting next_dagrun for load_to_mongodb_dag to None, run_after=None
[2026-06-07T16:58:40.277+0000] {processor.py:208} INFO - Processing /opt/airflow/dags/load_to_mongodb_dag.py took 0.615 seconds
[2026-06-07T16:59:10.561+0000] {processor.py:186} INFO - Started process (PID=75) to work on /opt/airflow/dags/load_to_mongodb_dag.py
[2026-06-07T16:59:10.562+0000] {processor.py:914} INFO - Processing file /opt/airflow/dags/load_to_mongodb_dag.py for tasks to queue
[2026-06-07T16:59:10.566+0000] {logging_mixin.py:190} INFO - [2026-06-07T16:59:10.565+0000] {dagbag.py:587} INFO - Filling up the DagBag from /opt/airflow/dags/load_to_mongodb_dag.py
[2026-06-07T16:59:11.089+0000] {processor.py:925} INFO - DAG(s) 'load_to_mongodb_dag' retrieved from /opt/airflow/dags/load_to_mongodb_dag.py
[2026-06-07T16:59:11.103+0000] {logging_mixin.py:190} INFO - [2026-06-07T16:59:11.103+0000] {dag.py:3211} INFO - Sync 1 DAGs
[2026-06-07T16:59:11.118+0000] {logging_mixin.py:190} INFO - [2026-06-07T16:59:11.118+0000] {dag.py:4138} INFO - Setting next_dagrun for load_to_mongodb_dag to None, run_after=None
[2026-06-07T16:59:11.146+0000] {processor.py:208} INFO - Processing /opt/airflow/dags/load_to_mongodb_dag.py took 0.591 seconds
[2026-06-07T16:59:41.363+0000] {processor.py:186} INFO - Started process (PID=79) to work on /opt/airflow/dags/load_to_mongodb_dag.py
[2026-06-07T16:59:41.364+0000] {processor.py:914} INFO - Processing file /opt/airflow/dags/load_to_mongodb_dag.py for tasks to queue
[2026-06-07T16:59:41.368+0000] {logging_mixin.py:190} INFO - [2026-06-07T16:59:41.367+0000] {dagbag.py:587} INFO - Filling up the DagBag from /opt/airflow/dags/load_to_mongodb_dag.py
[2026-06-07T16:59:41.879+0000] {processor.py:925} INFO - DAG(s) 'load_to_mongodb_dag' retrieved from /opt/airflow/dags/load_to_mongodb_dag.py
[2026-06-07T16:59:41.896+0000] {logging_mixin.py:190} INFO - [2026-06-07T16:59:41.896+0000] {dag.py:3211} INFO - Sync 1 DAGs
[2026-06-07T16:59:41.913+0000] {logging_mixin.py:190} INFO - [2026-06-07T16:59:41.913+0000] {dag.py:4138} INFO - Setting next_dagrun for load_to_mongodb_dag to None, run_after=None
[2026-06-07T16:59:41.944+0000] {processor.py:208} INFO - Processing /opt/airflow/dags/load_to_mongodb_dag.py took 0.588 seconds
[2026-06-07T17:00:12.150+0000] {processor.py:186} INFO - Started process (PID=83) to work on /opt/airflow/dags/load_to_mongodb_dag.py
[2026-06-07T17:00:12.151+0000] {processor.py:914} INFO - Processing file /opt/airflow/dags/load_to_mongodb_dag.py for tasks to queue
[2026-06-07T17:00:12.155+0000] {logging_mixin.py:190} INFO - [2026-06-07T17:00:12.154+0000] {dagbag.py:587} INFO - Filling up the DagBag from /opt/airflow/dags/load_to_mongodb_dag.py
[2026-06-07T17:00:12.758+0000] {processor.py:925} INFO - DAG(s) 'load_to_mongodb_dag' retrieved from /opt/airflow/dags/load_to_mongodb_dag.py
[2026-06-07T17:00:12.776+0000] {logging_mixin.py:190} INFO - [2026-06-07T17:00:12.776+0000] {dag.py:3211} INFO - Sync 1 DAGs
[2026-06-07T17:00:12.800+0000] {logging_mixin.py:190} INFO - [2026-06-07T17:00:12.799+0000] {dag.py:4138} INFO - Setting next_dagrun for load_to_mongodb_dag to None, run_after=None
[2026-06-07T17:00:12.833+0000] {processor.py:208} INFO - Processing /opt/airflow/dags/load_to_mongodb_dag.py took 0.689 seconds
[2026-06-07T17:00:43.143+0000] {processor.py:186} INFO - Started process (PID=87) to work on /opt/airflow/dags/load_to_mongodb_dag.py
[2026-06-07T17:00:43.145+0000] {processor.py:914} INFO - Processing file /opt/airflow/dags/load_to_mongodb_dag.py for tasks to queue
[2026-06-07T17:00:43.148+0000] {logging_mixin.py:190} INFO - [2026-06-07T17:00:43.148+0000] {dagbag.py:587} INFO - Filling up the DagBag from /opt/airflow/dags/load_to_mongodb_dag.py
[2026-06-07T17:00:43.810+0000] {processor.py:925} INFO - DAG(s) 'load_to_mongodb_dag' retrieved from /opt/airflow/dags/load_to_mongodb_dag.py
[2026-06-07T17:00:43.825+0000] {logging_mixin.py:190} INFO - [2026-06-07T17:00:43.825+0000] {dag.py:3211} INFO - Sync 1 DAGs
[2026-06-07T17:00:43.843+0000] {logging_mixin.py:190} INFO - [2026-06-07T17:00:43.843+0000] {dag.py:4138} INFO - Setting next_dagrun for load_to_mongodb_dag to None, run_after=None
[2026-06-07T17:00:43.871+0000] {processor.py:208} INFO - Processing /opt/airflow/dags/load_to_mongodb_dag.py took 0.734 seconds
[2026-06-07T17:01:14.151+0000] {processor.py:186} INFO - Started process (PID=91) to work on /opt/airflow/dags/load_to_mongodb_dag.py
[2026-06-07T17:01:14.152+0000] {processor.py:914} INFO - Processing file /opt/airflow/dags/load_to_mongodb_dag.py for tasks to queue
[2026-06-07T17:01:14.158+0000] {logging_mixin.py:190} INFO - [2026-06-07T17:01:14.157+0000] {dagbag.py:587} INFO - Filling up the DagBag from /opt/airflow/dags/load_to_mongodb_dag.py
[2026-06-07T17:01:14.701+0000] {processor.py:925} INFO - DAG(s) 'load_to_mongodb_dag' retrieved from /opt/airflow/dags/load_to_mongodb_dag.py
[2026-06-07T17:01:14.719+0000] {logging_mixin.py:190} INFO - [2026-06-07T17:01:14.719+0000] {dag.py:3211} INFO - Sync 1 DAGs
[2026-06-07T17:01:14.736+0000] {logging_mixin.py:190} INFO - [2026-06-07T17:01:14.736+0000] {dag.py:4138} INFO - Setting next_dagrun for load_to_mongodb_dag to None, run_after=None
[2026-06-07T17:01:14.767+0000] {processor.py:208} INFO - Processing /opt/airflow/dags/load_to_mongodb_dag.py took 0.623 seconds
[2026-06-07T17:01:41.060+0000] {processor.py:186} INFO - Started process (PID=95) to work on /opt/airflow/dags/load_to_mongodb_dag.py
[2026-06-07T17:01:41.062+0000] {processor.py:914} INFO - Processing file /opt/airflow/dags/load_to_mongodb_dag.py for tasks to queue
[2026-06-07T17:01:41.067+0000] {logging_mixin.py:190} INFO - [2026-06-07T17:01:41.066+0000] {dagbag.py:587} INFO - Filling up the DagBag from /opt/airflow/dags/load_to_mongodb_dag.py
[2026-06-07T17:01:41.719+0000] {processor.py:925} INFO - DAG(s) 'load_to_mongodb_dag' retrieved from /opt/airflow/dags/load_to_mongodb_dag.py
[2026-06-07T17:01:41.736+0000] {logging_mixin.py:190} INFO - [2026-06-07T17:01:41.736+0000] {dag.py:3211} INFO - Sync 1 DAGs
[2026-06-07T17:01:41.756+0000] {logging_mixin.py:190} INFO - [2026-06-07T17:01:41.756+0000] {dag.py:4138} INFO - Setting next_dagrun for load_to_mongodb_dag to None, run_after=None
[2026-06-07T17:01:41.789+0000] {processor.py:208} INFO - Processing /opt/airflow/dags/load_to_mongodb_dag.py took 0.738 seconds
[2026-06-07T17:02:12.019+0000] {processor.py:186} INFO - Started process (PID=99) to work on /opt/airflow/dags/load_to_mongodb_dag.py
[2026-06-07T17:02:12.020+0000] {processor.py:914} INFO - Processing file /opt/airflow/dags/load_to_mongodb_dag.py for tasks to queue
[2026-06-07T17:02:12.023+0000] {logging_mixin.py:190} INFO - [2026-06-07T17:02:12.022+0000] {dagbag.py:587} INFO - Filling up the DagBag from /opt/airflow/dags/load_to_mongodb_dag.py
[2026-06-07T17:02:12.535+0000] {processor.py:925} INFO - DAG(s) 'load_to_mongodb_dag' retrieved from /opt/airflow/dags/load_to_mongodb_dag.py
[2026-06-07T17:02:12.550+0000] {logging_mixin.py:190} INFO - [2026-06-07T17:02:12.550+0000] {dag.py:3211} INFO - Sync 1 DAGs
[2026-06-07T17:02:12.566+0000] {logging_mixin.py:190} INFO - [2026-06-07T17:02:12.566+0000] {dag.py:4138} INFO - Setting next_dagrun for load_to_mongodb_dag to None, run_after=None
[2026-06-07T17:02:12.596+0000] {processor.py:208} INFO - Processing /opt/airflow/dags/load_to_mongodb_dag.py took 0.583 seconds
[2026-06-07T17:02:42.847+0000] {processor.py:186} INFO - Started process (PID=103) to work on /opt/airflow/dags/load_to_mongodb_dag.py
[2026-06-07T17:02:42.849+0000] {processor.py:914} INFO - Processing file /opt/airflow/dags/load_to_mongodb_dag.py for tasks to queue
[2026-06-07T17:02:42.855+0000] {logging_mixin.py:190} INFO - [2026-06-07T17:02:42.854+0000] {dagbag.py:587} INFO - Filling up the DagBag from /opt/airflow/dags/load_to_mongodb_dag.py
[2026-06-07T17:02:43.523+0000] {processor.py:925} INFO - DAG(s) 'load_to_mongodb_dag' retrieved from /opt/airflow/dags/load_to_mongodb_dag.py
[2026-06-07T17:02:43.541+0000] {logging_mixin.py:190} INFO - [2026-06-07T17:02:43.541+0000] {dag.py:3211} INFO - Sync 1 DAGs
[2026-06-07T17:02:43.561+0000] {logging_mixin.py:190} INFO - [2026-06-07T17:02:43.561+0000] {dag.py:4138} INFO - Setting next_dagrun for load_to_mongodb_dag to None, run_after=None
[2026-06-07T17:02:43.595+0000] {processor.py:208} INFO - Processing /opt/airflow/dags/load_to_mongodb_dag.py took 0.755 seconds
[2026-06-07T17:03:10.654+0000] {processor.py:186} INFO - Started process (PID=51) to work on /opt/airflow/dags/load_to_mongodb_dag.py
[2026-06-07T17:03:10.656+0000] {processor.py:914} INFO - Processing file /opt/airflow/dags/load_to_mongodb_dag.py for tasks to queue
[2026-06-07T17:03:10.660+0000] {logging_mixin.py:190} INFO - [2026-06-07T17:03:10.659+0000] {dagbag.py:587} INFO - Filling up the DagBag from /opt/airflow/dags/load_to_mongodb_dag.py
[2026-06-07T17:03:11.245+0000] {processor.py:925} INFO - DAG(s) 'load_to_mongodb_dag' retrieved from /opt/airflow/dags/load_to_mongodb_dag.py
[2026-06-07T17:03:11.267+0000] {logging_mixin.py:190} INFO - [2026-06-07T17:03:11.266+0000] {dag.py:3211} INFO - Sync 1 DAGs
[2026-06-07T17:03:11.285+0000] {logging_mixin.py:190} INFO - [2026-06-07T17:03:11.285+0000] {dag.py:4138} INFO - Setting next_dagrun for load_to_mongodb_dag to None, run_after=None
[2026-06-07T17:03:11.315+0000] {processor.py:208} INFO - Processing /opt/airflow/dags/load_to_mongodb_dag.py took 0.668 seconds
[2026-06-07T17:03:41.816+0000] {processor.py:186} INFO - Started process (PID=63) to work on /opt/airflow/dags/load_to_mongodb_dag.py
[2026-06-07T17:03:41.817+0000] {processor.py:914} INFO - Processing file /opt/airflow/dags/load_to_mongodb_dag.py for tasks to queue
[2026-06-07T17:03:41.821+0000] {logging_mixin.py:190} INFO - [2026-06-07T17:03:41.820+0000] {dagbag.py:587} INFO - Filling up the DagBag from /opt/airflow/dags/load_to_mongodb_dag.py
[2026-06-07T17:03:42.361+0000] {processor.py:925} INFO - DAG(s) 'load_to_mongodb_dag' retrieved from /opt/airflow/dags/load_to_mongodb_dag.py
[2026-06-07T17:03:42.378+0000] {logging_mixin.py:190} INFO - [2026-06-07T17:03:42.377+0000] {dag.py:3211} INFO - Sync 1 DAGs
[2026-06-07T17:03:42.394+0000] {logging_mixin.py:190} INFO - [2026-06-07T17:03:42.394+0000] {dag.py:4138} INFO - Setting next_dagrun for load_to_mongodb_dag to None, run_after=None
[2026-06-07T17:03:42.426+0000] {processor.py:208} INFO - Processing /opt/airflow/dags/load_to_mongodb_dag.py took 0.617 seconds
[2026-06-07T17:04:13.184+0000] {processor.py:186} INFO - Started process (PID=67) to work on /opt/airflow/dags/load_to_mongodb_dag.py
[2026-06-07T17:04:13.186+0000] {processor.py:914} INFO - Processing file /opt/airflow/dags/load_to_mongodb_dag.py for tasks to queue
[2026-06-07T17:04:13.188+0000] {logging_mixin.py:190} INFO - [2026-06-07T17:04:13.188+0000] {dagbag.py:587} INFO - Filling up the DagBag from /opt/airflow/dags/load_to_mongodb_dag.py
[2026-06-07T17:04:13.696+0000] {processor.py:925} INFO - DAG(s) 'load_to_mongodb_dag' retrieved from /opt/airflow/dags/load_to_mongodb_dag.py
[2026-06-07T17:04:13.711+0000] {logging_mixin.py:190} INFO - [2026-06-07T17:04:13.711+0000] {dag.py:3211} INFO - Sync 1 DAGs
[2026-06-07T17:04:13.729+0000] {logging_mixin.py:190} INFO - [2026-06-07T17:04:13.729+0000] {dag.py:4138} INFO - Setting next_dagrun for load_to_mongodb_dag to None, run_after=None
[2026-06-07T17:04:13.757+0000] {processor.py:208} INFO - Processing /opt/airflow/dags/load_to_mongodb_dag.py took 0.579 seconds
[2026-06-07T17:04:44.562+0000] {processor.py:186} INFO - Started process (PID=71) to work on /opt/airflow/dags/load_to_mongodb_dag.py
[2026-06-07T17:04:44.563+0000] {processor.py:914} INFO - Processing file /opt/airflow/dags/load_to_mongodb_dag.py for tasks to queue
[2026-06-07T17:04:44.567+0000] {logging_mixin.py:190} INFO - [2026-06-07T17:04:44.567+0000] {dagbag.py:587} INFO - Filling up the DagBag from /opt/airflow/dags/load_to_mongodb_dag.py
[2026-06-07T17:04:45.079+0000] {processor.py:925} INFO - DAG(s) 'load_to_mongodb_dag' retrieved from /opt/airflow/dags/load_to_mongodb_dag.py
[2026-06-07T17:04:45.094+0000] {logging_mixin.py:190} INFO - [2026-06-07T17:04:45.094+0000] {dag.py:3211} INFO - Sync 1 DAGs
[2026-06-07T17:04:45.111+0000] {logging_mixin.py:190} INFO - [2026-06-07T17:04:45.111+0000] {dag.py:4138} INFO - Setting next_dagrun for load_to_mongodb_dag to None, run_after=None
[2026-06-07T17:04:45.139+0000] {processor.py:208} INFO - Processing /opt/airflow/dags/load_to_mongodb_dag.py took 0.585 seconds
[2026-06-07T17:05:15.280+0000] {processor.py:186} INFO - Started process (PID=75) to work on /opt/airflow/dags/load_to_mongodb_dag.py
[2026-06-07T17:05:15.282+0000] {processor.py:914} INFO - Processing file /opt/airflow/dags/load_to_mongodb_dag.py for tasks to queue
[2026-06-07T17:05:15.285+0000] {logging_mixin.py:190} INFO - [2026-06-07T17:05:15.284+0000] {dagbag.py:587} INFO - Filling up the DagBag from /opt/airflow/dags/load_to_mongodb_dag.py
[2026-06-07T17:05:15.828+0000] {processor.py:925} INFO - DAG(s) 'load_to_mongodb_dag' retrieved from /opt/airflow/dags/load_to_mongodb_dag.py
[2026-06-07T17:05:15.842+0000] {logging_mixin.py:190} INFO - [2026-06-07T17:05:15.842+0000] {dag.py:3211} INFO - Sync 1 DAGs
[2026-06-07T17:05:15.857+0000] {logging_mixin.py:190} INFO - [2026-06-07T17:05:15.857+0000] {dag.py:4138} INFO - Setting next_dagrun for load_to_mongodb_dag to None, run_after=None
[2026-06-07T17:05:15.892+0000] {processor.py:208} INFO - Processing /opt/airflow/dags/load_to_mongodb_dag.py took 0.617 seconds
[2026-06-07T17:05:46.178+0000] {processor.py:186} INFO - Started process (PID=93) to work on /opt/airflow/dags/load_to_mongodb_dag.py
[2026-06-07T17:05:46.179+0000] {processor.py:914} INFO - Processing file /opt/airflow/dags/load_to_mongodb_dag.py for tasks to queue
[2026-06-07T17:05:46.183+0000] {logging_mixin.py:190} INFO - [2026-06-07T17:05:46.182+0000] {dagbag.py:587} INFO - Filling up the DagBag from /opt/airflow/dags/load_to_mongodb_dag.py
[2026-06-07T17:05:46.785+0000] {processor.py:925} INFO - DAG(s) 'load_to_mongodb_dag' retrieved from /opt/airflow/dags/load_to_mongodb_dag.py
[2026-06-07T17:05:46.802+0000] {logging_mixin.py:190} INFO - [2026-06-07T17:05:46.802+0000] {dag.py:3211} INFO - Sync 1 DAGs
[2026-06-07T17:05:46.820+0000] {logging_mixin.py:190} INFO - [2026-06-07T17:05:46.819+0000] {dag.py:4138} INFO - Setting next_dagrun for load_to_mongodb_dag to None, run_after=None
[2026-06-07T17:05:46.856+0000] {processor.py:208} INFO - Processing /opt/airflow/dags/load_to_mongodb_dag.py took 0.684 seconds
[2026-06-07T17:06:17.053+0000] {processor.py:186} INFO - Started process (PID=111) to work on /opt/airflow/dags/load_to_mongodb_dag.py
[2026-06-07T17:06:17.055+0000] {processor.py:914} INFO - Processing file /opt/airflow/dags/load_to_mongodb_dag.py for tasks to queue
[2026-06-07T17:06:17.060+0000] {logging_mixin.py:190} INFO - [2026-06-07T17:06:17.059+0000] {dagbag.py:587} INFO - Filling up the DagBag from /opt/airflow/dags/load_to_mongodb_dag.py
[2026-06-07T17:06:17.659+0000] {processor.py:925} INFO - DAG(s) 'load_to_mongodb_dag' retrieved from /opt/airflow/dags/load_to_mongodb_dag.py
[2026-06-07T17:06:17.676+0000] {logging_mixin.py:190} INFO - [2026-06-07T17:06:17.676+0000] {dag.py:3211} INFO - Sync 1 DAGs
[2026-06-07T17:06:17.693+0000] {logging_mixin.py:190} INFO - [2026-06-07T17:06:17.692+0000] {dag.py:4138} INFO - Setting next_dagrun for load_to_mongodb_dag to None, run_after=None
[2026-06-07T17:06:17.721+0000] {processor.py:208} INFO - Processing /opt/airflow/dags/load_to_mongodb_dag.py took 0.674 seconds
[2026-06-07T17:06:47.841+0000] {processor.py:186} INFO - Started process (PID=115) to work on /opt/airflow/dags/load_to_mongodb_dag.py
[2026-06-07T17:06:47.842+0000] {processor.py:914} INFO - Processing file /opt/airflow/dags/load_to_mongodb_dag.py for tasks to queue
[2026-06-07T17:06:47.845+0000] {logging_mixin.py:190} INFO - [2026-06-07T17:06:47.845+0000] {dagbag.py:587} INFO - Filling up the DagBag from /opt/airflow/dags/load_to_mongodb_dag.py
[2026-06-07T17:06:48.429+0000] {processor.py:925} INFO - DAG(s) 'load_to_mongodb_dag' retrieved from /opt/airflow/dags/load_to_mongodb_dag.py
[2026-06-07T17:06:48.450+0000] {logging_mixin.py:190} INFO - [2026-06-07T17:06:48.449+0000] {dag.py:3211} INFO - Sync 1 DAGs
[2026-06-07T17:06:48.472+0000] {logging_mixin.py:190} INFO - [2026-06-07T17:06:48.471+0000] {dag.py:4138} INFO - Setting next_dagrun for load_to_mongodb_dag to None, run_after=None
[2026-06-07T17:06:48.505+0000] {processor.py:208} INFO - Processing /opt/airflow/dags/load_to_mongodb_dag.py took 0.670 seconds
[2026-06-07T17:07:18.838+0000] {processor.py:186} INFO - Started process (PID=119) to work on /opt/airflow/dags/load_to_mongodb_dag.py
[2026-06-07T17:07:18.839+0000] {processor.py:914} INFO - Processing file /opt/airflow/dags/load_to_mongodb_dag.py for tasks to queue
[2026-06-07T17:07:18.844+0000] {logging_mixin.py:190} INFO - [2026-06-07T17:07:18.843+0000] {dagbag.py:587} INFO - Filling up the DagBag from /opt/airflow/dags/load_to_mongodb_dag.py
[2026-06-07T17:07:19.389+0000] {processor.py:925} INFO - DAG(s) 'load_to_mongodb_dag' retrieved from /opt/airflow/dags/load_to_mongodb_dag.py
[2026-06-07T17:07:19.404+0000] {logging_mixin.py:190} INFO - [2026-06-07T17:07:19.403+0000] {dag.py:3211} INFO - Sync 1 DAGs
[2026-06-07T17:07:19.423+0000] {logging_mixin.py:190} INFO - [2026-06-07T17:07:19.423+0000] {dag.py:4138} INFO - Setting next_dagrun for load_to_mongodb_dag to None, run_after=None
[2026-06-07T17:07:19.450+0000] {processor.py:208} INFO - Processing /opt/airflow/dags/load_to_mongodb_dag.py took 0.618 seconds
[2026-06-07T17:07:49.631+0000] {processor.py:186} INFO - Started process (PID=123) to work on /opt/airflow/dags/load_to_mongodb_dag.py
[2026-06-07T17:07:49.633+0000] {processor.py:914} INFO - Processing file /opt/airflow/dags/load_to_mongodb_dag.py for tasks to queue
[2026-06-07T17:07:49.637+0000] {logging_mixin.py:190} INFO - [2026-06-07T17:07:49.636+0000] {dagbag.py:587} INFO - Filling up the DagBag from /opt/airflow/dags/load_to_mongodb_dag.py
[2026-06-07T17:07:50.232+0000] {processor.py:925} INFO - DAG(s) 'load_to_mongodb_dag' retrieved from /opt/airflow/dags/load_to_mongodb_dag.py
[2026-06-07T17:07:50.255+0000] {logging_mixin.py:190} INFO - [2026-06-07T17:07:50.254+0000] {dag.py:3211} INFO - Sync 1 DAGs
[2026-06-07T17:07:50.291+0000] {logging_mixin.py:190} INFO - [2026-06-07T17:07:50.291+0000] {dag.py:4138} INFO - Setting next_dagrun for load_to_mongodb_dag to None, run_after=None
[2026-06-07T17:07:50.326+0000] {processor.py:208} INFO - Processing /opt/airflow/dags/load_to_mongodb_dag.py took 0.703 seconds
[2026-06-07T17:08:21.495+0000] {processor.py:186} INFO - Started process (PID=127) to work on /opt/airflow/dags/load_to_mongodb_dag.py
[2026-06-07T17:08:21.497+0000] {processor.py:914} INFO - Processing file /opt/airflow/dags/load_to_mongodb_dag.py for tasks to queue
[2026-06-07T17:08:21.501+0000] {logging_mixin.py:190} INFO - [2026-06-07T17:08:21.500+0000] {dagbag.py:587} INFO - Filling up the DagBag from /opt/airflow/dags/load_to_mongodb_dag.py
[2026-06-07T17:08:22.112+0000] {processor.py:925} INFO - DAG(s) 'load_to_mongodb_dag' retrieved from /opt/airflow/dags/load_to_mongodb_dag.py
[2026-06-07T17:08:22.129+0000] {logging_mixin.py:190} INFO - [2026-06-07T17:08:22.129+0000] {dag.py:3211} INFO - Sync 1 DAGs
[2026-06-07T17:08:22.146+0000] {logging_mixin.py:190} INFO - [2026-06-07T17:08:22.146+0000] {dag.py:4138} INFO - Setting next_dagrun for load_to_mongodb_dag to None, run_after=None
[2026-06-07T17:08:22.175+0000] {processor.py:208} INFO - Processing /opt/airflow/dags/load_to_mongodb_dag.py took 0.686 seconds
[2026-06-07T17:08:52.447+0000] {processor.py:186} INFO - Started process (PID=131) to work on /opt/airflow/dags/load_to_mongodb_dag.py
[2026-06-07T17:08:52.448+0000] {processor.py:914} INFO - Processing file /opt/airflow/dags/load_to_mongodb_dag.py for tasks to queue
[2026-06-07T17:08:52.451+0000] {logging_mixin.py:190} INFO - [2026-06-07T17:08:52.450+0000] {dagbag.py:587} INFO - Filling up the DagBag from /opt/airflow/dags/load_to_mongodb_dag.py
[2026-06-07T17:08:53.132+0000] {processor.py:925} INFO - DAG(s) 'load_to_mongodb_dag' retrieved from /opt/airflow/dags/load_to_mongodb_dag.py
[2026-06-07T17:08:53.152+0000] {logging_mixin.py:190} INFO - [2026-06-07T17:08:53.152+0000] {dag.py:3211} INFO - Sync 1 DAGs
[2026-06-07T17:08:53.172+0000] {logging_mixin.py:190} INFO - [2026-06-07T17:08:53.172+0000] {dag.py:4138} INFO - Setting next_dagrun for load_to_mongodb_dag to None, run_after=None
[2026-06-07T17:08:53.204+0000] {processor.py:208} INFO - Processing /opt/airflow/dags/load_to_mongodb_dag.py took 0.764 seconds
[2026-06-07T17:09:23.437+0000] {processor.py:186} INFO - Started process (PID=135) to work on /opt/airflow/dags/load_to_mongodb_dag.py
[2026-06-07T17:09:23.438+0000] {processor.py:914} INFO - Processing file /opt/airflow/dags/load_to_mongodb_dag.py for tasks to queue
[2026-06-07T17:09:23.442+0000] {logging_mixin.py:190} INFO - [2026-06-07T17:09:23.441+0000] {dagbag.py:587} INFO - Filling up the DagBag from /opt/airflow/dags/load_to_mongodb_dag.py
[2026-06-07T17:09:24.016+0000] {processor.py:925} INFO - DAG(s) 'load_to_mongodb_dag' retrieved from /opt/airflow/dags/load_to_mongodb_dag.py
[2026-06-07T17:09:24.037+0000] {logging_mixin.py:190} INFO - [2026-06-07T17:09:24.036+0000] {dag.py:3211} INFO - Sync 1 DAGs
[2026-06-07T17:09:24.058+0000] {logging_mixin.py:190} INFO - [2026-06-07T17:09:24.058+0000] {dag.py:4138} INFO - Setting next_dagrun for load_to_mongodb_dag to None, run_after=None
[2026-06-07T17:09:24.093+0000] {processor.py:208} INFO - Processing /opt/airflow/dags/load_to_mongodb_dag.py took 0.662 seconds
[2026-06-07T17:09:54.305+0000] {processor.py:186} INFO - Started process (PID=139) to work on /opt/airflow/dags/load_to_mongodb_dag.py
[2026-06-07T17:09:54.307+0000] {processor.py:914} INFO - Processing file /opt/airflow/dags/load_to_mongodb_dag.py for tasks to queue
[2026-06-07T17:09:54.310+0000] {logging_mixin.py:190} INFO - [2026-06-07T17:09:54.310+0000] {dagbag.py:587} INFO - Filling up the DagBag from /opt/airflow/dags/load_to_mongodb_dag.py
[2026-06-07T17:09:54.959+0000] {processor.py:925} INFO - DAG(s) 'load_to_mongodb_dag' retrieved from /opt/airflow/dags/load_to_mongodb_dag.py
[2026-06-07T17:09:54.974+0000] {logging_mixin.py:190} INFO - [2026-06-07T17:09:54.974+0000] {dag.py:3211} INFO - Sync 1 DAGs
[2026-06-07T17:09:54.991+0000] {logging_mixin.py:190} INFO - [2026-06-07T17:09:54.991+0000] {dag.py:4138} INFO - Setting next_dagrun for load_to_mongodb_dag to None, run_after=None
[2026-06-07T17:09:55.024+0000] {processor.py:208} INFO - Processing /opt/airflow/dags/load_to_mongodb_dag.py took 0.725 seconds
[2026-06-07T17:10:25.281+0000] {processor.py:186} INFO - Started process (PID=143) to work on /opt/airflow/dags/load_to_mongodb_dag.py
[2026-06-07T17:10:25.283+0000] {processor.py:914} INFO - Processing file /opt/airflow/dags/load_to_mongodb_dag.py for tasks to queue
[2026-06-07T17:10:25.287+0000] {logging_mixin.py:190} INFO - [2026-06-07T17:10:25.286+0000] {dagbag.py:587} INFO - Filling up the DagBag from /opt/airflow/dags/load_to_mongodb_dag.py
[2026-06-07T17:10:25.899+0000] {processor.py:925} INFO - DAG(s) 'load_to_mongodb_dag' retrieved from /opt/airflow/dags/load_to_mongodb_dag.py
[2026-06-07T17:10:25.917+0000] {logging_mixin.py:190} INFO - [2026-06-07T17:10:25.916+0000] {dag.py:3211} INFO - Sync 1 DAGs
[2026-06-07T17:10:25.937+0000] {logging_mixin.py:190} INFO - [2026-06-07T17:10:25.937+0000] {dag.py:4138} INFO - Setting next_dagrun for load_to_mongodb_dag to None, run_after=None
[2026-06-07T17:10:25.971+0000] {processor.py:208} INFO - Processing /opt/airflow/dags/load_to_mongodb_dag.py took 0.697 seconds
[2026-06-07T17:10:56.224+0000] {processor.py:186} INFO - Started process (PID=147) to work on /opt/airflow/dags/load_to_mongodb_dag.py
[2026-06-07T17:10:56.225+0000] {processor.py:914} INFO - Processing file /opt/airflow/dags/load_to_mongodb_dag.py for tasks to queue
[2026-06-07T17:10:56.229+0000] {logging_mixin.py:190} INFO - [2026-06-07T17:10:56.229+0000] {dagbag.py:587} INFO - Filling up the DagBag from /opt/airflow/dags/load_to_mongodb_dag.py
[2026-06-07T17:10:56.930+0000] {processor.py:925} INFO - DAG(s) 'load_to_mongodb_dag' retrieved from /opt/airflow/dags/load_to_mongodb_dag.py
[2026-06-07T17:10:56.947+0000] {logging_mixin.py:190} INFO - [2026-06-07T17:10:56.947+0000] {dag.py:3211} INFO - Sync 1 DAGs
[2026-06-07T17:10:56.968+0000] {logging_mixin.py:190} INFO - [2026-06-07T17:10:56.967+0000] {dag.py:4138} INFO - Setting next_dagrun for load_to_mongodb_dag to None, run_after=None
[2026-06-07T17:10:57.002+0000] {processor.py:208} INFO - Processing /opt/airflow/dags/load_to_mongodb_dag.py took 0.785 seconds
[2026-06-07T17:11:27.218+0000] {processor.py:186} INFO - Started process (PID=157) to work on /opt/airflow/dags/load_to_mongodb_dag.py
[2026-06-07T17:11:27.219+0000] {processor.py:914} INFO - Processing file /opt/airflow/dags/load_to_mongodb_dag.py for tasks to queue
[2026-06-07T17:11:27.223+0000] {logging_mixin.py:190} INFO - [2026-06-07T17:11:27.223+0000] {dagbag.py:587} INFO - Filling up the DagBag from /opt/airflow/dags/load_to_mongodb_dag.py
[2026-06-07T17:11:27.962+0000] {processor.py:925} INFO - DAG(s) 'load_to_mongodb_dag' retrieved from /opt/airflow/dags/load_to_mongodb_dag.py
[2026-06-07T17:11:27.979+0000] {logging_mixin.py:190} INFO - [2026-06-07T17:11:27.978+0000] {dag.py:3211} INFO - Sync 1 DAGs
[2026-06-07T17:11:27.998+0000] {logging_mixin.py:190} INFO - [2026-06-07T17:11:27.997+0000] {dag.py:4138} INFO - Setting next_dagrun for load_to_mongodb_dag to None, run_after=None
[2026-06-07T17:11:28.028+0000] {processor.py:208} INFO - Processing /opt/airflow/dags/load_to_mongodb_dag.py took 0.818 seconds
[2026-06-07T17:11:58.293+0000] {processor.py:186} INFO - Started process (PID=161) to work on /opt/airflow/dags/load_to_mongodb_dag.py
[2026-06-07T17:11:58.295+0000] {processor.py:914} INFO - Processing file /opt/airflow/dags/load_to_mongodb_dag.py for tasks to queue
[2026-06-07T17:11:58.299+0000] {logging_mixin.py:190} INFO - [2026-06-07T17:11:58.298+0000] {dagbag.py:587} INFO - Filling up the DagBag from /opt/airflow/dags/load_to_mongodb_dag.py
[2026-06-07T17:11:59.066+0000] {processor.py:925} INFO - DAG(s) 'load_to_mongodb_dag' retrieved from /opt/airflow/dags/load_to_mongodb_dag.py
[2026-06-07T17:11:59.083+0000] {logging_mixin.py:190} INFO - [2026-06-07T17:11:59.082+0000] {dag.py:3211} INFO - Sync 1 DAGs
[2026-06-07T17:11:59.101+0000] {logging_mixin.py:190} INFO - [2026-06-07T17:11:59.100+0000] {dag.py:4138} INFO - Setting next_dagrun for load_to_mongodb_dag to None, run_after=None
[2026-06-07T17:11:59.128+0000] {processor.py:208} INFO - Processing /opt/airflow/dags/load_to_mongodb_dag.py took 0.843 seconds
[2026-06-07T17:12:13.576+0000] {processor.py:186} INFO - Started process (PID=51) to work on /opt/airflow/dags/load_to_mongodb_dag.py
[2026-06-07T17:12:13.578+0000] {processor.py:914} INFO - Processing file /opt/airflow/dags/load_to_mongodb_dag.py for tasks to queue
[2026-06-07T17:12:13.583+0000] {logging_mixin.py:190} INFO - [2026-06-07T17:12:13.582+0000] {dagbag.py:587} INFO - Filling up the DagBag from /opt/airflow/dags/load_to_mongodb_dag.py
[2026-06-07T17:12:14.204+0000] {processor.py:925} INFO - DAG(s) 'load_to_mongodb_dag' retrieved from /opt/airflow/dags/load_to_mongodb_dag.py
[2026-06-07T17:12:14.221+0000] {logging_mixin.py:190} INFO - [2026-06-07T17:12:14.220+0000] {dag.py:3211} INFO - Sync 1 DAGs
[2026-06-07T17:12:14.248+0000] {logging_mixin.py:190} INFO - [2026-06-07T17:12:14.248+0000] {dag.py:4138} INFO - Setting next_dagrun for load_to_mongodb_dag to None, run_after=None
[2026-06-07T17:12:14.281+0000] {processor.py:208} INFO - Processing /opt/airflow/dags/load_to_mongodb_dag.py took 0.713 seconds
[2026-06-07T17:12:44.609+0000] {processor.py:186} INFO - Started process (PID=74) to work on /opt/airflow/dags/load_to_mongodb_dag.py
[2026-06-07T17:12:44.610+0000] {processor.py:914} INFO - Processing file /opt/airflow/dags/load_to_mongodb_dag.py for tasks to queue
[2026-06-07T17:12:44.614+0000] {logging_mixin.py:190} INFO - [2026-06-07T17:12:44.614+0000] {dagbag.py:587} INFO - Filling up the DagBag from /opt/airflow/dags/load_to_mongodb_dag.py
[2026-06-07T17:12:45.198+0000] {processor.py:925} INFO - DAG(s) 'load_to_mongodb_dag' retrieved from /opt/airflow/dags/load_to_mongodb_dag.py
[2026-06-07T17:12:45.214+0000] {logging_mixin.py:190} INFO - [2026-06-07T17:12:45.213+0000] {dag.py:3211} INFO - Sync 1 DAGs
[2026-06-07T17:12:45.231+0000] {logging_mixin.py:190} INFO - [2026-06-07T17:12:45.231+0000] {dag.py:4138} INFO - Setting next_dagrun for load_to_mongodb_dag to None, run_after=None
[2026-06-07T17:12:45.260+0000] {processor.py:208} INFO - Processing /opt/airflow/dags/load_to_mongodb_dag.py took 0.660 seconds
[2026-06-07T17:13:16.023+0000] {processor.py:186} INFO - Started process (PID=78) to work on /opt/airflow/dags/load_to_mongodb_dag.py
[2026-06-07T17:13:16.025+0000] {processor.py:914} INFO - Processing file /opt/airflow/dags/load_to_mongodb_dag.py for tasks to queue
[2026-06-07T17:13:16.032+0000] {logging_mixin.py:190} INFO - [2026-06-07T17:13:16.031+0000] {dagbag.py:587} INFO - Filling up the DagBag from /opt/airflow/dags/load_to_mongodb_dag.py
[2026-06-07T17:13:16.774+0000] {processor.py:925} INFO - DAG(s) 'load_to_mongodb_dag' retrieved from /opt/airflow/dags/load_to_mongodb_dag.py
[2026-06-07T17:13:16.795+0000] {logging_mixin.py:190} INFO - [2026-06-07T17:13:16.795+0000] {dag.py:3211} INFO - Sync 1 DAGs
[2026-06-07T17:13:16.816+0000] {logging_mixin.py:190} INFO - [2026-06-07T17:13:16.816+0000] {dag.py:4138} INFO - Setting next_dagrun for load_to_mongodb_dag to None, run_after=None
[2026-06-07T17:13:16.849+0000] {processor.py:208} INFO - Processing /opt/airflow/dags/load_to_mongodb_dag.py took 0.835 seconds
[2026-06-07T17:13:47.405+0000] {processor.py:186} INFO - Started process (PID=82) to work on /opt/airflow/dags/load_to_mongodb_dag.py
[2026-06-07T17:13:47.406+0000] {processor.py:914} INFO - Processing file /opt/airflow/dags/load_to_mongodb_dag.py for tasks to queue
[2026-06-07T17:13:47.410+0000] {logging_mixin.py:190} INFO - [2026-06-07T17:13:47.409+0000] {dagbag.py:587} INFO - Filling up the DagBag from /opt/airflow/dags/load_to_mongodb_dag.py
[2026-06-07T17:13:47.959+0000] {processor.py:925} INFO - DAG(s) 'load_to_mongodb_dag' retrieved from /opt/airflow/dags/load_to_mongodb_dag.py
[2026-06-07T17:13:47.975+0000] {logging_mixin.py:190} INFO - [2026-06-07T17:13:47.975+0000] {dag.py:3211} INFO - Sync 1 DAGs
[2026-06-07T17:13:47.991+0000] {logging_mixin.py:190} INFO - [2026-06-07T17:13:47.991+0000] {dag.py:4138} INFO - Setting next_dagrun for load_to_mongodb_dag to None, run_after=None
[2026-06-07T17:13:48.023+0000] {processor.py:208} INFO - Processing /opt/airflow/dags/load_to_mongodb_dag.py took 0.626 seconds
[2026-06-07T17:14:18.162+0000] {processor.py:186} INFO - Started process (PID=86) to work on /opt/airflow/dags/load_to_mongodb_dag.py
[2026-06-07T17:14:18.164+0000] {processor.py:914} INFO - Processing file /opt/airflow/dags/load_to_mongodb_dag.py for tasks to queue
[2026-06-07T17:14:18.170+0000] {logging_mixin.py:190} INFO - [2026-06-07T17:14:18.169+0000] {dagbag.py:587} INFO - Filling up the DagBag from /opt/airflow/dags/load_to_mongodb_dag.py
[2026-06-07T17:14:18.811+0000] {processor.py:925} INFO - DAG(s) 'load_to_mongodb_dag' retrieved from /opt/airflow/dags/load_to_mongodb_dag.py
[2026-06-07T17:14:18.828+0000] {logging_mixin.py:190} INFO - [2026-06-07T17:14:18.828+0000] {dag.py:3211} INFO - Sync 1 DAGs
[2026-06-07T17:14:18.846+0000] {logging_mixin.py:190} INFO - [2026-06-07T17:14:18.846+0000] {dag.py:4138} INFO - Setting next_dagrun for load_to_mongodb_dag to None, run_after=None
[2026-06-07T17:14:18.880+0000] {processor.py:208} INFO - Processing /opt/airflow/dags/load_to_mongodb_dag.py took 0.727 seconds
[2026-06-07T17:14:49.062+0000] {processor.py:186} INFO - Started process (PID=90) to work on /opt/airflow/dags/load_to_mongodb_dag.py
[2026-06-07T17:14:49.063+0000] {processor.py:914} INFO - Processing file /opt/airflow/dags/load_to_mongodb_dag.py for tasks to queue
[2026-06-07T17:14:49.067+0000] {logging_mixin.py:190} INFO - [2026-06-07T17:14:49.066+0000] {dagbag.py:587} INFO - Filling up the DagBag from /opt/airflow/dags/load_to_mongodb_dag.py
[2026-06-07T17:14:49.661+0000] {processor.py:925} INFO - DAG(s) 'load_to_mongodb_dag' retrieved from /opt/airflow/dags/load_to_mongodb_dag.py
[2026-06-07T17:14:49.675+0000] {logging_mixin.py:190} INFO - [2026-06-07T17:14:49.675+0000] {dag.py:3211} INFO - Sync 1 DAGs
[2026-06-07T17:14:49.695+0000] {logging_mixin.py:190} INFO - [2026-06-07T17:14:49.695+0000] {dag.py:4138} INFO - Setting next_dagrun for load_to_mongodb_dag to None, run_after=None
[2026-06-07T17:14:49.724+0000] {processor.py:208} INFO - Processing /opt/airflow/dags/load_to_mongodb_dag.py took 0.670 seconds
[2026-06-07T17:15:20.821+0000] {processor.py:186} INFO - Started process (PID=94) to work on /opt/airflow/dags/load_to_mongodb_dag.py
[2026-06-07T17:15:20.822+0000] {processor.py:914} INFO - Processing file /opt/airflow/dags/load_to_mongodb_dag.py for tasks to queue
[2026-06-07T17:15:20.827+0000] {logging_mixin.py:190} INFO - [2026-06-07T17:15:20.826+0000] {dagbag.py:587} INFO - Filling up the DagBag from /opt/airflow/dags/load_to_mongodb_dag.py
[2026-06-07T17:15:21.404+0000] {processor.py:925} INFO - DAG(s) 'load_to_mongodb_dag' retrieved from /opt/airflow/dags/load_to_mongodb_dag.py
[2026-06-07T17:15:21.419+0000] {logging_mixin.py:190} INFO - [2026-06-07T17:15:21.419+0000] {dag.py:3211} INFO - Sync 1 DAGs
[2026-06-07T17:15:21.436+0000] {logging_mixin.py:190} INFO - [2026-06-07T17:15:21.435+0000] {dag.py:4138} INFO - Setting next_dagrun for load_to_mongodb_dag to None, run_after=None
[2026-06-07T17:15:21.467+0000] {processor.py:208} INFO - Processing /opt/airflow/dags/load_to_mongodb_dag.py took 0.654 seconds
[2026-06-07T17:15:51.766+0000] {processor.py:186} INFO - Started process (PID=98) to work on /opt/airflow/dags/load_to_mongodb_dag.py
[2026-06-07T17:15:51.768+0000] {processor.py:914} INFO - Processing file /opt/airflow/dags/load_to_mongodb_dag.py for tasks to queue
[2026-06-07T17:15:51.773+0000] {logging_mixin.py:190} INFO - [2026-06-07T17:15:51.772+0000] {dagbag.py:587} INFO - Filling up the DagBag from /opt/airflow/dags/load_to_mongodb_dag.py
[2026-06-07T17:15:52.390+0000] {processor.py:925} INFO - DAG(s) 'load_to_mongodb_dag' retrieved from /opt/airflow/dags/load_to_mongodb_dag.py
[2026-06-07T17:15:52.407+0000] {logging_mixin.py:190} INFO - [2026-06-07T17:15:52.406+0000] {dag.py:3211} INFO - Sync 1 DAGs
[2026-06-07T17:15:52.427+0000] {logging_mixin.py:190} INFO - [2026-06-07T17:15:52.427+0000] {dag.py:4138} INFO - Setting next_dagrun for load_to_mongodb_dag to None, run_after=None
[2026-06-07T17:15:52.461+0000] {processor.py:208} INFO - Processing /opt/airflow/dags/load_to_mongodb_dag.py took 0.701 seconds
[2026-06-07T17:16:23.960+0000] {processor.py:186} INFO - Started process (PID=113) to work on /opt/airflow/dags/load_to_mongodb_dag.py
[2026-06-07T17:16:23.962+0000] {processor.py:914} INFO - Processing file /opt/airflow/dags/load_to_mongodb_dag.py for tasks to queue
[2026-06-07T17:16:23.967+0000] {logging_mixin.py:190} INFO - [2026-06-07T17:16:23.966+0000] {dagbag.py:587} INFO - Filling up the DagBag from /opt/airflow/dags/load_to_mongodb_dag.py
[2026-06-07T17:16:24.513+0000] {processor.py:925} INFO - DAG(s) 'load_to_mongodb_dag' retrieved from /opt/airflow/dags/load_to_mongodb_dag.py
[2026-06-07T17:16:24.530+0000] {logging_mixin.py:190} INFO - [2026-06-07T17:16:24.530+0000] {dag.py:3211} INFO - Sync 1 DAGs
[2026-06-07T17:16:24.548+0000] {logging_mixin.py:190} INFO - [2026-06-07T17:16:24.547+0000] {dag.py:4138} INFO - Setting next_dagrun for load_to_mongodb_dag to None, run_after=None
[2026-06-07T17:16:24.578+0000] {processor.py:208} INFO - Processing /opt/airflow/dags/load_to_mongodb_dag.py took 0.629 seconds
[2026-06-07T17:17:01.688+0000] {processor.py:186} INFO - Started process (PID=150) to work on /opt/airflow/dags/load_to_mongodb_dag.py
[2026-06-07T17:17:01.690+0000] {processor.py:914} INFO - Processing file /opt/airflow/dags/load_to_mongodb_dag.py for tasks to queue
[2026-06-07T17:17:01.695+0000] {logging_mixin.py:190} INFO - [2026-06-07T17:17:01.694+0000] {dagbag.py:587} INFO - Filling up the DagBag from /opt/airflow/dags/load_to_mongodb_dag.py
[2026-06-07T17:17:02.246+0000] {processor.py:925} INFO - DAG(s) 'load_to_mongodb_dag' retrieved from /opt/airflow/dags/load_to_mongodb_dag.py
[2026-06-07T17:17:02.261+0000] {logging_mixin.py:190} INFO - [2026-06-07T17:17:02.260+0000] {dag.py:3211} INFO - Sync 1 DAGs
[2026-06-07T17:17:02.277+0000] {logging_mixin.py:190} INFO - [2026-06-07T17:17:02.277+0000] {dag.py:4138} INFO - Setting next_dagrun for load_to_mongodb_dag to None, run_after=None
[2026-06-07T17:17:02.304+0000] {processor.py:208} INFO - Processing /opt/airflow/dags/load_to_mongodb_dag.py took 0.622 seconds
[2026-06-07T17:17:38.701+0000] {processor.py:186} INFO - Started process (PID=179) to work on /opt/airflow/dags/load_to_mongodb_dag.py
[2026-06-07T17:17:38.703+0000] {processor.py:914} INFO - Processing file /opt/airflow/dags/load_to_mongodb_dag.py for tasks to queue
[2026-06-07T17:17:38.716+0000] {logging_mixin.py:190} INFO - [2026-06-07T17:17:38.709+0000] {dagbag.py:587} INFO - Filling up the DagBag from /opt/airflow/dags/load_to_mongodb_dag.py
[2026-06-07T17:17:40.436+0000] {processor.py:925} INFO - DAG(s) 'load_to_mongodb_dag' retrieved from /opt/airflow/dags/load_to_mongodb_dag.py
[2026-06-07T17:17:40.452+0000] {logging_mixin.py:190} INFO - [2026-06-07T17:17:40.451+0000] {dag.py:3211} INFO - Sync 1 DAGs
[2026-06-07T17:17:40.475+0000] {logging_mixin.py:190} INFO - [2026-06-07T17:17:40.474+0000] {dag.py:4138} INFO - Setting next_dagrun for load_to_mongodb_dag to None, run_after=None
[2026-06-07T17:17:40.509+0000] {processor.py:208} INFO - Processing /opt/airflow/dags/load_to_mongodb_dag.py took 1.821 seconds
[2026-06-07T17:18:11.111+0000] {processor.py:186} INFO - Started process (PID=183) to work on /opt/airflow/dags/load_to_mongodb_dag.py
[2026-06-07T17:18:11.113+0000] {processor.py:914} INFO - Processing file /opt/airflow/dags/load_to_mongodb_dag.py for tasks to queue
[2026-06-07T17:18:11.119+0000] {logging_mixin.py:190} INFO - [2026-06-07T17:18:11.118+0000] {dagbag.py:587} INFO - Filling up the DagBag from /opt/airflow/dags/load_to_mongodb_dag.py
[2026-06-07T17:18:11.809+0000] {processor.py:925} INFO - DAG(s) 'load_to_mongodb_dag' retrieved from /opt/airflow/dags/load_to_mongodb_dag.py
[2026-06-07T17:18:11.827+0000] {logging_mixin.py:190} INFO - [2026-06-07T17:18:11.826+0000] {dag.py:3211} INFO - Sync 1 DAGs
[2026-06-07T17:18:11.843+0000] {logging_mixin.py:190} INFO - [2026-06-07T17:18:11.843+0000] {dag.py:4138} INFO - Setting next_dagrun for load_to_mongodb_dag to None, run_after=None
[2026-06-07T17:18:11.872+0000] {processor.py:208} INFO - Processing /opt/airflow/dags/load_to_mongodb_dag.py took 0.771 seconds
[2026-06-07T17:18:42.450+0000] {processor.py:186} INFO - Started process (PID=187) to work on /opt/airflow/dags/load_to_mongodb_dag.py
[2026-06-07T17:18:42.452+0000] {processor.py:914} INFO - Processing file /opt/airflow/dags/load_to_mongodb_dag.py for tasks to queue
[2026-06-07T17:18:42.455+0000] {logging_mixin.py:190} INFO - [2026-06-07T17:18:42.455+0000] {dagbag.py:587} INFO - Filling up the DagBag from /opt/airflow/dags/load_to_mongodb_dag.py
[2026-06-07T17:18:42.980+0000] {processor.py:925} INFO - DAG(s) 'load_to_mongodb_dag' retrieved from /opt/airflow/dags/load_to_mongodb_dag.py
[2026-06-07T17:18:42.996+0000] {logging_mixin.py:190} INFO - [2026-06-07T17:18:42.995+0000] {dag.py:3211} INFO - Sync 1 DAGs
[2026-06-07T17:18:43.019+0000] {logging_mixin.py:190} INFO - [2026-06-07T17:18:43.018+0000] {dag.py:4138} INFO - Setting next_dagrun for load_to_mongodb_dag to None, run_after=None
[2026-06-07T17:18:43.054+0000] {processor.py:208} INFO - Processing /opt/airflow/dags/load_to_mongodb_dag.py took 0.610 seconds
[2026-06-07T17:19:13.882+0000] {processor.py:186} INFO - Started process (PID=191) to work on /opt/airflow/dags/load_to_mongodb_dag.py
[2026-06-07T17:19:13.884+0000] {processor.py:914} INFO - Processing file /opt/airflow/dags/load_to_mongodb_dag.py for tasks to queue
[2026-06-07T17:19:13.887+0000] {logging_mixin.py:190} INFO - [2026-06-07T17:19:13.886+0000] {dagbag.py:587} INFO - Filling up the DagBag from /opt/airflow/dags/load_to_mongodb_dag.py
[2026-06-07T17:19:14.393+0000] {processor.py:925} INFO - DAG(s) 'load_to_mongodb_dag' retrieved from /opt/airflow/dags/load_to_mongodb_dag.py
[2026-06-07T17:19:14.410+0000] {logging_mixin.py:190} INFO - [2026-06-07T17:19:14.410+0000] {dag.py:3211} INFO - Sync 1 DAGs
[2026-06-07T17:19:14.434+0000] {logging_mixin.py:190} INFO - [2026-06-07T17:19:14.434+0000] {dag.py:4138} INFO - Setting next_dagrun for load_to_mongodb_dag to None, run_after=None
[2026-06-07T17:19:14.476+0000] {processor.py:208} INFO - Processing /opt/airflow/dags/load_to_mongodb_dag.py took 0.602 seconds
[2026-06-07T17:19:45.311+0000] {processor.py:186} INFO - Started process (PID=195) to work on /opt/airflow/dags/load_to_mongodb_dag.py
[2026-06-07T17:19:45.312+0000] {processor.py:914} INFO - Processing file /opt/airflow/dags/load_to_mongodb_dag.py for tasks to queue
[2026-06-07T17:19:45.316+0000] {logging_mixin.py:190} INFO - [2026-06-07T17:19:45.316+0000] {dagbag.py:587} INFO - Filling up the DagBag from /opt/airflow/dags/load_to_mongodb_dag.py
[2026-06-07T17:19:46.028+0000] {processor.py:925} INFO - DAG(s) 'load_to_mongodb_dag' retrieved from /opt/airflow/dags/load_to_mongodb_dag.py
[2026-06-07T17:19:46.045+0000] {logging_mixin.py:190} INFO - [2026-06-07T17:19:46.045+0000] {dag.py:3211} INFO - Sync 1 DAGs
[2026-06-07T17:19:46.062+0000] {logging_mixin.py:190} INFO - [2026-06-07T17:19:46.062+0000] {dag.py:4138} INFO - Setting next_dagrun for load_to_mongodb_dag to None, run_after=None
[2026-06-07T17:19:46.097+0000] {processor.py:208} INFO - Processing /opt/airflow/dags/load_to_mongodb_dag.py took 0.796 seconds
[2026-06-07T17:20:16.596+0000] {processor.py:186} INFO - Started process (PID=199) to work on /opt/airflow/dags/load_to_mongodb_dag.py
[2026-06-07T17:20:16.597+0000] {processor.py:914} INFO - Processing file /opt/airflow/dags/load_to_mongodb_dag.py for tasks to queue
[2026-06-07T17:20:16.601+0000] {logging_mixin.py:190} INFO - [2026-06-07T17:20:16.600+0000] {dagbag.py:587} INFO - Filling up the DagBag from /opt/airflow/dags/load_to_mongodb_dag.py
[2026-06-07T17:20:17.363+0000] {processor.py:925} INFO - DAG(s) 'load_to_mongodb_dag' retrieved from /opt/airflow/dags/load_to_mongodb_dag.py
[2026-06-07T17:20:17.380+0000] {logging_mixin.py:190} INFO - [2026-06-07T17:20:17.380+0000] {dag.py:3211} INFO - Sync 1 DAGs
[2026-06-07T17:20:17.400+0000] {logging_mixin.py:190} INFO - [2026-06-07T17:20:17.400+0000] {dag.py:4138} INFO - Setting next_dagrun for load_to_mongodb_dag to None, run_after=None
[2026-06-07T17:20:17.433+0000] {processor.py:208} INFO - Processing /opt/airflow/dags/load_to_mongodb_dag.py took 0.843 seconds
[2026-06-07T17:20:47.882+0000] {processor.py:186} INFO - Started process (PID=203) to work on /opt/airflow/dags/load_to_mongodb_dag.py
[2026-06-07T17:20:47.884+0000] {processor.py:914} INFO - Processing file /opt/airflow/dags/load_to_mongodb_dag.py for tasks to queue
[2026-06-07T17:20:47.888+0000] {logging_mixin.py:190} INFO - [2026-06-07T17:20:47.887+0000] {dagbag.py:587} INFO - Filling up the DagBag from /opt/airflow/dags/load_to_mongodb_dag.py
[2026-06-07T17:20:48.507+0000] {processor.py:925} INFO - DAG(s) 'load_to_mongodb_dag' retrieved from /opt/airflow/dags/load_to_mongodb_dag.py
[2026-06-07T17:20:48.522+0000] {logging_mixin.py:190} INFO - [2026-06-07T17:20:48.521+0000] {dag.py:3211} INFO - Sync 1 DAGs
[2026-06-07T17:20:48.539+0000] {logging_mixin.py:190} INFO - [2026-06-07T17:20:48.538+0000] {dag.py:4138} INFO - Setting next_dagrun for load_to_mongodb_dag to None, run_after=None
[2026-06-07T17:20:48.567+0000] {processor.py:208} INFO - Processing /opt/airflow/dags/load_to_mongodb_dag.py took 0.693 seconds
[2026-06-07T17:21:18.824+0000] {processor.py:186} INFO - Started process (PID=207) to work on /opt/airflow/dags/load_to_mongodb_dag.py
[2026-06-07T17:21:18.825+0000] {processor.py:914} INFO - Processing file /opt/airflow/dags/load_to_mongodb_dag.py for tasks to queue
[2026-06-07T17:21:18.828+0000] {logging_mixin.py:190} INFO - [2026-06-07T17:21:18.828+0000] {dagbag.py:587} INFO - Filling up the DagBag from /opt/airflow/dags/load_to_mongodb_dag.py
[2026-06-07T17:21:19.457+0000] {processor.py:925} INFO - DAG(s) 'load_to_mongodb_dag' retrieved from /opt/airflow/dags/load_to_mongodb_dag.py
[2026-06-07T17:21:19.475+0000] {logging_mixin.py:190} INFO - [2026-06-07T17:21:19.474+0000] {dag.py:3211} INFO - Sync 1 DAGs
[2026-06-07T17:21:19.494+0000] {logging_mixin.py:190} INFO - [2026-06-07T17:21:19.494+0000] {dag.py:4138} INFO - Setting next_dagrun for load_to_mongodb_dag to None, run_after=None
[2026-06-07T17:21:19.523+0000] {processor.py:208} INFO - Processing /opt/airflow/dags/load_to_mongodb_dag.py took 0.705 seconds
[2026-06-07T17:21:50.010+0000] {processor.py:186} INFO - Started process (PID=211) to work on /opt/airflow/dags/load_to_mongodb_dag.py
[2026-06-07T17:21:50.011+0000] {processor.py:914} INFO - Processing file /opt/airflow/dags/load_to_mongodb_dag.py for tasks to queue
[2026-06-07T17:21:50.015+0000] {logging_mixin.py:190} INFO - [2026-06-07T17:21:50.014+0000] {dagbag.py:587} INFO - Filling up the DagBag from /opt/airflow/dags/load_to_mongodb_dag.py
[2026-06-07T17:21:50.601+0000] {processor.py:925} INFO - DAG(s) 'load_to_mongodb_dag' retrieved from /opt/airflow/dags/load_to_mongodb_dag.py
[2026-06-07T17:21:50.617+0000] {logging_mixin.py:190} INFO - [2026-06-07T17:21:50.617+0000] {dag.py:3211} INFO - Sync 1 DAGs
[2026-06-07T17:21:50.636+0000] {logging_mixin.py:190} INFO - [2026-06-07T17:21:50.636+0000] {dag.py:4138} INFO - Setting next_dagrun for load_to_mongodb_dag to None, run_after=None
[2026-06-07T17:21:50.670+0000] {processor.py:208} INFO - Processing /opt/airflow/dags/load_to_mongodb_dag.py took 0.667 seconds
[2026-06-07T17:22:21.062+0000] {processor.py:186} INFO - Started process (PID=215) to work on /opt/airflow/dags/load_to_mongodb_dag.py
[2026-06-07T17:22:21.063+0000] {processor.py:914} INFO - Processing file /opt/airflow/dags/load_to_mongodb_dag.py for tasks to queue
[2026-06-07T17:22:21.067+0000] {logging_mixin.py:190} INFO - [2026-06-07T17:22:21.066+0000] {dagbag.py:587} INFO - Filling up the DagBag from /opt/airflow/dags/load_to_mongodb_dag.py
[2026-06-07T17:22:21.618+0000] {processor.py:925} INFO - DAG(s) 'load_to_mongodb_dag' retrieved from /opt/airflow/dags/load_to_mongodb_dag.py
[2026-06-07T17:22:21.634+0000] {logging_mixin.py:190} INFO - [2026-06-07T17:22:21.633+0000] {dag.py:3211} INFO - Sync 1 DAGs
[2026-06-07T17:22:21.650+0000] {logging_mixin.py:190} INFO - [2026-06-07T17:22:21.649+0000] {dag.py:4138} INFO - Setting next_dagrun for load_to_mongodb_dag to None, run_after=None
[2026-06-07T17:22:21.681+0000] {processor.py:208} INFO - Processing /opt/airflow/dags/load_to_mongodb_dag.py took 0.627 seconds
[2026-06-07T17:22:52.132+0000] {processor.py:186} INFO - Started process (PID=219) to work on /opt/airflow/dags/load_to_mongodb_dag.py
[2026-06-07T17:22:52.135+0000] {processor.py:914} INFO - Processing file /opt/airflow/dags/load_to_mongodb_dag.py for tasks to queue
[2026-06-07T17:22:52.140+0000] {logging_mixin.py:190} INFO - [2026-06-07T17:22:52.140+0000] {dagbag.py:587} INFO - Filling up the DagBag from /opt/airflow/dags/load_to_mongodb_dag.py
[2026-06-07T17:22:52.802+0000] {processor.py:925} INFO - DAG(s) 'load_to_mongodb_dag' retrieved from /opt/airflow/dags/load_to_mongodb_dag.py
[2026-06-07T17:22:52.824+0000] {logging_mixin.py:190} INFO - [2026-06-07T17:22:52.824+0000] {dag.py:3211} INFO - Sync 1 DAGs
[2026-06-07T17:22:52.847+0000] {logging_mixin.py:190} INFO - [2026-06-07T17:22:52.847+0000] {dag.py:4138} INFO - Setting next_dagrun for load_to_mongodb_dag to None, run_after=None
[2026-06-07T17:22:52.887+0000] {processor.py:208} INFO - Processing /opt/airflow/dags/load_to_mongodb_dag.py took 0.763 seconds
[2026-06-07T17:23:23.384+0000] {processor.py:186} INFO - Started process (PID=223) to work on /opt/airflow/dags/load_to_mongodb_dag.py
[2026-06-07T17:23:23.385+0000] {processor.py:914} INFO - Processing file /opt/airflow/dags/load_to_mongodb_dag.py for tasks to queue
[2026-06-07T17:23:23.389+0000] {logging_mixin.py:190} INFO - [2026-06-07T17:23:23.389+0000] {dagbag.py:587} INFO - Filling up the DagBag from /opt/airflow/dags/load_to_mongodb_dag.py
[2026-06-07T17:23:23.933+0000] {processor.py:925} INFO - DAG(s) 'load_to_mongodb_dag' retrieved from /opt/airflow/dags/load_to_mongodb_dag.py
[2026-06-07T17:23:23.950+0000] {logging_mixin.py:190} INFO - [2026-06-07T17:23:23.949+0000] {dag.py:3211} INFO - Sync 1 DAGs
[2026-06-07T17:23:23.966+0000] {logging_mixin.py:190} INFO - [2026-06-07T17:23:23.966+0000] {dag.py:4138} INFO - Setting next_dagrun for load_to_mongodb_dag to None, run_after=None
[2026-06-07T17:23:24.005+0000] {processor.py:208} INFO - Processing /opt/airflow/dags/load_to_mongodb_dag.py took 0.626 seconds
[2026-06-07T17:23:54.493+0000] {processor.py:186} INFO - Started process (PID=227) to work on /opt/airflow/dags/load_to_mongodb_dag.py
[2026-06-07T17:23:54.494+0000] {processor.py:914} INFO - Processing file /opt/airflow/dags/load_to_mongodb_dag.py for tasks to queue
[2026-06-07T17:23:54.497+0000] {logging_mixin.py:190} INFO - [2026-06-07T17:23:54.497+0000] {dagbag.py:587} INFO - Filling up the DagBag from /opt/airflow/dags/load_to_mongodb_dag.py
[2026-06-07T17:23:55.036+0000] {processor.py:925} INFO - DAG(s) 'load_to_mongodb_dag' retrieved from /opt/airflow/dags/load_to_mongodb_dag.py
[2026-06-07T17:23:55.052+0000] {logging_mixin.py:190} INFO - [2026-06-07T17:23:55.052+0000] {dag.py:3211} INFO - Sync 1 DAGs
[2026-06-07T17:23:55.072+0000] {logging_mixin.py:190} INFO - [2026-06-07T17:23:55.071+0000] {dag.py:4138} INFO - Setting next_dagrun for load_to_mongodb_dag to None, run_after=None
[2026-06-07T17:23:55.103+0000] {processor.py:208} INFO - Processing /opt/airflow/dags/load_to_mongodb_dag.py took 0.616 seconds
[2026-06-07T17:24:25.557+0000] {processor.py:186} INFO - Started process (PID=231) to work on /opt/airflow/dags/load_to_mongodb_dag.py
[2026-06-07T17:24:25.559+0000] {processor.py:914} INFO - Processing file /opt/airflow/dags/load_to_mongodb_dag.py for tasks to queue
[2026-06-07T17:24:25.563+0000] {logging_mixin.py:190} INFO - [2026-06-07T17:24:25.562+0000] {dagbag.py:587} INFO - Filling up the DagBag from /opt/airflow/dags/load_to_mongodb_dag.py
[2026-06-07T17:24:26.145+0000] {processor.py:925} INFO - DAG(s) 'load_to_mongodb_dag' retrieved from /opt/airflow/dags/load_to_mongodb_dag.py
[2026-06-07T17:24:26.161+0000] {logging_mixin.py:190} INFO - [2026-06-07T17:24:26.161+0000] {dag.py:3211} INFO - Sync 1 DAGs
[2026-06-07T17:24:26.180+0000] {logging_mixin.py:190} INFO - [2026-06-07T17:24:26.180+0000] {dag.py:4138} INFO - Setting next_dagrun for load_to_mongodb_dag to None, run_after=None
[2026-06-07T17:24:26.212+0000] {processor.py:208} INFO - Processing /opt/airflow/dags/load_to_mongodb_dag.py took 0.663 seconds
[2026-06-07T17:24:56.623+0000] {processor.py:186} INFO - Started process (PID=235) to work on /opt/airflow/dags/load_to_mongodb_dag.py
[2026-06-07T17:24:56.625+0000] {processor.py:914} INFO - Processing file /opt/airflow/dags/load_to_mongodb_dag.py for tasks to queue
[2026-06-07T17:24:56.632+0000] {logging_mixin.py:190} INFO - [2026-06-07T17:24:56.630+0000] {dagbag.py:587} INFO - Filling up the DagBag from /opt/airflow/dags/load_to_mongodb_dag.py
[2026-06-07T17:24:57.202+0000] {processor.py:925} INFO - DAG(s) 'load_to_mongodb_dag' retrieved from /opt/airflow/dags/load_to_mongodb_dag.py
[2026-06-07T17:24:57.239+0000] {logging_mixin.py:190} INFO - [2026-06-07T17:24:57.238+0000] {dag.py:3211} INFO - Sync 1 DAGs
[2026-06-07T17:24:57.277+0000] {logging_mixin.py:190} INFO - [2026-06-07T17:24:57.276+0000] {dag.py:4138} INFO - Setting next_dagrun for load_to_mongodb_dag to None, run_after=None
[2026-06-07T17:24:57.323+0000] {processor.py:208} INFO - Processing /opt/airflow/dags/load_to_mongodb_dag.py took 0.708 seconds
[2026-06-07T17:25:27.793+0000] {processor.py:186} INFO - Started process (PID=239) to work on /opt/airflow/dags/load_to_mongodb_dag.py
[2026-06-07T17:25:27.794+0000] {processor.py:914} INFO - Processing file /opt/airflow/dags/load_to_mongodb_dag.py for tasks to queue
[2026-06-07T17:25:27.798+0000] {logging_mixin.py:190} INFO - [2026-06-07T17:25:27.797+0000] {dagbag.py:587} INFO - Filling up the DagBag from /opt/airflow/dags/load_to_mongodb_dag.py
[2026-06-07T17:25:28.365+0000] {processor.py:925} INFO - DAG(s) 'load_to_mongodb_dag' retrieved from /opt/airflow/dags/load_to_mongodb_dag.py
[2026-06-07T17:25:28.381+0000] {logging_mixin.py:190} INFO - [2026-06-07T17:25:28.380+0000] {dag.py:3211} INFO - Sync 1 DAGs
[2026-06-07T17:25:28.398+0000] {logging_mixin.py:190} INFO - [2026-06-07T17:25:28.398+0000] {dag.py:4138} INFO - Setting next_dagrun for load_to_mongodb_dag to None, run_after=None
[2026-06-07T17:25:28.428+0000] {processor.py:208} INFO - Processing /opt/airflow/dags/load_to_mongodb_dag.py took 0.643 seconds
[2026-06-07T17:25:58.797+0000] {processor.py:186} INFO - Started process (PID=243) to work on /opt/airflow/dags/load_to_mongodb_dag.py
[2026-06-07T17:25:58.798+0000] {processor.py:914} INFO - Processing file /opt/airflow/dags/load_to_mongodb_dag.py for tasks to queue
[2026-06-07T17:25:58.802+0000] {logging_mixin.py:190} INFO - [2026-06-07T17:25:58.801+0000] {dagbag.py:587} INFO - Filling up the DagBag from /opt/airflow/dags/load_to_mongodb_dag.py
[2026-06-07T17:25:59.358+0000] {processor.py:925} INFO - DAG(s) 'load_to_mongodb_dag' retrieved from /opt/airflow/dags/load_to_mongodb_dag.py
[2026-06-07T17:25:59.384+0000] {logging_mixin.py:190} INFO - [2026-06-07T17:25:59.384+0000] {dag.py:3211} INFO - Sync 1 DAGs
[2026-06-07T17:25:59.404+0000] {logging_mixin.py:190} INFO - [2026-06-07T17:25:59.404+0000] {dag.py:4138} INFO - Setting next_dagrun for load_to_mongodb_dag to None, run_after=None
[2026-06-07T17:25:59.436+0000] {processor.py:208} INFO - Processing /opt/airflow/dags/load_to_mongodb_dag.py took 0.646 seconds
[2026-06-07T17:26:29.636+0000] {processor.py:186} INFO - Started process (PID=247) to work on /opt/airflow/dags/load_to_mongodb_dag.py
[2026-06-07T17:26:29.638+0000] {processor.py:914} INFO - Processing file /opt/airflow/dags/load_to_mongodb_dag.py for tasks to queue
[2026-06-07T17:26:29.643+0000] {logging_mixin.py:190} INFO - [2026-06-07T17:26:29.642+0000] {dagbag.py:587} INFO - Filling up the DagBag from /opt/airflow/dags/load_to_mongodb_dag.py
[2026-06-07T17:26:30.332+0000] {processor.py:925} INFO - DAG(s) 'load_to_mongodb_dag' retrieved from /opt/airflow/dags/load_to_mongodb_dag.py
[2026-06-07T17:26:30.347+0000] {logging_mixin.py:190} INFO - [2026-06-07T17:26:30.346+0000] {dag.py:3211} INFO - Sync 1 DAGs
[2026-06-07T17:26:30.365+0000] {logging_mixin.py:190} INFO - [2026-06-07T17:26:30.365+0000] {dag.py:4138} INFO - Setting next_dagrun for load_to_mongodb_dag to None, run_after=None
[2026-06-07T17:26:30.395+0000] {processor.py:208} INFO - Processing /opt/airflow/dags/load_to_mongodb_dag.py took 0.765 seconds
[2026-06-07T17:27:00.546+0000] {processor.py:186} INFO - Started process (PID=251) to work on /opt/airflow/dags/load_to_mongodb_dag.py
[2026-06-07T17:27:00.548+0000] {processor.py:914} INFO - Processing file /opt/airflow/dags/load_to_mongodb_dag.py for tasks to queue
[2026-06-07T17:27:00.553+0000] {logging_mixin.py:190} INFO - [2026-06-07T17:27:00.552+0000] {dagbag.py:587} INFO - Filling up the DagBag from /opt/airflow/dags/load_to_mongodb_dag.py
[2026-06-07T17:27:01.171+0000] {processor.py:925} INFO - DAG(s) 'load_to_mongodb_dag' retrieved from /opt/airflow/dags/load_to_mongodb_dag.py
[2026-06-07T17:27:01.187+0000] {logging_mixin.py:190} INFO - [2026-06-07T17:27:01.186+0000] {dag.py:3211} INFO - Sync 1 DAGs
[2026-06-07T17:27:01.206+0000] {logging_mixin.py:190} INFO - [2026-06-07T17:27:01.205+0000] {dag.py:4138} INFO - Setting next_dagrun for load_to_mongodb_dag to None, run_after=None
[2026-06-07T17:27:01.236+0000] {processor.py:208} INFO - Processing /opt/airflow/dags/load_to_mongodb_dag.py took 0.697 seconds
[2026-06-07T17:27:31.478+0000] {processor.py:186} INFO - Started process (PID=255) to work on /opt/airflow/dags/load_to_mongodb_dag.py
[2026-06-07T17:27:31.479+0000] {processor.py:914} INFO - Processing file /opt/airflow/dags/load_to_mongodb_dag.py for tasks to queue
[2026-06-07T17:27:31.484+0000] {logging_mixin.py:190} INFO - [2026-06-07T17:27:31.483+0000] {dagbag.py:587} INFO - Filling up the DagBag from /opt/airflow/dags/load_to_mongodb_dag.py
[2026-06-07T17:27:32.208+0000] {processor.py:925} INFO - DAG(s) 'load_to_mongodb_dag' retrieved from /opt/airflow/dags/load_to_mongodb_dag.py
[2026-06-07T17:27:32.228+0000] {logging_mixin.py:190} INFO - [2026-06-07T17:27:32.227+0000] {dag.py:3211} INFO - Sync 1 DAGs
[2026-06-07T17:27:32.257+0000] {logging_mixin.py:190} INFO - [2026-06-07T17:27:32.257+0000] {dag.py:4138} INFO - Setting next_dagrun for load_to_mongodb_dag to None, run_after=None
[2026-06-07T17:27:32.294+0000] {processor.py:208} INFO - Processing /opt/airflow/dags/load_to_mongodb_dag.py took 0.823 seconds
[2026-06-07T17:28:02.541+0000] {processor.py:186} INFO - Started process (PID=259) to work on /opt/airflow/dags/load_to_mongodb_dag.py
[2026-06-07T17:28:02.543+0000] {processor.py:914} INFO - Processing file /opt/airflow/dags/load_to_mongodb_dag.py for tasks to queue
[2026-06-07T17:28:02.548+0000] {logging_mixin.py:190} INFO - [2026-06-07T17:28:02.548+0000] {dagbag.py:587} INFO - Filling up the DagBag from /opt/airflow/dags/load_to_mongodb_dag.py
[2026-06-07T17:28:03.228+0000] {processor.py:925} INFO - DAG(s) 'load_to_mongodb_dag' retrieved from /opt/airflow/dags/load_to_mongodb_dag.py
[2026-06-07T17:28:03.247+0000] {logging_mixin.py:190} INFO - [2026-06-07T17:28:03.247+0000] {dag.py:3211} INFO - Sync 1 DAGs
[2026-06-07T17:28:03.269+0000] {logging_mixin.py:190} INFO - [2026-06-07T17:28:03.268+0000] {dag.py:4138} INFO - Setting next_dagrun for load_to_mongodb_dag to None, run_after=None
[2026-06-07T17:28:03.299+0000] {processor.py:208} INFO - Processing /opt/airflow/dags/load_to_mongodb_dag.py took 0.767 seconds
[2026-06-07T17:28:33.479+0000] {processor.py:186} INFO - Started process (PID=263) to work on /opt/airflow/dags/load_to_mongodb_dag.py
[2026-06-07T17:28:33.481+0000] {processor.py:914} INFO - Processing file /opt/airflow/dags/load_to_mongodb_dag.py for tasks to queue
[2026-06-07T17:28:33.485+0000] {logging_mixin.py:190} INFO - [2026-06-07T17:28:33.484+0000] {dagbag.py:587} INFO - Filling up the DagBag from /opt/airflow/dags/load_to_mongodb_dag.py
[2026-06-07T17:28:34.111+0000] {processor.py:925} INFO - DAG(s) 'load_to_mongodb_dag' retrieved from /opt/airflow/dags/load_to_mongodb_dag.py
[2026-06-07T17:28:34.129+0000] {logging_mixin.py:190} INFO - [2026-06-07T17:28:34.129+0000] {dag.py:3211} INFO - Sync 1 DAGs
[2026-06-07T17:28:34.147+0000] {logging_mixin.py:190} INFO - [2026-06-07T17:28:34.147+0000] {dag.py:4138} INFO - Setting next_dagrun for load_to_mongodb_dag to None, run_after=None
[2026-06-07T17:28:34.179+0000] {processor.py:208} INFO - Processing /opt/airflow/dags/load_to_mongodb_dag.py took 0.706 seconds
[2026-06-07T17:29:04.418+0000] {processor.py:186} INFO - Started process (PID=267) to work on /opt/airflow/dags/load_to_mongodb_dag.py
[2026-06-07T17:29:04.420+0000] {processor.py:914} INFO - Processing file /opt/airflow/dags/load_to_mongodb_dag.py for tasks to queue
[2026-06-07T17:29:04.422+0000] {logging_mixin.py:190} INFO - [2026-06-07T17:29:04.422+0000] {dagbag.py:587} INFO - Filling up the DagBag from /opt/airflow/dags/load_to_mongodb_dag.py
[2026-06-07T17:29:05.057+0000] {processor.py:925} INFO - DAG(s) 'load_to_mongodb_dag' retrieved from /opt/airflow/dags/load_to_mongodb_dag.py
[2026-06-07T17:29:05.075+0000] {logging_mixin.py:190} INFO - [2026-06-07T17:29:05.074+0000] {dag.py:3211} INFO - Sync 1 DAGs
[2026-06-07T17:29:05.099+0000] {logging_mixin.py:190} INFO - [2026-06-07T17:29:05.098+0000] {dag.py:4138} INFO - Setting next_dagrun for load_to_mongodb_dag to None, run_after=None
[2026-06-07T17:29:05.134+0000] {processor.py:208} INFO - Processing /opt/airflow/dags/load_to_mongodb_dag.py took 0.724 seconds
[2026-06-07T17:29:35.321+0000] {processor.py:186} INFO - Started process (PID=271) to work on /opt/airflow/dags/load_to_mongodb_dag.py
[2026-06-07T17:29:35.322+0000] {processor.py:914} INFO - Processing file /opt/airflow/dags/load_to_mongodb_dag.py for tasks to queue
[2026-06-07T17:29:35.326+0000] {logging_mixin.py:190} INFO - [2026-06-07T17:29:35.326+0000] {dagbag.py:587} INFO - Filling up the DagBag from /opt/airflow/dags/load_to_mongodb_dag.py
[2026-06-07T17:29:35.845+0000] {processor.py:925} INFO - DAG(s) 'load_to_mongodb_dag' retrieved from /opt/airflow/dags/load_to_mongodb_dag.py
[2026-06-07T17:29:35.860+0000] {logging_mixin.py:190} INFO - [2026-06-07T17:29:35.859+0000] {dag.py:3211} INFO - Sync 1 DAGs
[2026-06-07T17:29:35.877+0000] {logging_mixin.py:190} INFO - [2026-06-07T17:29:35.876+0000] {dag.py:4138} INFO - Setting next_dagrun for load_to_mongodb_dag to None, run_after=None
[2026-06-07T17:29:35.908+0000] {processor.py:208} INFO - Processing /opt/airflow/dags/load_to_mongodb_dag.py took 0.594 seconds
[2026-06-07T17:30:06.136+0000] {processor.py:186} INFO - Started process (PID=275) to work on /opt/airflow/dags/load_to_mongodb_dag.py
[2026-06-07T17:30:06.137+0000] {processor.py:914} INFO - Processing file /opt/airflow/dags/load_to_mongodb_dag.py for tasks to queue
[2026-06-07T17:30:06.140+0000] {logging_mixin.py:190} INFO - [2026-06-07T17:30:06.140+0000] {dagbag.py:587} INFO - Filling up the DagBag from /opt/airflow/dags/load_to_mongodb_dag.py
[2026-06-07T17:30:06.712+0000] {processor.py:925} INFO - DAG(s) 'load_to_mongodb_dag' retrieved from /opt/airflow/dags/load_to_mongodb_dag.py
[2026-06-07T17:30:06.728+0000] {logging_mixin.py:190} INFO - [2026-06-07T17:30:06.728+0000] {dag.py:3211} INFO - Sync 1 DAGs
[2026-06-07T17:30:06.747+0000] {logging_mixin.py:190} INFO - [2026-06-07T17:30:06.747+0000] {dag.py:4138} INFO - Setting next_dagrun for load_to_mongodb_dag to None, run_after=None
[2026-06-07T17:30:06.781+0000] {processor.py:208} INFO - Processing /opt/airflow/dags/load_to_mongodb_dag.py took 0.650 seconds
[2026-06-07T17:30:36.951+0000] {processor.py:186} INFO - Started process (PID=279) to work on /opt/airflow/dags/load_to_mongodb_dag.py
[2026-06-07T17:30:36.953+0000] {processor.py:914} INFO - Processing file /opt/airflow/dags/load_to_mongodb_dag.py for tasks to queue
[2026-06-07T17:30:36.956+0000] {logging_mixin.py:190} INFO - [2026-06-07T17:30:36.955+0000] {dagbag.py:587} INFO - Filling up the DagBag from /opt/airflow/dags/load_to_mongodb_dag.py
[2026-06-07T17:30:37.549+0000] {processor.py:925} INFO - DAG(s) 'load_to_mongodb_dag' retrieved from /opt/airflow/dags/load_to_mongodb_dag.py
[2026-06-07T17:30:37.567+0000] {logging_mixin.py:190} INFO - [2026-06-07T17:30:37.566+0000] {dag.py:3211} INFO - Sync 1 DAGs
[2026-06-07T17:30:37.588+0000] {logging_mixin.py:190} INFO - [2026-06-07T17:30:37.587+0000] {dag.py:4138} INFO - Setting next_dagrun for load_to_mongodb_dag to None, run_after=None
[2026-06-07T17:30:37.615+0000] {processor.py:208} INFO - Processing /opt/airflow/dags/load_to_mongodb_dag.py took 0.669 seconds
[2026-06-07T17:31:07.802+0000] {processor.py:186} INFO - Started process (PID=283) to work on /opt/airflow/dags/load_to_mongodb_dag.py
[2026-06-07T17:31:07.804+0000] {processor.py:914} INFO - Processing file /opt/airflow/dags/load_to_mongodb_dag.py for tasks to queue
[2026-06-07T17:31:07.807+0000] {logging_mixin.py:190} INFO - [2026-06-07T17:31:07.807+0000] {dagbag.py:587} INFO - Filling up the DagBag from /opt/airflow/dags/load_to_mongodb_dag.py
[2026-06-07T17:31:08.573+0000] {processor.py:925} INFO - DAG(s) 'load_to_mongodb_dag' retrieved from /opt/airflow/dags/load_to_mongodb_dag.py
[2026-06-07T17:31:08.594+0000] {logging_mixin.py:190} INFO - [2026-06-07T17:31:08.594+0000] {dag.py:3211} INFO - Sync 1 DAGs
[2026-06-07T17:31:08.621+0000] {logging_mixin.py:190} INFO - [2026-06-07T17:31:08.621+0000] {dag.py:4138} INFO - Setting next_dagrun for load_to_mongodb_dag to None, run_after=None
[2026-06-07T17:31:08.649+0000] {processor.py:208} INFO - Processing /opt/airflow/dags/load_to_mongodb_dag.py took 0.854 seconds
[2026-06-07T17:31:38.783+0000] {processor.py:186} INFO - Started process (PID=287) to work on /opt/airflow/dags/load_to_mongodb_dag.py
[2026-06-07T17:31:38.785+0000] {processor.py:914} INFO - Processing file /opt/airflow/dags/load_to_mongodb_dag.py for tasks to queue
[2026-06-07T17:31:38.789+0000] {logging_mixin.py:190} INFO - [2026-06-07T17:31:38.788+0000] {dagbag.py:587} INFO - Filling up the DagBag from /opt/airflow/dags/load_to_mongodb_dag.py
[2026-06-07T17:31:39.494+0000] {processor.py:925} INFO - DAG(s) 'load_to_mongodb_dag' retrieved from /opt/airflow/dags/load_to_mongodb_dag.py
[2026-06-07T17:31:39.516+0000] {logging_mixin.py:190} INFO - [2026-06-07T17:31:39.515+0000] {dag.py:3211} INFO - Sync 1 DAGs
[2026-06-07T17:31:39.540+0000] {logging_mixin.py:190} INFO - [2026-06-07T17:31:39.540+0000] {dag.py:4138} INFO - Setting next_dagrun for load_to_mongodb_dag to None, run_after=None
[2026-06-07T17:31:39.575+0000] {processor.py:208} INFO - Processing /opt/airflow/dags/load_to_mongodb_dag.py took 0.798 seconds
[2026-06-07T17:32:09.826+0000] {processor.py:186} INFO - Started process (PID=291) to work on /opt/airflow/dags/load_to_mongodb_dag.py
[2026-06-07T17:32:09.828+0000] {processor.py:914} INFO - Processing file /opt/airflow/dags/load_to_mongodb_dag.py for tasks to queue
[2026-06-07T17:32:09.831+0000] {logging_mixin.py:190} INFO - [2026-06-07T17:32:09.831+0000] {dagbag.py:587} INFO - Filling up the DagBag from /opt/airflow/dags/load_to_mongodb_dag.py
[2026-06-07T17:32:10.408+0000] {processor.py:925} INFO - DAG(s) 'load_to_mongodb_dag' retrieved from /opt/airflow/dags/load_to_mongodb_dag.py
[2026-06-07T17:32:10.424+0000] {logging_mixin.py:190} INFO - [2026-06-07T17:32:10.424+0000] {dag.py:3211} INFO - Sync 1 DAGs
[2026-06-07T17:32:10.440+0000] {logging_mixin.py:190} INFO - [2026-06-07T17:32:10.439+0000] {dag.py:4138} INFO - Setting next_dagrun for load_to_mongodb_dag to None, run_after=None
[2026-06-07T17:32:10.471+0000] {processor.py:208} INFO - Processing /opt/airflow/dags/load_to_mongodb_dag.py took 0.651 seconds
[2026-06-07T17:32:40.651+0000] {processor.py:186} INFO - Started process (PID=295) to work on /opt/airflow/dags/load_to_mongodb_dag.py
[2026-06-07T17:32:40.653+0000] {processor.py:914} INFO - Processing file /opt/airflow/dags/load_to_mongodb_dag.py for tasks to queue
[2026-06-07T17:32:40.656+0000] {logging_mixin.py:190} INFO - [2026-06-07T17:32:40.656+0000] {dagbag.py:587} INFO - Filling up the DagBag from /opt/airflow/dags/load_to_mongodb_dag.py
[2026-06-07T17:32:41.240+0000] {processor.py:925} INFO - DAG(s) 'load_to_mongodb_dag' retrieved from /opt/airflow/dags/load_to_mongodb_dag.py
[2026-06-07T17:32:41.257+0000] {logging_mixin.py:190} INFO - [2026-06-07T17:32:41.257+0000] {dag.py:3211} INFO - Sync 1 DAGs
[2026-06-07T17:32:41.277+0000] {logging_mixin.py:190} INFO - [2026-06-07T17:32:41.277+0000] {dag.py:4138} INFO - Setting next_dagrun for load_to_mongodb_dag to None, run_after=None
[2026-06-07T17:32:41.310+0000] {processor.py:208} INFO - Processing /opt/airflow/dags/load_to_mongodb_dag.py took 0.666 seconds
[2026-06-07T17:33:11.481+0000] {processor.py:186} INFO - Started process (PID=299) to work on /opt/airflow/dags/load_to_mongodb_dag.py
[2026-06-07T17:33:11.482+0000] {processor.py:914} INFO - Processing file /opt/airflow/dags/load_to_mongodb_dag.py for tasks to queue
[2026-06-07T17:33:11.485+0000] {logging_mixin.py:190} INFO - [2026-06-07T17:33:11.485+0000] {dagbag.py:587} INFO - Filling up the DagBag from /opt/airflow/dags/load_to_mongodb_dag.py
[2026-06-07T17:33:12.136+0000] {processor.py:925} INFO - DAG(s) 'load_to_mongodb_dag' retrieved from /opt/airflow/dags/load_to_mongodb_dag.py
[2026-06-07T17:33:12.151+0000] {logging_mixin.py:190} INFO - [2026-06-07T17:33:12.151+0000] {dag.py:3211} INFO - Sync 1 DAGs
[2026-06-07T17:33:12.169+0000] {logging_mixin.py:190} INFO - [2026-06-07T17:33:12.169+0000] {dag.py:4138} INFO - Setting next_dagrun for load_to_mongodb_dag to None, run_after=None
[2026-06-07T17:33:12.201+0000] {processor.py:208} INFO - Processing /opt/airflow/dags/load_to_mongodb_dag.py took 0.727 seconds
[2026-06-07T17:33:42.403+0000] {processor.py:186} INFO - Started process (PID=303) to work on /opt/airflow/dags/load_to_mongodb_dag.py
[2026-06-07T17:33:42.405+0000] {processor.py:914} INFO - Processing file /opt/airflow/dags/load_to_mongodb_dag.py for tasks to queue
[2026-06-07T17:33:42.408+0000] {logging_mixin.py:190} INFO - [2026-06-07T17:33:42.408+0000] {dagbag.py:587} INFO - Filling up the DagBag from /opt/airflow/dags/load_to_mongodb_dag.py
[2026-06-07T17:33:43.001+0000] {processor.py:925} INFO - DAG(s) 'load_to_mongodb_dag' retrieved from /opt/airflow/dags/load_to_mongodb_dag.py
[2026-06-07T17:33:43.019+0000] {logging_mixin.py:190} INFO - [2026-06-07T17:33:43.018+0000] {dag.py:3211} INFO - Sync 1 DAGs
[2026-06-07T17:33:43.039+0000] {logging_mixin.py:190} INFO - [2026-06-07T17:33:43.039+0000] {dag.py:4138} INFO - Setting next_dagrun for load_to_mongodb_dag to None, run_after=None
[2026-06-07T17:33:43.072+0000] {processor.py:208} INFO - Processing /opt/airflow/dags/load_to_mongodb_dag.py took 0.675 seconds
[2026-06-07T17:34:13.222+0000] {processor.py:186} INFO - Started process (PID=307) to work on /opt/airflow/dags/load_to_mongodb_dag.py
[2026-06-07T17:34:13.224+0000] {processor.py:914} INFO - Processing file /opt/airflow/dags/load_to_mongodb_dag.py for tasks to queue
[2026-06-07T17:34:13.227+0000] {logging_mixin.py:190} INFO - [2026-06-07T17:34:13.227+0000] {dagbag.py:587} INFO - Filling up the DagBag from /opt/airflow/dags/load_to_mongodb_dag.py
[2026-06-07T17:34:13.784+0000] {processor.py:925} INFO - DAG(s) 'load_to_mongodb_dag' retrieved from /opt/airflow/dags/load_to_mongodb_dag.py
[2026-06-07T17:34:13.801+0000] {logging_mixin.py:190} INFO - [2026-06-07T17:34:13.801+0000] {dag.py:3211} INFO - Sync 1 DAGs
[2026-06-07T17:34:13.823+0000] {logging_mixin.py:190} INFO - [2026-06-07T17:34:13.823+0000] {dag.py:4138} INFO - Setting next_dagrun for load_to_mongodb_dag to None, run_after=None
[2026-06-07T17:34:13.853+0000] {processor.py:208} INFO - Processing /opt/airflow/dags/load_to_mongodb_dag.py took 0.638 seconds
[2026-06-07T17:34:44.052+0000] {processor.py:186} INFO - Started process (PID=311) to work on /opt/airflow/dags/load_to_mongodb_dag.py
[2026-06-07T17:34:44.054+0000] {processor.py:914} INFO - Processing file /opt/airflow/dags/load_to_mongodb_dag.py for tasks to queue
[2026-06-07T17:34:44.057+0000] {logging_mixin.py:190} INFO - [2026-06-07T17:34:44.056+0000] {dagbag.py:587} INFO - Filling up the DagBag from /opt/airflow/dags/load_to_mongodb_dag.py
[2026-06-07T17:34:44.597+0000] {processor.py:925} INFO - DAG(s) 'load_to_mongodb_dag' retrieved from /opt/airflow/dags/load_to_mongodb_dag.py
[2026-06-07T17:34:44.612+0000] {logging_mixin.py:190} INFO - [2026-06-07T17:34:44.612+0000] {dag.py:3211} INFO - Sync 1 DAGs
[2026-06-07T17:34:44.628+0000] {logging_mixin.py:190} INFO - [2026-06-07T17:34:44.628+0000] {dag.py:4138} INFO - Setting next_dagrun for load_to_mongodb_dag to None, run_after=None
[2026-06-07T17:34:44.659+0000] {processor.py:208} INFO - Processing /opt/airflow/dags/load_to_mongodb_dag.py took 0.614 seconds
[2026-06-07T17:35:14.864+0000] {processor.py:186} INFO - Started process (PID=315) to work on /opt/airflow/dags/load_to_mongodb_dag.py
[2026-06-07T17:35:14.865+0000] {processor.py:914} INFO - Processing file /opt/airflow/dags/load_to_mongodb_dag.py for tasks to queue
[2026-06-07T17:35:14.868+0000] {logging_mixin.py:190} INFO - [2026-06-07T17:35:14.868+0000] {dagbag.py:587} INFO - Filling up the DagBag from /opt/airflow/dags/load_to_mongodb_dag.py
[2026-06-07T17:35:15.406+0000] {processor.py:925} INFO - DAG(s) 'load_to_mongodb_dag' retrieved from /opt/airflow/dags/load_to_mongodb_dag.py
[2026-06-07T17:35:15.428+0000] {logging_mixin.py:190} INFO - [2026-06-07T17:35:15.427+0000] {dag.py:3211} INFO - Sync 1 DAGs
[2026-06-07T17:35:15.451+0000] {logging_mixin.py:190} INFO - [2026-06-07T17:35:15.450+0000] {dag.py:4138} INFO - Setting next_dagrun for load_to_mongodb_dag to None, run_after=None
[2026-06-07T17:35:15.485+0000] {processor.py:208} INFO - Processing /opt/airflow/dags/load_to_mongodb_dag.py took 0.628 seconds
[2026-06-07T17:35:45.687+0000] {processor.py:186} INFO - Started process (PID=319) to work on /opt/airflow/dags/load_to_mongodb_dag.py
[2026-06-07T17:35:45.689+0000] {processor.py:914} INFO - Processing file /opt/airflow/dags/load_to_mongodb_dag.py for tasks to queue
[2026-06-07T17:35:45.692+0000] {logging_mixin.py:190} INFO - [2026-06-07T17:35:45.691+0000] {dagbag.py:587} INFO - Filling up the DagBag from /opt/airflow/dags/load_to_mongodb_dag.py
[2026-06-07T17:35:46.263+0000] {processor.py:925} INFO - DAG(s) 'load_to_mongodb_dag' retrieved from /opt/airflow/dags/load_to_mongodb_dag.py
[2026-06-07T17:35:46.279+0000] {logging_mixin.py:190} INFO - [2026-06-07T17:35:46.278+0000] {dag.py:3211} INFO - Sync 1 DAGs
[2026-06-07T17:35:46.296+0000] {logging_mixin.py:190} INFO - [2026-06-07T17:35:46.296+0000] {dag.py:4138} INFO - Setting next_dagrun for load_to_mongodb_dag to None, run_after=None
[2026-06-07T17:35:46.326+0000] {processor.py:208} INFO - Processing /opt/airflow/dags/load_to_mongodb_dag.py took 0.646 seconds
[2026-06-07T17:36:16.477+0000] {processor.py:186} INFO - Started process (PID=323) to work on /opt/airflow/dags/load_to_mongodb_dag.py
[2026-06-07T17:36:16.479+0000] {processor.py:914} INFO - Processing file /opt/airflow/dags/load_to_mongodb_dag.py for tasks to queue
[2026-06-07T17:36:16.482+0000] {logging_mixin.py:190} INFO - [2026-06-07T17:36:16.482+0000] {dagbag.py:587} INFO - Filling up the DagBag from /opt/airflow/dags/load_to_mongodb_dag.py
[2026-06-07T17:36:17.072+0000] {processor.py:925} INFO - DAG(s) 'load_to_mongodb_dag' retrieved from /opt/airflow/dags/load_to_mongodb_dag.py
[2026-06-07T17:36:17.089+0000] {logging_mixin.py:190} INFO - [2026-06-07T17:36:17.088+0000] {dag.py:3211} INFO - Sync 1 DAGs
[2026-06-07T17:36:17.105+0000] {logging_mixin.py:190} INFO - [2026-06-07T17:36:17.105+0000] {dag.py:4138} INFO - Setting next_dagrun for load_to_mongodb_dag to None, run_after=None
[2026-06-07T17:36:17.133+0000] {processor.py:208} INFO - Processing /opt/airflow/dags/load_to_mongodb_dag.py took 0.662 seconds
[2026-06-07T17:36:47.271+0000] {processor.py:186} INFO - Started process (PID=327) to work on /opt/airflow/dags/load_to_mongodb_dag.py
[2026-06-07T17:36:47.272+0000] {processor.py:914} INFO - Processing file /opt/airflow/dags/load_to_mongodb_dag.py for tasks to queue
[2026-06-07T17:36:47.275+0000] {logging_mixin.py:190} INFO - [2026-06-07T17:36:47.275+0000] {dagbag.py:587} INFO - Filling up the DagBag from /opt/airflow/dags/load_to_mongodb_dag.py
[2026-06-07T17:36:48.000+0000] {processor.py:925} INFO - DAG(s) 'load_to_mongodb_dag' retrieved from /opt/airflow/dags/load_to_mongodb_dag.py
[2026-06-07T17:36:48.018+0000] {logging_mixin.py:190} INFO - [2026-06-07T17:36:48.018+0000] {dag.py:3211} INFO - Sync 1 DAGs
[2026-06-07T17:36:48.039+0000] {logging_mixin.py:190} INFO - [2026-06-07T17:36:48.039+0000] {dag.py:4138} INFO - Setting next_dagrun for load_to_mongodb_dag to None, run_after=None
[2026-06-07T17:36:48.071+0000] {processor.py:208} INFO - Processing /opt/airflow/dags/load_to_mongodb_dag.py took 0.808 seconds
[2026-06-07T17:37:18.287+0000] {processor.py:186} INFO - Started process (PID=331) to work on /opt/airflow/dags/load_to_mongodb_dag.py
[2026-06-07T17:37:18.289+0000] {processor.py:914} INFO - Processing file /opt/airflow/dags/load_to_mongodb_dag.py for tasks to queue
[2026-06-07T17:37:18.292+0000] {logging_mixin.py:190} INFO - [2026-06-07T17:37:18.292+0000] {dagbag.py:587} INFO - Filling up the DagBag from /opt/airflow/dags/load_to_mongodb_dag.py
[2026-06-07T17:37:18.810+0000] {processor.py:925} INFO - DAG(s) 'load_to_mongodb_dag' retrieved from /opt/airflow/dags/load_to_mongodb_dag.py
[2026-06-07T17:37:18.824+0000] {logging_mixin.py:190} INFO - [2026-06-07T17:37:18.824+0000] {dag.py:3211} INFO - Sync 1 DAGs
[2026-06-07T17:37:18.841+0000] {logging_mixin.py:190} INFO - [2026-06-07T17:37:18.841+0000] {dag.py:4138} INFO - Setting next_dagrun for load_to_mongodb_dag to None, run_after=None
[2026-06-07T17:37:18.868+0000] {processor.py:208} INFO - Processing /opt/airflow/dags/load_to_mongodb_dag.py took 0.589 seconds
[2026-06-07T17:37:49.095+0000] {processor.py:186} INFO - Started process (PID=335) to work on /opt/airflow/dags/load_to_mongodb_dag.py
[2026-06-07T17:37:49.097+0000] {processor.py:914} INFO - Processing file /opt/airflow/dags/load_to_mongodb_dag.py for tasks to queue
[2026-06-07T17:37:49.100+0000] {logging_mixin.py:190} INFO - [2026-06-07T17:37:49.100+0000] {dagbag.py:587} INFO - Filling up the DagBag from /opt/airflow/dags/load_to_mongodb_dag.py
[2026-06-07T17:37:49.735+0000] {processor.py:925} INFO - DAG(s) 'load_to_mongodb_dag' retrieved from /opt/airflow/dags/load_to_mongodb_dag.py
[2026-06-07T17:37:49.754+0000] {logging_mixin.py:190} INFO - [2026-06-07T17:37:49.753+0000] {dag.py:3211} INFO - Sync 1 DAGs
[2026-06-07T17:37:49.774+0000] {logging_mixin.py:190} INFO - [2026-06-07T17:37:49.774+0000] {dag.py:4138} INFO - Setting next_dagrun for load_to_mongodb_dag to None, run_after=None
[2026-06-07T17:37:49.805+0000] {processor.py:208} INFO - Processing /opt/airflow/dags/load_to_mongodb_dag.py took 0.719 seconds
[2026-06-07T17:38:20.011+0000] {processor.py:186} INFO - Started process (PID=339) to work on /opt/airflow/dags/load_to_mongodb_dag.py
[2026-06-07T17:38:20.013+0000] {processor.py:914} INFO - Processing file /opt/airflow/dags/load_to_mongodb_dag.py for tasks to queue
[2026-06-07T17:38:20.020+0000] {logging_mixin.py:190} INFO - [2026-06-07T17:38:20.019+0000] {dagbag.py:587} INFO - Filling up the DagBag from /opt/airflow/dags/load_to_mongodb_dag.py
[2026-06-07T17:38:20.680+0000] {processor.py:925} INFO - DAG(s) 'load_to_mongodb_dag' retrieved from /opt/airflow/dags/load_to_mongodb_dag.py
[2026-06-07T17:38:20.702+0000] {logging_mixin.py:190} INFO - [2026-06-07T17:38:20.702+0000] {dag.py:3211} INFO - Sync 1 DAGs
[2026-06-07T17:38:20.725+0000] {logging_mixin.py:190} INFO - [2026-06-07T17:38:20.725+0000] {dag.py:4138} INFO - Setting next_dagrun for load_to_mongodb_dag to None, run_after=None
[2026-06-07T17:38:20.766+0000] {processor.py:208} INFO - Processing /opt/airflow/dags/load_to_mongodb_dag.py took 0.767 seconds
[2026-06-07T17:38:50.930+0000] {processor.py:186} INFO - Started process (PID=343) to work on /opt/airflow/dags/load_to_mongodb_dag.py
[2026-06-07T17:38:50.932+0000] {processor.py:914} INFO - Processing file /opt/airflow/dags/load_to_mongodb_dag.py for tasks to queue
[2026-06-07T17:38:50.934+0000] {logging_mixin.py:190} INFO - [2026-06-07T17:38:50.934+0000] {dagbag.py:587} INFO - Filling up the DagBag from /opt/airflow/dags/load_to_mongodb_dag.py
[2026-06-07T17:38:51.524+0000] {processor.py:925} INFO - DAG(s) 'load_to_mongodb_dag' retrieved from /opt/airflow/dags/load_to_mongodb_dag.py
[2026-06-07T17:38:51.542+0000] {logging_mixin.py:190} INFO - [2026-06-07T17:38:51.542+0000] {dag.py:3211} INFO - Sync 1 DAGs
[2026-06-07T17:38:51.561+0000] {logging_mixin.py:190} INFO - [2026-06-07T17:38:51.560+0000] {dag.py:4138} INFO - Setting next_dagrun for load_to_mongodb_dag to None, run_after=None
[2026-06-07T17:38:51.589+0000] {processor.py:208} INFO - Processing /opt/airflow/dags/load_to_mongodb_dag.py took 0.666 seconds
[2026-06-07T17:39:21.725+0000] {processor.py:186} INFO - Started process (PID=347) to work on /opt/airflow/dags/load_to_mongodb_dag.py
[2026-06-07T17:39:21.726+0000] {processor.py:914} INFO - Processing file /opt/airflow/dags/load_to_mongodb_dag.py for tasks to queue
[2026-06-07T17:39:21.730+0000] {logging_mixin.py:190} INFO - [2026-06-07T17:39:21.730+0000] {dagbag.py:587} INFO - Filling up the DagBag from /opt/airflow/dags/load_to_mongodb_dag.py
[2026-06-07T17:39:22.325+0000] {processor.py:925} INFO - DAG(s) 'load_to_mongodb_dag' retrieved from /opt/airflow/dags/load_to_mongodb_dag.py
[2026-06-07T17:39:22.341+0000] {logging_mixin.py:190} INFO - [2026-06-07T17:39:22.341+0000] {dag.py:3211} INFO - Sync 1 DAGs
[2026-06-07T17:39:22.359+0000] {logging_mixin.py:190} INFO - [2026-06-07T17:39:22.359+0000] {dag.py:4138} INFO - Setting next_dagrun for load_to_mongodb_dag to None, run_after=None
[2026-06-07T17:39:22.389+0000] {processor.py:208} INFO - Processing /opt/airflow/dags/load_to_mongodb_dag.py took 0.670 seconds
[2026-06-07T17:39:52.557+0000] {processor.py:186} INFO - Started process (PID=351) to work on /opt/airflow/dags/load_to_mongodb_dag.py
[2026-06-07T17:39:52.558+0000] {processor.py:914} INFO - Processing file /opt/airflow/dags/load_to_mongodb_dag.py for tasks to queue
[2026-06-07T17:39:52.562+0000] {logging_mixin.py:190} INFO - [2026-06-07T17:39:52.561+0000] {dagbag.py:587} INFO - Filling up the DagBag from /opt/airflow/dags/load_to_mongodb_dag.py
[2026-06-07T17:39:53.245+0000] {processor.py:925} INFO - DAG(s) 'load_to_mongodb_dag' retrieved from /opt/airflow/dags/load_to_mongodb_dag.py
[2026-06-07T17:39:53.266+0000] {logging_mixin.py:190} INFO - [2026-06-07T17:39:53.265+0000] {dag.py:3211} INFO - Sync 1 DAGs
[2026-06-07T17:39:53.290+0000] {logging_mixin.py:190} INFO - [2026-06-07T17:39:53.289+0000] {dag.py:4138} INFO - Setting next_dagrun for load_to_mongodb_dag to None, run_after=None
[2026-06-07T17:39:53.325+0000] {processor.py:208} INFO - Processing /opt/airflow/dags/load_to_mongodb_dag.py took 0.775 seconds
[2026-06-07T17:40:23.463+0000] {processor.py:186} INFO - Started process (PID=355) to work on /opt/airflow/dags/load_to_mongodb_dag.py
[2026-06-07T17:40:23.465+0000] {processor.py:914} INFO - Processing file /opt/airflow/dags/load_to_mongodb_dag.py for tasks to queue
[2026-06-07T17:40:23.469+0000] {logging_mixin.py:190} INFO - [2026-06-07T17:40:23.468+0000] {dagbag.py:587} INFO - Filling up the DagBag from /opt/airflow/dags/load_to_mongodb_dag.py
[2026-06-07T17:40:24.025+0000] {processor.py:925} INFO - DAG(s) 'load_to_mongodb_dag' retrieved from /opt/airflow/dags/load_to_mongodb_dag.py
[2026-06-07T17:40:24.041+0000] {logging_mixin.py:190} INFO - [2026-06-07T17:40:24.040+0000] {dag.py:3211} INFO - Sync 1 DAGs
[2026-06-07T17:40:24.058+0000] {logging_mixin.py:190} INFO - [2026-06-07T17:40:24.057+0000] {dag.py:4138} INFO - Setting next_dagrun for load_to_mongodb_dag to None, run_after=None
[2026-06-07T17:40:24.085+0000] {processor.py:208} INFO - Processing /opt/airflow/dags/load_to_mongodb_dag.py took 0.629 seconds
[2026-06-07T17:40:54.290+0000] {processor.py:186} INFO - Started process (PID=359) to work on /opt/airflow/dags/load_to_mongodb_dag.py
[2026-06-07T17:40:54.291+0000] {processor.py:914} INFO - Processing file /opt/airflow/dags/load_to_mongodb_dag.py for tasks to queue
[2026-06-07T17:40:54.294+0000] {logging_mixin.py:190} INFO - [2026-06-07T17:40:54.294+0000] {dagbag.py:587} INFO - Filling up the DagBag from /opt/airflow/dags/load_to_mongodb_dag.py
[2026-06-07T17:40:54.839+0000] {processor.py:925} INFO - DAG(s) 'load_to_mongodb_dag' retrieved from /opt/airflow/dags/load_to_mongodb_dag.py
[2026-06-07T17:40:54.854+0000] {logging_mixin.py:190} INFO - [2026-06-07T17:40:54.854+0000] {dag.py:3211} INFO - Sync 1 DAGs
[2026-06-07T17:40:54.870+0000] {logging_mixin.py:190} INFO - [2026-06-07T17:40:54.870+0000] {dag.py:4138} INFO - Setting next_dagrun for load_to_mongodb_dag to None, run_after=None
[2026-06-07T17:40:54.902+0000] {processor.py:208} INFO - Processing /opt/airflow/dags/load_to_mongodb_dag.py took 0.618 seconds
[2026-06-07T17:41:25.078+0000] {processor.py:186} INFO - Started process (PID=363) to work on /opt/airflow/dags/load_to_mongodb_dag.py
[2026-06-07T17:41:25.080+0000] {processor.py:914} INFO - Processing file /opt/airflow/dags/load_to_mongodb_dag.py for tasks to queue
[2026-06-07T17:41:25.083+0000] {logging_mixin.py:190} INFO - [2026-06-07T17:41:25.083+0000] {dagbag.py:587} INFO - Filling up the DagBag from /opt/airflow/dags/load_to_mongodb_dag.py
[2026-06-07T17:41:25.615+0000] {processor.py:925} INFO - DAG(s) 'load_to_mongodb_dag' retrieved from /opt/airflow/dags/load_to_mongodb_dag.py
[2026-06-07T17:41:25.631+0000] {logging_mixin.py:190} INFO - [2026-06-07T17:41:25.630+0000] {dag.py:3211} INFO - Sync 1 DAGs
[2026-06-07T17:41:25.649+0000] {logging_mixin.py:190} INFO - [2026-06-07T17:41:25.649+0000] {dag.py:4138} INFO - Setting next_dagrun for load_to_mongodb_dag to None, run_after=None
[2026-06-07T17:41:25.679+0000] {processor.py:208} INFO - Processing /opt/airflow/dags/load_to_mongodb_dag.py took 0.608 seconds
[2026-06-07T17:41:55.931+0000] {processor.py:186} INFO - Started process (PID=367) to work on /opt/airflow/dags/load_to_mongodb_dag.py
[2026-06-07T17:41:55.933+0000] {processor.py:914} INFO - Processing file /opt/airflow/dags/load_to_mongodb_dag.py for tasks to queue
[2026-06-07T17:41:55.937+0000] {logging_mixin.py:190} INFO - [2026-06-07T17:41:55.936+0000] {dagbag.py:587} INFO - Filling up the DagBag from /opt/airflow/dags/load_to_mongodb_dag.py
[2026-06-07T17:41:56.549+0000] {processor.py:925} INFO - DAG(s) 'load_to_mongodb_dag' retrieved from /opt/airflow/dags/load_to_mongodb_dag.py
[2026-06-07T17:41:56.568+0000] {logging_mixin.py:190} INFO - [2026-06-07T17:41:56.567+0000] {dag.py:3211} INFO - Sync 1 DAGs
[2026-06-07T17:41:56.586+0000] {logging_mixin.py:190} INFO - [2026-06-07T17:41:56.586+0000] {dag.py:4138} INFO - Setting next_dagrun for load_to_mongodb_dag to None, run_after=None
[2026-06-07T17:41:56.616+0000] {processor.py:208} INFO - Processing /opt/airflow/dags/load_to_mongodb_dag.py took 0.698 seconds
[2026-06-07T17:42:26.828+0000] {processor.py:186} INFO - Started process (PID=371) to work on /opt/airflow/dags/load_to_mongodb_dag.py
[2026-06-07T17:42:26.830+0000] {processor.py:914} INFO - Processing file /opt/airflow/dags/load_to_mongodb_dag.py for tasks to queue
[2026-06-07T17:42:26.837+0000] {logging_mixin.py:190} INFO - [2026-06-07T17:42:26.836+0000] {dagbag.py:587} INFO - Filling up the DagBag from /opt/airflow/dags/load_to_mongodb_dag.py
[2026-06-07T17:42:27.764+0000] {processor.py:925} INFO - DAG(s) 'load_to_mongodb_dag' retrieved from /opt/airflow/dags/load_to_mongodb_dag.py
[2026-06-07T17:42:27.788+0000] {logging_mixin.py:190} INFO - [2026-06-07T17:42:27.787+0000] {dag.py:3211} INFO - Sync 1 DAGs
[2026-06-07T17:42:27.827+0000] {logging_mixin.py:190} INFO - [2026-06-07T17:42:27.827+0000] {dag.py:4138} INFO - Setting next_dagrun for load_to_mongodb_dag to None, run_after=None
[2026-06-07T17:42:27.866+0000] {processor.py:208} INFO - Processing /opt/airflow/dags/load_to_mongodb_dag.py took 1.045 seconds
[2026-06-07T17:42:58.036+0000] {processor.py:186} INFO - Started process (PID=375) to work on /opt/airflow/dags/load_to_mongodb_dag.py
[2026-06-07T17:42:58.037+0000] {processor.py:914} INFO - Processing file /opt/airflow/dags/load_to_mongodb_dag.py for tasks to queue
[2026-06-07T17:42:58.040+0000] {logging_mixin.py:190} INFO - [2026-06-07T17:42:58.040+0000] {dagbag.py:587} INFO - Filling up the DagBag from /opt/airflow/dags/load_to_mongodb_dag.py
[2026-06-07T17:42:58.746+0000] {processor.py:925} INFO - DAG(s) 'load_to_mongodb_dag' retrieved from /opt/airflow/dags/load_to_mongodb_dag.py
[2026-06-07T17:42:58.762+0000] {logging_mixin.py:190} INFO - [2026-06-07T17:42:58.761+0000] {dag.py:3211} INFO - Sync 1 DAGs
[2026-06-07T17:42:58.779+0000] {logging_mixin.py:190} INFO - [2026-06-07T17:42:58.779+0000] {dag.py:4138} INFO - Setting next_dagrun for load_to_mongodb_dag to None, run_after=None
[2026-06-07T17:42:58.808+0000] {processor.py:208} INFO - Processing /opt/airflow/dags/load_to_mongodb_dag.py took 0.777 seconds
[2026-06-07T17:43:28.951+0000] {processor.py:186} INFO - Started process (PID=379) to work on /opt/airflow/dags/load_to_mongodb_dag.py
[2026-06-07T17:43:28.953+0000] {processor.py:914} INFO - Processing file /opt/airflow/dags/load_to_mongodb_dag.py for tasks to queue
[2026-06-07T17:43:28.957+0000] {logging_mixin.py:190} INFO - [2026-06-07T17:43:28.956+0000] {dagbag.py:587} INFO - Filling up the DagBag from /opt/airflow/dags/load_to_mongodb_dag.py
[2026-06-07T17:43:29.591+0000] {processor.py:925} INFO - DAG(s) 'load_to_mongodb_dag' retrieved from /opt/airflow/dags/load_to_mongodb_dag.py
[2026-06-07T17:43:29.608+0000] {logging_mixin.py:190} INFO - [2026-06-07T17:43:29.608+0000] {dag.py:3211} INFO - Sync 1 DAGs
[2026-06-07T17:43:29.626+0000] {logging_mixin.py:190} INFO - [2026-06-07T17:43:29.626+0000] {dag.py:4138} INFO - Setting next_dagrun for load_to_mongodb_dag to None, run_after=None
[2026-06-07T17:43:29.658+0000] {processor.py:208} INFO - Processing /opt/airflow/dags/load_to_mongodb_dag.py took 0.714 seconds
[2026-06-07T17:43:59.867+0000] {processor.py:186} INFO - Started process (PID=383) to work on /opt/airflow/dags/load_to_mongodb_dag.py
[2026-06-07T17:43:59.869+0000] {processor.py:914} INFO - Processing file /opt/airflow/dags/load_to_mongodb_dag.py for tasks to queue
[2026-06-07T17:43:59.871+0000] {logging_mixin.py:190} INFO - [2026-06-07T17:43:59.871+0000] {dagbag.py:587} INFO - Filling up the DagBag from /opt/airflow/dags/load_to_mongodb_dag.py
[2026-06-07T17:44:00.521+0000] {processor.py:925} INFO - DAG(s) 'load_to_mongodb_dag' retrieved from /opt/airflow/dags/load_to_mongodb_dag.py
[2026-06-07T17:44:00.538+0000] {logging_mixin.py:190} INFO - [2026-06-07T17:44:00.538+0000] {dag.py:3211} INFO - Sync 1 DAGs
[2026-06-07T17:44:00.556+0000] {logging_mixin.py:190} INFO - [2026-06-07T17:44:00.556+0000] {dag.py:4138} INFO - Setting next_dagrun for load_to_mongodb_dag to None, run_after=None
[2026-06-07T17:44:00.586+0000] {processor.py:208} INFO - Processing /opt/airflow/dags/load_to_mongodb_dag.py took 0.725 seconds
[2026-06-07T17:44:30.775+0000] {processor.py:186} INFO - Started process (PID=387) to work on /opt/airflow/dags/load_to_mongodb_dag.py
[2026-06-07T17:44:30.777+0000] {processor.py:914} INFO - Processing file /opt/airflow/dags/load_to_mongodb_dag.py for tasks to queue
[2026-06-07T17:44:30.781+0000] {logging_mixin.py:190} INFO - [2026-06-07T17:44:30.781+0000] {dagbag.py:587} INFO - Filling up the DagBag from /opt/airflow/dags/load_to_mongodb_dag.py
[2026-06-07T17:44:31.379+0000] {processor.py:925} INFO - DAG(s) 'load_to_mongodb_dag' retrieved from /opt/airflow/dags/load_to_mongodb_dag.py
[2026-06-07T17:44:31.396+0000] {logging_mixin.py:190} INFO - [2026-06-07T17:44:31.396+0000] {dag.py:3211} INFO - Sync 1 DAGs
[2026-06-07T17:44:31.414+0000] {logging_mixin.py:190} INFO - [2026-06-07T17:44:31.414+0000] {dag.py:4138} INFO - Setting next_dagrun for load_to_mongodb_dag to None, run_after=None
[2026-06-07T17:44:31.447+0000] {processor.py:208} INFO - Processing /opt/airflow/dags/load_to_mongodb_dag.py took 0.686 seconds
[2026-06-07T17:45:01.685+0000] {processor.py:186} INFO - Started process (PID=391) to work on /opt/airflow/dags/load_to_mongodb_dag.py
[2026-06-07T17:45:01.687+0000] {processor.py:914} INFO - Processing file /opt/airflow/dags/load_to_mongodb_dag.py for tasks to queue
[2026-06-07T17:45:01.691+0000] {logging_mixin.py:190} INFO - [2026-06-07T17:45:01.690+0000] {dagbag.py:587} INFO - Filling up the DagBag from /opt/airflow/dags/load_to_mongodb_dag.py
[2026-06-07T17:45:02.232+0000] {processor.py:925} INFO - DAG(s) 'load_to_mongodb_dag' retrieved from /opt/airflow/dags/load_to_mongodb_dag.py
[2026-06-07T17:45:02.247+0000] {logging_mixin.py:190} INFO - [2026-06-07T17:45:02.246+0000] {dag.py:3211} INFO - Sync 1 DAGs
[2026-06-07T17:45:02.263+0000] {logging_mixin.py:190} INFO - [2026-06-07T17:45:02.262+0000] {dag.py:4138} INFO - Setting next_dagrun for load_to_mongodb_dag to None, run_after=None
[2026-06-07T17:45:02.291+0000] {processor.py:208} INFO - Processing /opt/airflow/dags/load_to_mongodb_dag.py took 0.612 seconds
[2026-06-07T17:45:32.501+0000] {processor.py:186} INFO - Started process (PID=395) to work on /opt/airflow/dags/load_to_mongodb_dag.py
[2026-06-07T17:45:32.502+0000] {processor.py:914} INFO - Processing file /opt/airflow/dags/load_to_mongodb_dag.py for tasks to queue
[2026-06-07T17:45:32.505+0000] {logging_mixin.py:190} INFO - [2026-06-07T17:45:32.505+0000] {dagbag.py:587} INFO - Filling up the DagBag from /opt/airflow/dags/load_to_mongodb_dag.py
[2026-06-07T17:45:33.099+0000] {processor.py:925} INFO - DAG(s) 'load_to_mongodb_dag' retrieved from /opt/airflow/dags/load_to_mongodb_dag.py
[2026-06-07T17:45:33.116+0000] {logging_mixin.py:190} INFO - [2026-06-07T17:45:33.115+0000] {dag.py:3211} INFO - Sync 1 DAGs
[2026-06-07T17:45:33.134+0000] {logging_mixin.py:190} INFO - [2026-06-07T17:45:33.134+0000] {dag.py:4138} INFO - Setting next_dagrun for load_to_mongodb_dag to None, run_after=None
[2026-06-07T17:45:33.166+0000] {processor.py:208} INFO - Processing /opt/airflow/dags/load_to_mongodb_dag.py took 0.671 seconds
[2026-06-07T17:46:03.294+0000] {processor.py:186} INFO - Started process (PID=399) to work on /opt/airflow/dags/load_to_mongodb_dag.py
[2026-06-07T17:46:03.295+0000] {processor.py:914} INFO - Processing file /opt/airflow/dags/load_to_mongodb_dag.py for tasks to queue
[2026-06-07T17:46:03.299+0000] {logging_mixin.py:190} INFO - [2026-06-07T17:46:03.298+0000] {dagbag.py:587} INFO - Filling up the DagBag from /opt/airflow/dags/load_to_mongodb_dag.py
[2026-06-07T17:46:03.872+0000] {processor.py:925} INFO - DAG(s) 'load_to_mongodb_dag' retrieved from /opt/airflow/dags/load_to_mongodb_dag.py
[2026-06-07T17:46:03.889+0000] {logging_mixin.py:190} INFO - [2026-06-07T17:46:03.889+0000] {dag.py:3211} INFO - Sync 1 DAGs
[2026-06-07T17:46:03.910+0000] {logging_mixin.py:190} INFO - [2026-06-07T17:46:03.909+0000] {dag.py:4138} INFO - Setting next_dagrun for load_to_mongodb_dag to None, run_after=None
[2026-06-07T17:46:03.940+0000] {processor.py:208} INFO - Processing /opt/airflow/dags/load_to_mongodb_dag.py took 0.653 seconds
[2026-06-07T17:46:34.102+0000] {processor.py:186} INFO - Started process (PID=403) to work on /opt/airflow/dags/load_to_mongodb_dag.py
[2026-06-07T17:46:34.103+0000] {processor.py:914} INFO - Processing file /opt/airflow/dags/load_to_mongodb_dag.py for tasks to queue
[2026-06-07T17:46:34.107+0000] {logging_mixin.py:190} INFO - [2026-06-07T17:46:34.106+0000] {dagbag.py:587} INFO - Filling up the DagBag from /opt/airflow/dags/load_to_mongodb_dag.py
[2026-06-07T17:46:34.654+0000] {processor.py:925} INFO - DAG(s) 'load_to_mongodb_dag' retrieved from /opt/airflow/dags/load_to_mongodb_dag.py
[2026-06-07T17:46:34.671+0000] {logging_mixin.py:190} INFO - [2026-06-07T17:46:34.670+0000] {dag.py:3211} INFO - Sync 1 DAGs
[2026-06-07T17:46:34.690+0000] {logging_mixin.py:190} INFO - [2026-06-07T17:46:34.690+0000] {dag.py:4138} INFO - Setting next_dagrun for load_to_mongodb_dag to None, run_after=None
[2026-06-07T17:46:34.724+0000] {processor.py:208} INFO - Processing /opt/airflow/dags/load_to_mongodb_dag.py took 0.628 seconds
[2026-06-07T17:47:04.888+0000] {processor.py:186} INFO - Started process (PID=407) to work on /opt/airflow/dags/load_to_mongodb_dag.py
[2026-06-07T17:47:04.889+0000] {processor.py:914} INFO - Processing file /opt/airflow/dags/load_to_mongodb_dag.py for tasks to queue
[2026-06-07T17:47:04.892+0000] {logging_mixin.py:190} INFO - [2026-06-07T17:47:04.892+0000] {dagbag.py:587} INFO - Filling up the DagBag from /opt/airflow/dags/load_to_mongodb_dag.py
[2026-06-07T17:47:05.480+0000] {processor.py:925} INFO - DAG(s) 'load_to_mongodb_dag' retrieved from /opt/airflow/dags/load_to_mongodb_dag.py
[2026-06-07T17:47:05.498+0000] {logging_mixin.py:190} INFO - [2026-06-07T17:47:05.498+0000] {dag.py:3211} INFO - Sync 1 DAGs
[2026-06-07T17:47:05.516+0000] {logging_mixin.py:190} INFO - [2026-06-07T17:47:05.516+0000] {dag.py:4138} INFO - Setting next_dagrun for load_to_mongodb_dag to None, run_after=None
[2026-06-07T17:47:05.549+0000] {processor.py:208} INFO - Processing /opt/airflow/dags/load_to_mongodb_dag.py took 0.668 seconds
[2026-06-07T17:47:35.699+0000] {processor.py:186} INFO - Started process (PID=411) to work on /opt/airflow/dags/load_to_mongodb_dag.py
[2026-06-07T17:47:35.700+0000] {processor.py:914} INFO - Processing file /opt/airflow/dags/load_to_mongodb_dag.py for tasks to queue
[2026-06-07T17:47:35.706+0000] {logging_mixin.py:190} INFO - [2026-06-07T17:47:35.705+0000] {dagbag.py:587} INFO - Filling up the DagBag from /opt/airflow/dags/load_to_mongodb_dag.py
[2026-06-07T17:47:36.267+0000] {processor.py:925} INFO - DAG(s) 'load_to_mongodb_dag' retrieved from /opt/airflow/dags/load_to_mongodb_dag.py
[2026-06-07T17:47:36.282+0000] {logging_mixin.py:190} INFO - [2026-06-07T17:47:36.282+0000] {dag.py:3211} INFO - Sync 1 DAGs
[2026-06-07T17:47:36.299+0000] {logging_mixin.py:190} INFO - [2026-06-07T17:47:36.298+0000] {dag.py:4138} INFO - Setting next_dagrun for load_to_mongodb_dag to None, run_after=None
[2026-06-07T17:47:36.330+0000] {processor.py:208} INFO - Processing /opt/airflow/dags/load_to_mongodb_dag.py took 0.639 seconds
[2026-06-07T17:48:06.544+0000] {processor.py:186} INFO - Started process (PID=415) to work on /opt/airflow/dags/load_to_mongodb_dag.py
[2026-06-07T17:48:06.545+0000] {processor.py:914} INFO - Processing file /opt/airflow/dags/load_to_mongodb_dag.py for tasks to queue
[2026-06-07T17:48:06.548+0000] {logging_mixin.py:190} INFO - [2026-06-07T17:48:06.548+0000] {dagbag.py:587} INFO - Filling up the DagBag from /opt/airflow/dags/load_to_mongodb_dag.py
[2026-06-07T17:48:07.087+0000] {processor.py:925} INFO - DAG(s) 'load_to_mongodb_dag' retrieved from /opt/airflow/dags/load_to_mongodb_dag.py
[2026-06-07T17:48:07.103+0000] {logging_mixin.py:190} INFO - [2026-06-07T17:48:07.102+0000] {dag.py:3211} INFO - Sync 1 DAGs
[2026-06-07T17:48:07.119+0000] {logging_mixin.py:190} INFO - [2026-06-07T17:48:07.119+0000] {dag.py:4138} INFO - Setting next_dagrun for load_to_mongodb_dag to None, run_after=None
[2026-06-07T17:48:07.148+0000] {processor.py:208} INFO - Processing /opt/airflow/dags/load_to_mongodb_dag.py took 0.611 seconds
[2026-06-07T17:48:37.340+0000] {processor.py:186} INFO - Started process (PID=419) to work on /opt/airflow/dags/load_to_mongodb_dag.py
[2026-06-07T17:48:37.341+0000] {processor.py:914} INFO - Processing file /opt/airflow/dags/load_to_mongodb_dag.py for tasks to queue
[2026-06-07T17:48:37.345+0000] {logging_mixin.py:190} INFO - [2026-06-07T17:48:37.344+0000] {dagbag.py:587} INFO - Filling up the DagBag from /opt/airflow/dags/load_to_mongodb_dag.py
[2026-06-07T17:48:37.945+0000] {processor.py:925} INFO - DAG(s) 'load_to_mongodb_dag' retrieved from /opt/airflow/dags/load_to_mongodb_dag.py
[2026-06-07T17:48:37.967+0000] {logging_mixin.py:190} INFO - [2026-06-07T17:48:37.967+0000] {dag.py:3211} INFO - Sync 1 DAGs
[2026-06-07T17:48:37.986+0000] {logging_mixin.py:190} INFO - [2026-06-07T17:48:37.986+0000] {dag.py:4138} INFO - Setting next_dagrun for load_to_mongodb_dag to None, run_after=None
[2026-06-07T17:48:38.017+0000] {processor.py:208} INFO - Processing /opt/airflow/dags/load_to_mongodb_dag.py took 0.683 seconds
[2026-06-07T17:49:08.155+0000] {processor.py:186} INFO - Started process (PID=423) to work on /opt/airflow/dags/load_to_mongodb_dag.py
[2026-06-07T17:49:08.157+0000] {processor.py:914} INFO - Processing file /opt/airflow/dags/load_to_mongodb_dag.py for tasks to queue
[2026-06-07T17:49:08.160+0000] {logging_mixin.py:190} INFO - [2026-06-07T17:49:08.160+0000] {dagbag.py:587} INFO - Filling up the DagBag from /opt/airflow/dags/load_to_mongodb_dag.py
[2026-06-07T17:49:08.847+0000] {processor.py:925} INFO - DAG(s) 'load_to_mongodb_dag' retrieved from /opt/airflow/dags/load_to_mongodb_dag.py
[2026-06-07T17:49:08.861+0000] {logging_mixin.py:190} INFO - [2026-06-07T17:49:08.861+0000] {dag.py:3211} INFO - Sync 1 DAGs
[2026-06-07T17:49:08.877+0000] {logging_mixin.py:190} INFO - [2026-06-07T17:49:08.876+0000] {dag.py:4138} INFO - Setting next_dagrun for load_to_mongodb_dag to None, run_after=None
[2026-06-07T17:49:08.908+0000] {processor.py:208} INFO - Processing /opt/airflow/dags/load_to_mongodb_dag.py took 0.761 seconds
[2026-06-07T17:49:39.064+0000] {processor.py:186} INFO - Started process (PID=427) to work on /opt/airflow/dags/load_to_mongodb_dag.py
[2026-06-07T17:49:39.065+0000] {processor.py:914} INFO - Processing file /opt/airflow/dags/load_to_mongodb_dag.py for tasks to queue
[2026-06-07T17:49:39.069+0000] {logging_mixin.py:190} INFO - [2026-06-07T17:49:39.069+0000] {dagbag.py:587} INFO - Filling up the DagBag from /opt/airflow/dags/load_to_mongodb_dag.py
[2026-06-07T17:49:39.636+0000] {processor.py:925} INFO - DAG(s) 'load_to_mongodb_dag' retrieved from /opt/airflow/dags/load_to_mongodb_dag.py
[2026-06-07T17:49:39.651+0000] {logging_mixin.py:190} INFO - [2026-06-07T17:49:39.651+0000] {dag.py:3211} INFO - Sync 1 DAGs
[2026-06-07T17:49:39.670+0000] {logging_mixin.py:190} INFO - [2026-06-07T17:49:39.670+0000] {dag.py:4138} INFO - Setting next_dagrun for load_to_mongodb_dag to None, run_after=None
[2026-06-07T17:49:39.700+0000] {processor.py:208} INFO - Processing /opt/airflow/dags/load_to_mongodb_dag.py took 0.643 seconds
[2026-06-07T17:50:09.867+0000] {processor.py:186} INFO - Started process (PID=431) to work on /opt/airflow/dags/load_to_mongodb_dag.py
[2026-06-07T17:50:09.869+0000] {processor.py:914} INFO - Processing file /opt/airflow/dags/load_to_mongodb_dag.py for tasks to queue
[2026-06-07T17:50:09.873+0000] {logging_mixin.py:190} INFO - [2026-06-07T17:50:09.872+0000] {dagbag.py:587} INFO - Filling up the DagBag from /opt/airflow/dags/load_to_mongodb_dag.py
[2026-06-07T17:50:10.451+0000] {processor.py:925} INFO - DAG(s) 'load_to_mongodb_dag' retrieved from /opt/airflow/dags/load_to_mongodb_dag.py
[2026-06-07T17:50:10.467+0000] {logging_mixin.py:190} INFO - [2026-06-07T17:50:10.466+0000] {dag.py:3211} INFO - Sync 1 DAGs
[2026-06-07T17:50:10.485+0000] {logging_mixin.py:190} INFO - [2026-06-07T17:50:10.485+0000] {dag.py:4138} INFO - Setting next_dagrun for load_to_mongodb_dag to None, run_after=None
[2026-06-07T17:50:10.514+0000] {processor.py:208} INFO - Processing /opt/airflow/dags/load_to_mongodb_dag.py took 0.654 seconds
[2026-06-07T17:50:40.666+0000] {processor.py:186} INFO - Started process (PID=435) to work on /opt/airflow/dags/load_to_mongodb_dag.py
[2026-06-07T17:50:40.668+0000] {processor.py:914} INFO - Processing file /opt/airflow/dags/load_to_mongodb_dag.py for tasks to queue
[2026-06-07T17:50:40.671+0000] {logging_mixin.py:190} INFO - [2026-06-07T17:50:40.671+0000] {dagbag.py:587} INFO - Filling up the DagBag from /opt/airflow/dags/load_to_mongodb_dag.py
[2026-06-07T17:50:41.251+0000] {processor.py:925} INFO - DAG(s) 'load_to_mongodb_dag' retrieved from /opt/airflow/dags/load_to_mongodb_dag.py
[2026-06-07T17:50:41.269+0000] {logging_mixin.py:190} INFO - [2026-06-07T17:50:41.268+0000] {dag.py:3211} INFO - Sync 1 DAGs
[2026-06-07T17:50:41.286+0000] {logging_mixin.py:190} INFO - [2026-06-07T17:50:41.286+0000] {dag.py:4138} INFO - Setting next_dagrun for load_to_mongodb_dag to None, run_after=None
[2026-06-07T17:50:41.315+0000] {processor.py:208} INFO - Processing /opt/airflow/dags/load_to_mongodb_dag.py took 0.656 seconds
[2026-06-07T17:51:11.456+0000] {processor.py:186} INFO - Started process (PID=439) to work on /opt/airflow/dags/load_to_mongodb_dag.py
[2026-06-07T17:51:11.457+0000] {processor.py:914} INFO - Processing file /opt/airflow/dags/load_to_mongodb_dag.py for tasks to queue
[2026-06-07T17:51:11.460+0000] {logging_mixin.py:190} INFO - [2026-06-07T17:51:11.460+0000] {dagbag.py:587} INFO - Filling up the DagBag from /opt/airflow/dags/load_to_mongodb_dag.py
[2026-06-07T17:51:12.064+0000] {processor.py:925} INFO - DAG(s) 'load_to_mongodb_dag' retrieved from /opt/airflow/dags/load_to_mongodb_dag.py
[2026-06-07T17:51:12.081+0000] {logging_mixin.py:190} INFO - [2026-06-07T17:51:12.081+0000] {dag.py:3211} INFO - Sync 1 DAGs
[2026-06-07T17:51:12.101+0000] {logging_mixin.py:190} INFO - [2026-06-07T17:51:12.101+0000] {dag.py:4138} INFO - Setting next_dagrun for load_to_mongodb_dag to None, run_after=None
[2026-06-07T17:51:12.144+0000] {processor.py:208} INFO - Processing /opt/airflow/dags/load_to_mongodb_dag.py took 0.696 seconds
[2026-06-07T17:51:42.399+0000] {processor.py:186} INFO - Started process (PID=443) to work on /opt/airflow/dags/load_to_mongodb_dag.py
[2026-06-07T17:51:42.401+0000] {processor.py:914} INFO - Processing file /opt/airflow/dags/load_to_mongodb_dag.py for tasks to queue
[2026-06-07T17:51:42.405+0000] {logging_mixin.py:190} INFO - [2026-06-07T17:51:42.404+0000] {dagbag.py:587} INFO - Filling up the DagBag from /opt/airflow/dags/load_to_mongodb_dag.py
[2026-06-07T17:51:42.997+0000] {processor.py:925} INFO - DAG(s) 'load_to_mongodb_dag' retrieved from /opt/airflow/dags/load_to_mongodb_dag.py
[2026-06-07T17:51:43.023+0000] {logging_mixin.py:190} INFO - [2026-06-07T17:51:43.023+0000] {dag.py:3211} INFO - Sync 1 DAGs
[2026-06-07T17:51:43.042+0000] {logging_mixin.py:190} INFO - [2026-06-07T17:51:43.042+0000] {dag.py:4138} INFO - Setting next_dagrun for load_to_mongodb_dag to None, run_after=None
[2026-06-07T17:51:43.074+0000] {processor.py:208} INFO - Processing /opt/airflow/dags/load_to_mongodb_dag.py took 0.683 seconds
[2026-06-07T17:52:13.302+0000] {processor.py:186} INFO - Started process (PID=447) to work on /opt/airflow/dags/load_to_mongodb_dag.py
[2026-06-07T17:52:13.303+0000] {processor.py:914} INFO - Processing file /opt/airflow/dags/load_to_mongodb_dag.py for tasks to queue
[2026-06-07T17:52:13.306+0000] {logging_mixin.py:190} INFO - [2026-06-07T17:52:13.306+0000] {dagbag.py:587} INFO - Filling up the DagBag from /opt/airflow/dags/load_to_mongodb_dag.py
[2026-06-07T17:52:13.807+0000] {processor.py:925} INFO - DAG(s) 'load_to_mongodb_dag' retrieved from /opt/airflow/dags/load_to_mongodb_dag.py
[2026-06-07T17:52:13.821+0000] {logging_mixin.py:190} INFO - [2026-06-07T17:52:13.821+0000] {dag.py:3211} INFO - Sync 1 DAGs
[2026-06-07T17:52:13.841+0000] {logging_mixin.py:190} INFO - [2026-06-07T17:52:13.840+0000] {dag.py:4138} INFO - Setting next_dagrun for load_to_mongodb_dag to None, run_after=None
[2026-06-07T17:52:13.874+0000] {processor.py:208} INFO - Processing /opt/airflow/dags/load_to_mongodb_dag.py took 0.578 seconds
[2026-06-07T17:52:44.026+0000] {processor.py:186} INFO - Started process (PID=451) to work on /opt/airflow/dags/load_to_mongodb_dag.py
[2026-06-07T17:52:44.028+0000] {processor.py:914} INFO - Processing file /opt/airflow/dags/load_to_mongodb_dag.py for tasks to queue
[2026-06-07T17:52:44.031+0000] {logging_mixin.py:190} INFO - [2026-06-07T17:52:44.030+0000] {dagbag.py:587} INFO - Filling up the DagBag from /opt/airflow/dags/load_to_mongodb_dag.py
[2026-06-07T17:52:44.589+0000] {processor.py:925} INFO - DAG(s) 'load_to_mongodb_dag' retrieved from /opt/airflow/dags/load_to_mongodb_dag.py
[2026-06-07T17:52:44.605+0000] {logging_mixin.py:190} INFO - [2026-06-07T17:52:44.605+0000] {dag.py:3211} INFO - Sync 1 DAGs
[2026-06-07T17:52:44.621+0000] {logging_mixin.py:190} INFO - [2026-06-07T17:52:44.621+0000] {dag.py:4138} INFO - Setting next_dagrun for load_to_mongodb_dag to None, run_after=None
[2026-06-07T17:52:44.649+0000] {processor.py:208} INFO - Processing /opt/airflow/dags/load_to_mongodb_dag.py took 0.629 seconds
[2026-06-07T17:53:14.824+0000] {processor.py:186} INFO - Started process (PID=455) to work on /opt/airflow/dags/load_to_mongodb_dag.py
[2026-06-07T17:53:14.825+0000] {processor.py:914} INFO - Processing file /opt/airflow/dags/load_to_mongodb_dag.py for tasks to queue
[2026-06-07T17:53:14.827+0000] {logging_mixin.py:190} INFO - [2026-06-07T17:53:14.827+0000] {dagbag.py:587} INFO - Filling up the DagBag from /opt/airflow/dags/load_to_mongodb_dag.py
[2026-06-07T17:53:15.339+0000] {processor.py:925} INFO - DAG(s) 'load_to_mongodb_dag' retrieved from /opt/airflow/dags/load_to_mongodb_dag.py
[2026-06-07T17:53:15.354+0000] {logging_mixin.py:190} INFO - [2026-06-07T17:53:15.353+0000] {dag.py:3211} INFO - Sync 1 DAGs
[2026-06-07T17:53:15.374+0000] {logging_mixin.py:190} INFO - [2026-06-07T17:53:15.374+0000] {dag.py:4138} INFO - Setting next_dagrun for load_to_mongodb_dag to None, run_after=None
[2026-06-07T17:53:15.406+0000] {processor.py:208} INFO - Processing /opt/airflow/dags/load_to_mongodb_dag.py took 0.588 seconds
[2026-06-07T17:53:45.617+0000] {processor.py:186} INFO - Started process (PID=459) to work on /opt/airflow/dags/load_to_mongodb_dag.py
[2026-06-07T17:53:45.618+0000] {processor.py:914} INFO - Processing file /opt/airflow/dags/load_to_mongodb_dag.py for tasks to queue
[2026-06-07T17:53:45.621+0000] {logging_mixin.py:190} INFO - [2026-06-07T17:53:45.620+0000] {dagbag.py:587} INFO - Filling up the DagBag from /opt/airflow/dags/load_to_mongodb_dag.py
[2026-06-07T17:53:46.258+0000] {processor.py:925} INFO - DAG(s) 'load_to_mongodb_dag' retrieved from /opt/airflow/dags/load_to_mongodb_dag.py
[2026-06-07T17:53:46.275+0000] {logging_mixin.py:190} INFO - [2026-06-07T17:53:46.274+0000] {dag.py:3211} INFO - Sync 1 DAGs
[2026-06-07T17:53:46.299+0000] {logging_mixin.py:190} INFO - [2026-06-07T17:53:46.299+0000] {dag.py:4138} INFO - Setting next_dagrun for load_to_mongodb_dag to None, run_after=None
[2026-06-07T17:53:46.333+0000] {processor.py:208} INFO - Processing /opt/airflow/dags/load_to_mongodb_dag.py took 0.723 seconds
[2026-06-07T17:54:16.529+0000] {processor.py:186} INFO - Started process (PID=463) to work on /opt/airflow/dags/load_to_mongodb_dag.py
[2026-06-07T17:54:16.530+0000] {processor.py:914} INFO - Processing file /opt/airflow/dags/load_to_mongodb_dag.py for tasks to queue
[2026-06-07T17:54:16.533+0000] {logging_mixin.py:190} INFO - [2026-06-07T17:54:16.533+0000] {dagbag.py:587} INFO - Filling up the DagBag from /opt/airflow/dags/load_to_mongodb_dag.py
[2026-06-07T17:54:17.062+0000] {processor.py:925} INFO - DAG(s) 'load_to_mongodb_dag' retrieved from /opt/airflow/dags/load_to_mongodb_dag.py
[2026-06-07T17:54:17.077+0000] {logging_mixin.py:190} INFO - [2026-06-07T17:54:17.077+0000] {dag.py:3211} INFO - Sync 1 DAGs
[2026-06-07T17:54:17.095+0000] {logging_mixin.py:190} INFO - [2026-06-07T17:54:17.094+0000] {dag.py:4138} INFO - Setting next_dagrun for load_to_mongodb_dag to None, run_after=None
[2026-06-07T17:54:17.125+0000] {processor.py:208} INFO - Processing /opt/airflow/dags/load_to_mongodb_dag.py took 0.602 seconds
[2026-06-07T17:54:47.343+0000] {processor.py:186} INFO - Started process (PID=467) to work on /opt/airflow/dags/load_to_mongodb_dag.py
[2026-06-07T17:54:47.344+0000] {processor.py:914} INFO - Processing file /opt/airflow/dags/load_to_mongodb_dag.py for tasks to queue
[2026-06-07T17:54:47.347+0000] {logging_mixin.py:190} INFO - [2026-06-07T17:54:47.346+0000] {dagbag.py:587} INFO - Filling up the DagBag from /opt/airflow/dags/load_to_mongodb_dag.py
[2026-06-07T17:54:47.871+0000] {processor.py:925} INFO - DAG(s) 'load_to_mongodb_dag' retrieved from /opt/airflow/dags/load_to_mongodb_dag.py
[2026-06-07T17:54:47.886+0000] {logging_mixin.py:190} INFO - [2026-06-07T17:54:47.886+0000] {dag.py:3211} INFO - Sync 1 DAGs
[2026-06-07T17:54:47.903+0000] {logging_mixin.py:190} INFO - [2026-06-07T17:54:47.903+0000] {dag.py:4138} INFO - Setting next_dagrun for load_to_mongodb_dag to None, run_after=None
[2026-06-07T17:54:47.933+0000] {processor.py:208} INFO - Processing /opt/airflow/dags/load_to_mongodb_dag.py took 0.597 seconds
[2026-06-07T17:55:18.168+0000] {processor.py:186} INFO - Started process (PID=471) to work on /opt/airflow/dags/load_to_mongodb_dag.py
[2026-06-07T17:55:18.170+0000] {processor.py:914} INFO - Processing file /opt/airflow/dags/load_to_mongodb_dag.py for tasks to queue
[2026-06-07T17:55:18.174+0000] {logging_mixin.py:190} INFO - [2026-06-07T17:55:18.173+0000] {dagbag.py:587} INFO - Filling up the DagBag from /opt/airflow/dags/load_to_mongodb_dag.py
[2026-06-07T17:55:18.820+0000] {processor.py:925} INFO - DAG(s) 'load_to_mongodb_dag' retrieved from /opt/airflow/dags/load_to_mongodb_dag.py
[2026-06-07T17:55:18.836+0000] {logging_mixin.py:190} INFO - [2026-06-07T17:55:18.835+0000] {dag.py:3211} INFO - Sync 1 DAGs
[2026-06-07T17:55:18.910+0000] {logging_mixin.py:190} INFO - [2026-06-07T17:55:18.910+0000] {dag.py:4138} INFO - Setting next_dagrun for load_to_mongodb_dag to None, run_after=None
[2026-06-07T17:55:18.953+0000] {processor.py:208} INFO - Processing /opt/airflow/dags/load_to_mongodb_dag.py took 0.793 seconds
[2026-06-07T17:55:49.192+0000] {processor.py:186} INFO - Started process (PID=475) to work on /opt/airflow/dags/load_to_mongodb_dag.py
[2026-06-07T17:55:49.194+0000] {processor.py:914} INFO - Processing file /opt/airflow/dags/load_to_mongodb_dag.py for tasks to queue
[2026-06-07T17:55:49.196+0000] {logging_mixin.py:190} INFO - [2026-06-07T17:55:49.196+0000] {dagbag.py:587} INFO - Filling up the DagBag from /opt/airflow/dags/load_to_mongodb_dag.py
[2026-06-07T17:55:49.800+0000] {processor.py:925} INFO - DAG(s) 'load_to_mongodb_dag' retrieved from /opt/airflow/dags/load_to_mongodb_dag.py
[2026-06-07T17:55:49.820+0000] {logging_mixin.py:190} INFO - [2026-06-07T17:55:49.819+0000] {dag.py:3211} INFO - Sync 1 DAGs
[2026-06-07T17:55:49.843+0000] {logging_mixin.py:190} INFO - [2026-06-07T17:55:49.843+0000] {dag.py:4138} INFO - Setting next_dagrun for load_to_mongodb_dag to None, run_after=None
[2026-06-07T17:55:49.874+0000] {processor.py:208} INFO - Processing /opt/airflow/dags/load_to_mongodb_dag.py took 0.688 seconds
[2026-06-07T17:56:20.114+0000] {processor.py:186} INFO - Started process (PID=479) to work on /opt/airflow/dags/load_to_mongodb_dag.py
[2026-06-07T17:56:20.115+0000] {processor.py:914} INFO - Processing file /opt/airflow/dags/load_to_mongodb_dag.py for tasks to queue
[2026-06-07T17:56:20.118+0000] {logging_mixin.py:190} INFO - [2026-06-07T17:56:20.118+0000] {dagbag.py:587} INFO - Filling up the DagBag from /opt/airflow/dags/load_to_mongodb_dag.py
[2026-06-07T17:56:20.653+0000] {processor.py:925} INFO - DAG(s) 'load_to_mongodb_dag' retrieved from /opt/airflow/dags/load_to_mongodb_dag.py
[2026-06-07T17:56:20.668+0000] {logging_mixin.py:190} INFO - [2026-06-07T17:56:20.668+0000] {dag.py:3211} INFO - Sync 1 DAGs
[2026-06-07T17:56:20.685+0000] {logging_mixin.py:190} INFO - [2026-06-07T17:56:20.684+0000] {dag.py:4138} INFO - Setting next_dagrun for load_to_mongodb_dag to None, run_after=None
[2026-06-07T17:56:20.712+0000] {processor.py:208} INFO - Processing /opt/airflow/dags/load_to_mongodb_dag.py took 0.604 seconds
[2026-06-07T17:56:50.942+0000] {processor.py:186} INFO - Started process (PID=483) to work on /opt/airflow/dags/load_to_mongodb_dag.py
[2026-06-07T17:56:50.945+0000] {processor.py:914} INFO - Processing file /opt/airflow/dags/load_to_mongodb_dag.py for tasks to queue
[2026-06-07T17:56:50.950+0000] {logging_mixin.py:190} INFO - [2026-06-07T17:56:50.949+0000] {dagbag.py:587} INFO - Filling up the DagBag from /opt/airflow/dags/load_to_mongodb_dag.py
[2026-06-07T17:56:51.757+0000] {processor.py:925} INFO - DAG(s) 'load_to_mongodb_dag' retrieved from /opt/airflow/dags/load_to_mongodb_dag.py
[2026-06-07T17:56:51.775+0000] {logging_mixin.py:190} INFO - [2026-06-07T17:56:51.775+0000] {dag.py:3211} INFO - Sync 1 DAGs
[2026-06-07T17:56:51.795+0000] {logging_mixin.py:190} INFO - [2026-06-07T17:56:51.795+0000] {dag.py:4138} INFO - Setting next_dagrun for load_to_mongodb_dag to None, run_after=None
[2026-06-07T17:56:51.827+0000] {processor.py:208} INFO - Processing /opt/airflow/dags/load_to_mongodb_dag.py took 0.902 seconds
[2026-06-07T17:57:22.051+0000] {processor.py:186} INFO - Started process (PID=487) to work on /opt/airflow/dags/load_to_mongodb_dag.py
[2026-06-07T17:57:22.052+0000] {processor.py:914} INFO - Processing file /opt/airflow/dags/load_to_mongodb_dag.py for tasks to queue
[2026-06-07T17:57:22.056+0000] {logging_mixin.py:190} INFO - [2026-06-07T17:57:22.055+0000] {dagbag.py:587} INFO - Filling up the DagBag from /opt/airflow/dags/load_to_mongodb_dag.py
[2026-06-07T17:57:22.578+0000] {processor.py:925} INFO - DAG(s) 'load_to_mongodb_dag' retrieved from /opt/airflow/dags/load_to_mongodb_dag.py
[2026-06-07T17:57:22.594+0000] {logging_mixin.py:190} INFO - [2026-06-07T17:57:22.594+0000] {dag.py:3211} INFO - Sync 1 DAGs
[2026-06-07T17:57:22.612+0000] {logging_mixin.py:190} INFO - [2026-06-07T17:57:22.612+0000] {dag.py:4138} INFO - Setting next_dagrun for load_to_mongodb_dag to None, run_after=None
[2026-06-07T17:57:22.643+0000] {processor.py:208} INFO - Processing /opt/airflow/dags/load_to_mongodb_dag.py took 0.599 seconds
[2026-06-07T17:57:52.877+0000] {processor.py:186} INFO - Started process (PID=491) to work on /opt/airflow/dags/load_to_mongodb_dag.py
[2026-06-07T17:57:52.879+0000] {processor.py:914} INFO - Processing file /opt/airflow/dags/load_to_mongodb_dag.py for tasks to queue
[2026-06-07T17:57:52.882+0000] {logging_mixin.py:190} INFO - [2026-06-07T17:57:52.882+0000] {dagbag.py:587} INFO - Filling up the DagBag from /opt/airflow/dags/load_to_mongodb_dag.py
[2026-06-07T17:57:53.416+0000] {processor.py:925} INFO - DAG(s) 'load_to_mongodb_dag' retrieved from /opt/airflow/dags/load_to_mongodb_dag.py
[2026-06-07T17:57:53.432+0000] {logging_mixin.py:190} INFO - [2026-06-07T17:57:53.431+0000] {dag.py:3211} INFO - Sync 1 DAGs
[2026-06-07T17:57:53.449+0000] {logging_mixin.py:190} INFO - [2026-06-07T17:57:53.449+0000] {dag.py:4138} INFO - Setting next_dagrun for load_to_mongodb_dag to None, run_after=None
[2026-06-07T17:57:53.479+0000] {processor.py:208} INFO - Processing /opt/airflow/dags/load_to_mongodb_dag.py took 0.607 seconds
[2026-06-07T17:58:23.678+0000] {processor.py:186} INFO - Started process (PID=495) to work on /opt/airflow/dags/load_to_mongodb_dag.py
[2026-06-07T17:58:23.680+0000] {processor.py:914} INFO - Processing file /opt/airflow/dags/load_to_mongodb_dag.py for tasks to queue
[2026-06-07T17:58:23.683+0000] {logging_mixin.py:190} INFO - [2026-06-07T17:58:23.682+0000] {dagbag.py:587} INFO - Filling up the DagBag from /opt/airflow/dags/load_to_mongodb_dag.py
[2026-06-07T17:58:24.197+0000] {processor.py:925} INFO - DAG(s) 'load_to_mongodb_dag' retrieved from /opt/airflow/dags/load_to_mongodb_dag.py
[2026-06-07T17:58:24.211+0000] {logging_mixin.py:190} INFO - [2026-06-07T17:58:24.210+0000] {dag.py:3211} INFO - Sync 1 DAGs
[2026-06-07T17:58:24.228+0000] {logging_mixin.py:190} INFO - [2026-06-07T17:58:24.228+0000] {dag.py:4138} INFO - Setting next_dagrun for load_to_mongodb_dag to None, run_after=None
[2026-06-07T17:58:24.258+0000] {processor.py:208} INFO - Processing /opt/airflow/dags/load_to_mongodb_dag.py took 0.586 seconds
[2026-06-07T17:58:54.458+0000] {processor.py:186} INFO - Started process (PID=499) to work on /opt/airflow/dags/load_to_mongodb_dag.py
[2026-06-07T17:58:54.460+0000] {processor.py:914} INFO - Processing file /opt/airflow/dags/load_to_mongodb_dag.py for tasks to queue
[2026-06-07T17:58:54.463+0000] {logging_mixin.py:190} INFO - [2026-06-07T17:58:54.463+0000] {dagbag.py:587} INFO - Filling up the DagBag from /opt/airflow/dags/load_to_mongodb_dag.py
[2026-06-07T17:58:54.981+0000] {processor.py:925} INFO - DAG(s) 'load_to_mongodb_dag' retrieved from /opt/airflow/dags/load_to_mongodb_dag.py
[2026-06-07T17:58:54.996+0000] {logging_mixin.py:190} INFO - [2026-06-07T17:58:54.996+0000] {dag.py:3211} INFO - Sync 1 DAGs
[2026-06-07T17:58:55.014+0000] {logging_mixin.py:190} INFO - [2026-06-07T17:58:55.014+0000] {dag.py:4138} INFO - Setting next_dagrun for load_to_mongodb_dag to None, run_after=None
[2026-06-07T17:58:55.043+0000] {processor.py:208} INFO - Processing /opt/airflow/dags/load_to_mongodb_dag.py took 0.593 seconds
[2026-06-07T17:59:25.326+0000] {processor.py:186} INFO - Started process (PID=503) to work on /opt/airflow/dags/load_to_mongodb_dag.py
[2026-06-07T17:59:25.329+0000] {processor.py:914} INFO - Processing file /opt/airflow/dags/load_to_mongodb_dag.py for tasks to queue
[2026-06-07T17:59:25.334+0000] {logging_mixin.py:190} INFO - [2026-06-07T17:59:25.333+0000] {dagbag.py:587} INFO - Filling up the DagBag from /opt/airflow/dags/load_to_mongodb_dag.py
[2026-06-07T17:59:26.038+0000] {processor.py:925} INFO - DAG(s) 'load_to_mongodb_dag' retrieved from /opt/airflow/dags/load_to_mongodb_dag.py
[2026-06-07T17:59:26.063+0000] {logging_mixin.py:190} INFO - [2026-06-07T17:59:26.062+0000] {dag.py:3211} INFO - Sync 1 DAGs
[2026-06-07T17:59:26.091+0000] {logging_mixin.py:190} INFO - [2026-06-07T17:59:26.090+0000] {dag.py:4138} INFO - Setting next_dagrun for load_to_mongodb_dag to None, run_after=None
[2026-06-07T17:59:26.134+0000] {processor.py:208} INFO - Processing /opt/airflow/dags/load_to_mongodb_dag.py took 0.815 seconds
[2026-06-07T17:59:56.437+0000] {processor.py:186} INFO - Started process (PID=507) to work on /opt/airflow/dags/load_to_mongodb_dag.py
[2026-06-07T17:59:56.439+0000] {processor.py:914} INFO - Processing file /opt/airflow/dags/load_to_mongodb_dag.py for tasks to queue
[2026-06-07T17:59:56.443+0000] {logging_mixin.py:190} INFO - [2026-06-07T17:59:56.443+0000] {dagbag.py:587} INFO - Filling up the DagBag from /opt/airflow/dags/load_to_mongodb_dag.py
[2026-06-07T17:59:57.262+0000] {processor.py:925} INFO - DAG(s) 'load_to_mongodb_dag' retrieved from /opt/airflow/dags/load_to_mongodb_dag.py
[2026-06-07T17:59:57.279+0000] {logging_mixin.py:190} INFO - [2026-06-07T17:59:57.279+0000] {dag.py:3211} INFO - Sync 1 DAGs
[2026-06-07T17:59:57.297+0000] {logging_mixin.py:190} INFO - [2026-06-07T17:59:57.297+0000] {dag.py:4138} INFO - Setting next_dagrun for load_to_mongodb_dag to None, run_after=None
[2026-06-07T17:59:57.336+0000] {processor.py:208} INFO - Processing /opt/airflow/dags/load_to_mongodb_dag.py took 0.909 seconds
[2026-06-07T18:00:27.583+0000] {processor.py:186} INFO - Started process (PID=511) to work on /opt/airflow/dags/load_to_mongodb_dag.py
[2026-06-07T18:00:27.585+0000] {processor.py:914} INFO - Processing file /opt/airflow/dags/load_to_mongodb_dag.py for tasks to queue
[2026-06-07T18:00:27.592+0000] {logging_mixin.py:190} INFO - [2026-06-07T18:00:27.590+0000] {dagbag.py:587} INFO - Filling up the DagBag from /opt/airflow/dags/load_to_mongodb_dag.py
[2026-06-07T18:00:28.366+0000] {processor.py:925} INFO - DAG(s) 'load_to_mongodb_dag' retrieved from /opt/airflow/dags/load_to_mongodb_dag.py
[2026-06-07T18:00:28.389+0000] {logging_mixin.py:190} INFO - [2026-06-07T18:00:28.388+0000] {dag.py:3211} INFO - Sync 1 DAGs
[2026-06-07T18:00:28.414+0000] {logging_mixin.py:190} INFO - [2026-06-07T18:00:28.414+0000] {dag.py:4138} INFO - Setting next_dagrun for load_to_mongodb_dag to None, run_after=None
[2026-06-07T18:00:28.452+0000] {processor.py:208} INFO - Processing /opt/airflow/dags/load_to_mongodb_dag.py took 0.880 seconds
[2026-06-07T18:00:58.776+0000] {processor.py:186} INFO - Started process (PID=515) to work on /opt/airflow/dags/load_to_mongodb_dag.py
[2026-06-07T18:00:58.778+0000] {processor.py:914} INFO - Processing file /opt/airflow/dags/load_to_mongodb_dag.py for tasks to queue
[2026-06-07T18:00:58.782+0000] {logging_mixin.py:190} INFO - [2026-06-07T18:00:58.782+0000] {dagbag.py:587} INFO - Filling up the DagBag from /opt/airflow/dags/load_to_mongodb_dag.py
[2026-06-07T18:00:59.611+0000] {processor.py:925} INFO - DAG(s) 'load_to_mongodb_dag' retrieved from /opt/airflow/dags/load_to_mongodb_dag.py
[2026-06-07T18:00:59.628+0000] {logging_mixin.py:190} INFO - [2026-06-07T18:00:59.627+0000] {dag.py:3211} INFO - Sync 1 DAGs
[2026-06-07T18:00:59.646+0000] {logging_mixin.py:190} INFO - [2026-06-07T18:00:59.645+0000] {dag.py:4138} INFO - Setting next_dagrun for load_to_mongodb_dag to None, run_after=None
[2026-06-07T18:00:59.678+0000] {processor.py:208} INFO - Processing /opt/airflow/dags/load_to_mongodb_dag.py took 0.916 seconds
[2026-06-07T18:01:29.934+0000] {processor.py:186} INFO - Started process (PID=519) to work on /opt/airflow/dags/load_to_mongodb_dag.py
[2026-06-07T18:01:29.936+0000] {processor.py:914} INFO - Processing file /opt/airflow/dags/load_to_mongodb_dag.py for tasks to queue
[2026-06-07T18:01:29.940+0000] {logging_mixin.py:190} INFO - [2026-06-07T18:01:29.939+0000] {dagbag.py:587} INFO - Filling up the DagBag from /opt/airflow/dags/load_to_mongodb_dag.py
[2026-06-07T18:01:30.695+0000] {processor.py:925} INFO - DAG(s) 'load_to_mongodb_dag' retrieved from /opt/airflow/dags/load_to_mongodb_dag.py
[2026-06-07T18:01:30.712+0000] {logging_mixin.py:190} INFO - [2026-06-07T18:01:30.711+0000] {dag.py:3211} INFO - Sync 1 DAGs
[2026-06-07T18:01:30.731+0000] {logging_mixin.py:190} INFO - [2026-06-07T18:01:30.730+0000] {dag.py:4138} INFO - Setting next_dagrun for load_to_mongodb_dag to None, run_after=None
[2026-06-07T18:01:30.771+0000] {processor.py:208} INFO - Processing /opt/airflow/dags/load_to_mongodb_dag.py took 0.844 seconds
[2026-06-07T18:02:01.014+0000] {processor.py:186} INFO - Started process (PID=523) to work on /opt/airflow/dags/load_to_mongodb_dag.py
[2026-06-07T18:02:01.016+0000] {processor.py:914} INFO - Processing file /opt/airflow/dags/load_to_mongodb_dag.py for tasks to queue
[2026-06-07T18:02:01.020+0000] {logging_mixin.py:190} INFO - [2026-06-07T18:02:01.020+0000] {dagbag.py:587} INFO - Filling up the DagBag from /opt/airflow/dags/load_to_mongodb_dag.py
[2026-06-07T18:02:01.962+0000] {processor.py:925} INFO - DAG(s) 'load_to_mongodb_dag' retrieved from /opt/airflow/dags/load_to_mongodb_dag.py
[2026-06-07T18:02:01.988+0000] {logging_mixin.py:190} INFO - [2026-06-07T18:02:01.987+0000] {dag.py:3211} INFO - Sync 1 DAGs
[2026-06-07T18:02:02.023+0000] {logging_mixin.py:190} INFO - [2026-06-07T18:02:02.022+0000] {dag.py:4138} INFO - Setting next_dagrun for load_to_mongodb_dag to None, run_after=None
[2026-06-07T18:02:02.058+0000] {processor.py:208} INFO - Processing /opt/airflow/dags/load_to_mongodb_dag.py took 1.056 seconds
[2026-06-07T18:02:32.408+0000] {processor.py:186} INFO - Started process (PID=527) to work on /opt/airflow/dags/load_to_mongodb_dag.py
[2026-06-07T18:02:32.410+0000] {processor.py:914} INFO - Processing file /opt/airflow/dags/load_to_mongodb_dag.py for tasks to queue
[2026-06-07T18:02:32.415+0000] {logging_mixin.py:190} INFO - [2026-06-07T18:02:32.415+0000] {dagbag.py:587} INFO - Filling up the DagBag from /opt/airflow/dags/load_to_mongodb_dag.py
[2026-06-07T18:02:33.113+0000] {processor.py:925} INFO - DAG(s) 'load_to_mongodb_dag' retrieved from /opt/airflow/dags/load_to_mongodb_dag.py
[2026-06-07T18:02:33.134+0000] {logging_mixin.py:190} INFO - [2026-06-07T18:02:33.134+0000] {dag.py:3211} INFO - Sync 1 DAGs
[2026-06-07T18:02:33.152+0000] {logging_mixin.py:190} INFO - [2026-06-07T18:02:33.152+0000] {dag.py:4138} INFO - Setting next_dagrun for load_to_mongodb_dag to None, run_after=None
[2026-06-07T18:02:33.196+0000] {processor.py:208} INFO - Processing /opt/airflow/dags/load_to_mongodb_dag.py took 0.799 seconds
[2026-06-07T18:03:03.475+0000] {processor.py:186} INFO - Started process (PID=531) to work on /opt/airflow/dags/load_to_mongodb_dag.py
[2026-06-07T18:03:03.478+0000] {processor.py:914} INFO - Processing file /opt/airflow/dags/load_to_mongodb_dag.py for tasks to queue
[2026-06-07T18:03:03.482+0000] {logging_mixin.py:190} INFO - [2026-06-07T18:03:03.481+0000] {dagbag.py:587} INFO - Filling up the DagBag from /opt/airflow/dags/load_to_mongodb_dag.py
[2026-06-07T18:03:04.229+0000] {processor.py:925} INFO - DAG(s) 'load_to_mongodb_dag' retrieved from /opt/airflow/dags/load_to_mongodb_dag.py
[2026-06-07T18:03:04.248+0000] {logging_mixin.py:190} INFO - [2026-06-07T18:03:04.247+0000] {dag.py:3211} INFO - Sync 1 DAGs
[2026-06-07T18:03:04.267+0000] {logging_mixin.py:190} INFO - [2026-06-07T18:03:04.266+0000] {dag.py:4138} INFO - Setting next_dagrun for load_to_mongodb_dag to None, run_after=None
[2026-06-07T18:03:04.300+0000] {processor.py:208} INFO - Processing /opt/airflow/dags/load_to_mongodb_dag.py took 0.833 seconds
[2026-06-07T18:03:34.540+0000] {processor.py:186} INFO - Started process (PID=535) to work on /opt/airflow/dags/load_to_mongodb_dag.py
[2026-06-07T18:03:34.542+0000] {processor.py:914} INFO - Processing file /opt/airflow/dags/load_to_mongodb_dag.py for tasks to queue
[2026-06-07T18:03:34.546+0000] {logging_mixin.py:190} INFO - [2026-06-07T18:03:34.545+0000] {dagbag.py:587} INFO - Filling up the DagBag from /opt/airflow/dags/load_to_mongodb_dag.py
[2026-06-07T18:03:35.263+0000] {processor.py:925} INFO - DAG(s) 'load_to_mongodb_dag' retrieved from /opt/airflow/dags/load_to_mongodb_dag.py
[2026-06-07T18:03:35.282+0000] {logging_mixin.py:190} INFO - [2026-06-07T18:03:35.281+0000] {dag.py:3211} INFO - Sync 1 DAGs
[2026-06-07T18:03:35.300+0000] {logging_mixin.py:190} INFO - [2026-06-07T18:03:35.300+0000] {dag.py:4138} INFO - Setting next_dagrun for load_to_mongodb_dag to None, run_after=None
[2026-06-07T18:03:35.333+0000] {processor.py:208} INFO - Processing /opt/airflow/dags/load_to_mongodb_dag.py took 0.800 seconds
[2026-06-07T18:04:05.624+0000] {processor.py:186} INFO - Started process (PID=539) to work on /opt/airflow/dags/load_to_mongodb_dag.py
[2026-06-07T18:04:05.626+0000] {processor.py:914} INFO - Processing file /opt/airflow/dags/load_to_mongodb_dag.py for tasks to queue
[2026-06-07T18:04:05.630+0000] {logging_mixin.py:190} INFO - [2026-06-07T18:04:05.630+0000] {dagbag.py:587} INFO - Filling up the DagBag from /opt/airflow/dags/load_to_mongodb_dag.py
[2026-06-07T18:04:06.414+0000] {processor.py:925} INFO - DAG(s) 'load_to_mongodb_dag' retrieved from /opt/airflow/dags/load_to_mongodb_dag.py
[2026-06-07T18:04:06.432+0000] {logging_mixin.py:190} INFO - [2026-06-07T18:04:06.431+0000] {dag.py:3211} INFO - Sync 1 DAGs
[2026-06-07T18:04:06.449+0000] {logging_mixin.py:190} INFO - [2026-06-07T18:04:06.449+0000] {dag.py:4138} INFO - Setting next_dagrun for load_to_mongodb_dag to None, run_after=None
[2026-06-07T18:04:06.481+0000] {processor.py:208} INFO - Processing /opt/airflow/dags/load_to_mongodb_dag.py took 0.866 seconds
[2026-06-07T18:04:36.791+0000] {processor.py:186} INFO - Started process (PID=543) to work on /opt/airflow/dags/load_to_mongodb_dag.py
[2026-06-07T18:04:36.794+0000] {processor.py:914} INFO - Processing file /opt/airflow/dags/load_to_mongodb_dag.py for tasks to queue
[2026-06-07T18:04:36.798+0000] {logging_mixin.py:190} INFO - [2026-06-07T18:04:36.797+0000] {dagbag.py:587} INFO - Filling up the DagBag from /opt/airflow/dags/load_to_mongodb_dag.py
[2026-06-07T18:04:37.494+0000] {processor.py:925} INFO - DAG(s) 'load_to_mongodb_dag' retrieved from /opt/airflow/dags/load_to_mongodb_dag.py
[2026-06-07T18:04:37.512+0000] {logging_mixin.py:190} INFO - [2026-06-07T18:04:37.511+0000] {dag.py:3211} INFO - Sync 1 DAGs
[2026-06-07T18:04:37.530+0000] {logging_mixin.py:190} INFO - [2026-06-07T18:04:37.530+0000] {dag.py:4138} INFO - Setting next_dagrun for load_to_mongodb_dag to None, run_after=None
[2026-06-07T18:04:37.564+0000] {processor.py:208} INFO - Processing /opt/airflow/dags/load_to_mongodb_dag.py took 0.782 seconds
[2026-06-07T18:05:07.893+0000] {processor.py:186} INFO - Started process (PID=547) to work on /opt/airflow/dags/load_to_mongodb_dag.py
[2026-06-07T18:05:07.896+0000] {processor.py:914} INFO - Processing file /opt/airflow/dags/load_to_mongodb_dag.py for tasks to queue
[2026-06-07T18:05:07.900+0000] {logging_mixin.py:190} INFO - [2026-06-07T18:05:07.899+0000] {dagbag.py:587} INFO - Filling up the DagBag from /opt/airflow/dags/load_to_mongodb_dag.py
[2026-06-07T18:05:08.760+0000] {processor.py:925} INFO - DAG(s) 'load_to_mongodb_dag' retrieved from /opt/airflow/dags/load_to_mongodb_dag.py
[2026-06-07T18:05:08.790+0000] {logging_mixin.py:190} INFO - [2026-06-07T18:05:08.788+0000] {dag.py:3211} INFO - Sync 1 DAGs
[2026-06-07T18:05:08.817+0000] {logging_mixin.py:190} INFO - [2026-06-07T18:05:08.816+0000] {dag.py:4138} INFO - Setting next_dagrun for load_to_mongodb_dag to None, run_after=None
[2026-06-07T18:05:08.851+0000] {processor.py:208} INFO - Processing /opt/airflow/dags/load_to_mongodb_dag.py took 0.970 seconds
[2026-06-07T18:05:39.150+0000] {processor.py:186} INFO - Started process (PID=551) to work on /opt/airflow/dags/load_to_mongodb_dag.py
[2026-06-07T18:05:39.154+0000] {processor.py:914} INFO - Processing file /opt/airflow/dags/load_to_mongodb_dag.py for tasks to queue
[2026-06-07T18:05:39.159+0000] {logging_mixin.py:190} INFO - [2026-06-07T18:05:39.158+0000] {dagbag.py:587} INFO - Filling up the DagBag from /opt/airflow/dags/load_to_mongodb_dag.py
[2026-06-07T18:05:40.026+0000] {processor.py:925} INFO - DAG(s) 'load_to_mongodb_dag' retrieved from /opt/airflow/dags/load_to_mongodb_dag.py
[2026-06-07T18:05:40.050+0000] {logging_mixin.py:190} INFO - [2026-06-07T18:05:40.049+0000] {dag.py:3211} INFO - Sync 1 DAGs
[2026-06-07T18:05:40.076+0000] {logging_mixin.py:190} INFO - [2026-06-07T18:05:40.075+0000] {dag.py:4138} INFO - Setting next_dagrun for load_to_mongodb_dag to None, run_after=None
[2026-06-07T18:05:40.109+0000] {processor.py:208} INFO - Processing /opt/airflow/dags/load_to_mongodb_dag.py took 0.969 seconds
[2026-06-07T18:06:10.333+0000] {processor.py:186} INFO - Started process (PID=555) to work on /opt/airflow/dags/load_to_mongodb_dag.py
[2026-06-07T18:06:10.335+0000] {processor.py:914} INFO - Processing file /opt/airflow/dags/load_to_mongodb_dag.py for tasks to queue
[2026-06-07T18:06:10.339+0000] {logging_mixin.py:190} INFO - [2026-06-07T18:06:10.338+0000] {dagbag.py:587} INFO - Filling up the DagBag from /opt/airflow/dags/load_to_mongodb_dag.py
[2026-06-07T18:06:11.163+0000] {processor.py:925} INFO - DAG(s) 'load_to_mongodb_dag' retrieved from /opt/airflow/dags/load_to_mongodb_dag.py
[2026-06-07T18:06:11.185+0000] {logging_mixin.py:190} INFO - [2026-06-07T18:06:11.184+0000] {dag.py:3211} INFO - Sync 1 DAGs
[2026-06-07T18:06:11.209+0000] {logging_mixin.py:190} INFO - [2026-06-07T18:06:11.208+0000] {dag.py:4138} INFO - Setting next_dagrun for load_to_mongodb_dag to None, run_after=None
[2026-06-07T18:06:11.245+0000] {processor.py:208} INFO - Processing /opt/airflow/dags/load_to_mongodb_dag.py took 0.928 seconds
[2026-06-07T18:06:41.499+0000] {processor.py:186} INFO - Started process (PID=559) to work on /opt/airflow/dags/load_to_mongodb_dag.py
[2026-06-07T18:06:41.501+0000] {processor.py:914} INFO - Processing file /opt/airflow/dags/load_to_mongodb_dag.py for tasks to queue
[2026-06-07T18:06:41.504+0000] {logging_mixin.py:190} INFO - [2026-06-07T18:06:41.504+0000] {dagbag.py:587} INFO - Filling up the DagBag from /opt/airflow/dags/load_to_mongodb_dag.py
[2026-06-07T18:06:42.342+0000] {processor.py:925} INFO - DAG(s) 'load_to_mongodb_dag' retrieved from /opt/airflow/dags/load_to_mongodb_dag.py
[2026-06-07T18:06:42.373+0000] {logging_mixin.py:190} INFO - [2026-06-07T18:06:42.372+0000] {dag.py:3211} INFO - Sync 1 DAGs
[2026-06-07T18:06:42.405+0000] {logging_mixin.py:190} INFO - [2026-06-07T18:06:42.405+0000] {dag.py:4138} INFO - Setting next_dagrun for load_to_mongodb_dag to None, run_after=None
[2026-06-07T18:06:42.440+0000] {processor.py:208} INFO - Processing /opt/airflow/dags/load_to_mongodb_dag.py took 0.949 seconds
[2026-06-07T18:07:12.694+0000] {processor.py:186} INFO - Started process (PID=563) to work on /opt/airflow/dags/load_to_mongodb_dag.py
[2026-06-07T18:07:12.697+0000] {processor.py:914} INFO - Processing file /opt/airflow/dags/load_to_mongodb_dag.py for tasks to queue
[2026-06-07T18:07:12.702+0000] {logging_mixin.py:190} INFO - [2026-06-07T18:07:12.701+0000] {dagbag.py:587} INFO - Filling up the DagBag from /opt/airflow/dags/load_to_mongodb_dag.py
[2026-06-07T18:07:13.407+0000] {processor.py:925} INFO - DAG(s) 'load_to_mongodb_dag' retrieved from /opt/airflow/dags/load_to_mongodb_dag.py
[2026-06-07T18:07:13.424+0000] {logging_mixin.py:190} INFO - [2026-06-07T18:07:13.424+0000] {dag.py:3211} INFO - Sync 1 DAGs
[2026-06-07T18:07:13.454+0000] {logging_mixin.py:190} INFO - [2026-06-07T18:07:13.454+0000] {dag.py:4138} INFO - Setting next_dagrun for load_to_mongodb_dag to None, run_after=None
[2026-06-07T18:07:13.510+0000] {processor.py:208} INFO - Processing /opt/airflow/dags/load_to_mongodb_dag.py took 0.831 seconds
[2026-06-07T18:07:43.752+0000] {processor.py:186} INFO - Started process (PID=567) to work on /opt/airflow/dags/load_to_mongodb_dag.py
[2026-06-07T18:07:43.754+0000] {processor.py:914} INFO - Processing file /opt/airflow/dags/load_to_mongodb_dag.py for tasks to queue
[2026-06-07T18:07:43.761+0000] {logging_mixin.py:190} INFO - [2026-06-07T18:07:43.760+0000] {dagbag.py:587} INFO - Filling up the DagBag from /opt/airflow/dags/load_to_mongodb_dag.py
[2026-06-07T18:07:44.517+0000] {processor.py:925} INFO - DAG(s) 'load_to_mongodb_dag' retrieved from /opt/airflow/dags/load_to_mongodb_dag.py
[2026-06-07T18:07:44.535+0000] {logging_mixin.py:190} INFO - [2026-06-07T18:07:44.535+0000] {dag.py:3211} INFO - Sync 1 DAGs
[2026-06-07T18:07:44.553+0000] {logging_mixin.py:190} INFO - [2026-06-07T18:07:44.553+0000] {dag.py:4138} INFO - Setting next_dagrun for load_to_mongodb_dag to None, run_after=None
[2026-06-07T18:07:44.594+0000] {processor.py:208} INFO - Processing /opt/airflow/dags/load_to_mongodb_dag.py took 0.858 seconds
[2026-06-07T18:08:14.847+0000] {processor.py:186} INFO - Started process (PID=571) to work on /opt/airflow/dags/load_to_mongodb_dag.py
[2026-06-07T18:08:14.849+0000] {processor.py:914} INFO - Processing file /opt/airflow/dags/load_to_mongodb_dag.py for tasks to queue
[2026-06-07T18:08:14.853+0000] {logging_mixin.py:190} INFO - [2026-06-07T18:08:14.853+0000] {dagbag.py:587} INFO - Filling up the DagBag from /opt/airflow/dags/load_to_mongodb_dag.py
[2026-06-07T18:08:15.578+0000] {processor.py:925} INFO - DAG(s) 'load_to_mongodb_dag' retrieved from /opt/airflow/dags/load_to_mongodb_dag.py
[2026-06-07T18:08:15.598+0000] {logging_mixin.py:190} INFO - [2026-06-07T18:08:15.598+0000] {dag.py:3211} INFO - Sync 1 DAGs
[2026-06-07T18:08:15.620+0000] {logging_mixin.py:190} INFO - [2026-06-07T18:08:15.620+0000] {dag.py:4138} INFO - Setting next_dagrun for load_to_mongodb_dag to None, run_after=None
[2026-06-07T18:08:15.656+0000] {processor.py:208} INFO - Processing /opt/airflow/dags/load_to_mongodb_dag.py took 0.817 seconds
[2026-06-07T18:08:45.929+0000] {processor.py:186} INFO - Started process (PID=577) to work on /opt/airflow/dags/load_to_mongodb_dag.py
[2026-06-07T18:08:45.932+0000] {processor.py:914} INFO - Processing file /opt/airflow/dags/load_to_mongodb_dag.py for tasks to queue
[2026-06-07T18:08:45.936+0000] {logging_mixin.py:190} INFO - [2026-06-07T18:08:45.936+0000] {dagbag.py:587} INFO - Filling up the DagBag from /opt/airflow/dags/load_to_mongodb_dag.py
[2026-06-07T18:08:46.625+0000] {processor.py:925} INFO - DAG(s) 'load_to_mongodb_dag' retrieved from /opt/airflow/dags/load_to_mongodb_dag.py
[2026-06-07T18:08:46.643+0000] {logging_mixin.py:190} INFO - [2026-06-07T18:08:46.643+0000] {dag.py:3211} INFO - Sync 1 DAGs
[2026-06-07T18:08:46.662+0000] {logging_mixin.py:190} INFO - [2026-06-07T18:08:46.662+0000] {dag.py:4138} INFO - Setting next_dagrun for load_to_mongodb_dag to None, run_after=None
[2026-06-07T18:08:46.711+0000] {processor.py:208} INFO - Processing /opt/airflow/dags/load_to_mongodb_dag.py took 0.794 seconds
[2026-06-07T18:09:16.985+0000] {processor.py:186} INFO - Started process (PID=581) to work on /opt/airflow/dags/load_to_mongodb_dag.py
[2026-06-07T18:09:16.988+0000] {processor.py:914} INFO - Processing file /opt/airflow/dags/load_to_mongodb_dag.py for tasks to queue
[2026-06-07T18:09:16.994+0000] {logging_mixin.py:190} INFO - [2026-06-07T18:09:16.993+0000] {dagbag.py:587} INFO - Filling up the DagBag from /opt/airflow/dags/load_to_mongodb_dag.py
[2026-06-07T18:09:17.703+0000] {processor.py:925} INFO - DAG(s) 'load_to_mongodb_dag' retrieved from /opt/airflow/dags/load_to_mongodb_dag.py
[2026-06-07T18:09:17.719+0000] {logging_mixin.py:190} INFO - [2026-06-07T18:09:17.719+0000] {dag.py:3211} INFO - Sync 1 DAGs
[2026-06-07T18:09:17.736+0000] {logging_mixin.py:190} INFO - [2026-06-07T18:09:17.736+0000] {dag.py:4138} INFO - Setting next_dagrun for load_to_mongodb_dag to None, run_after=None
[2026-06-07T18:09:17.767+0000] {processor.py:208} INFO - Processing /opt/airflow/dags/load_to_mongodb_dag.py took 0.795 seconds
[2026-06-07T18:09:48.043+0000] {processor.py:186} INFO - Started process (PID=585) to work on /opt/airflow/dags/load_to_mongodb_dag.py
[2026-06-07T18:09:48.045+0000] {processor.py:914} INFO - Processing file /opt/airflow/dags/load_to_mongodb_dag.py for tasks to queue
[2026-06-07T18:09:48.049+0000] {logging_mixin.py:190} INFO - [2026-06-07T18:09:48.048+0000] {dagbag.py:587} INFO - Filling up the DagBag from /opt/airflow/dags/load_to_mongodb_dag.py
[2026-06-07T18:09:48.788+0000] {processor.py:925} INFO - DAG(s) 'load_to_mongodb_dag' retrieved from /opt/airflow/dags/load_to_mongodb_dag.py
[2026-06-07T18:09:48.809+0000] {logging_mixin.py:190} INFO - [2026-06-07T18:09:48.808+0000] {dag.py:3211} INFO - Sync 1 DAGs
[2026-06-07T18:09:48.827+0000] {logging_mixin.py:190} INFO - [2026-06-07T18:09:48.827+0000] {dag.py:4138} INFO - Setting next_dagrun for load_to_mongodb_dag to None, run_after=None
[2026-06-07T18:09:48.869+0000] {processor.py:208} INFO - Processing /opt/airflow/dags/load_to_mongodb_dag.py took 0.834 seconds
[2026-06-07T18:10:19.052+0000] {processor.py:186} INFO - Started process (PID=589) to work on /opt/airflow/dags/load_to_mongodb_dag.py
[2026-06-07T18:10:19.053+0000] {processor.py:914} INFO - Processing file /opt/airflow/dags/load_to_mongodb_dag.py for tasks to queue
[2026-06-07T18:10:19.060+0000] {logging_mixin.py:190} INFO - [2026-06-07T18:10:19.059+0000] {dagbag.py:587} INFO - Filling up the DagBag from /opt/airflow/dags/load_to_mongodb_dag.py
[2026-06-07T18:10:19.941+0000] {processor.py:925} INFO - DAG(s) 'load_to_mongodb_dag' retrieved from /opt/airflow/dags/load_to_mongodb_dag.py
[2026-06-07T18:10:19.964+0000] {logging_mixin.py:190} INFO - [2026-06-07T18:10:19.963+0000] {dag.py:3211} INFO - Sync 1 DAGs
[2026-06-07T18:10:19.989+0000] {logging_mixin.py:190} INFO - [2026-06-07T18:10:19.989+0000] {dag.py:4138} INFO - Setting next_dagrun for load_to_mongodb_dag to None, run_after=None
[2026-06-07T18:10:20.027+0000] {processor.py:208} INFO - Processing /opt/airflow/dags/load_to_mongodb_dag.py took 0.983 seconds
[2026-06-07T18:10:50.353+0000] {processor.py:186} INFO - Started process (PID=593) to work on /opt/airflow/dags/load_to_mongodb_dag.py
[2026-06-07T18:10:50.355+0000] {processor.py:914} INFO - Processing file /opt/airflow/dags/load_to_mongodb_dag.py for tasks to queue
[2026-06-07T18:10:50.359+0000] {logging_mixin.py:190} INFO - [2026-06-07T18:10:50.358+0000] {dagbag.py:587} INFO - Filling up the DagBag from /opt/airflow/dags/load_to_mongodb_dag.py
[2026-06-07T18:10:51.096+0000] {processor.py:925} INFO - DAG(s) 'load_to_mongodb_dag' retrieved from /opt/airflow/dags/load_to_mongodb_dag.py
[2026-06-07T18:10:51.137+0000] {logging_mixin.py:190} INFO - [2026-06-07T18:10:51.136+0000] {dag.py:3211} INFO - Sync 1 DAGs
[2026-06-07T18:10:51.166+0000] {logging_mixin.py:190} INFO - [2026-06-07T18:10:51.166+0000] {dag.py:4138} INFO - Setting next_dagrun for load_to_mongodb_dag to None, run_after=None
[2026-06-07T18:10:51.204+0000] {processor.py:208} INFO - Processing /opt/airflow/dags/load_to_mongodb_dag.py took 0.857 seconds
[2026-06-07T18:11:21.410+0000] {processor.py:186} INFO - Started process (PID=597) to work on /opt/airflow/dags/load_to_mongodb_dag.py
[2026-06-07T18:11:21.412+0000] {processor.py:914} INFO - Processing file /opt/airflow/dags/load_to_mongodb_dag.py for tasks to queue
[2026-06-07T18:11:21.416+0000] {logging_mixin.py:190} INFO - [2026-06-07T18:11:21.416+0000] {dagbag.py:587} INFO - Filling up the DagBag from /opt/airflow/dags/load_to_mongodb_dag.py
[2026-06-07T18:11:22.279+0000] {processor.py:925} INFO - DAG(s) 'load_to_mongodb_dag' retrieved from /opt/airflow/dags/load_to_mongodb_dag.py
[2026-06-07T18:11:22.299+0000] {logging_mixin.py:190} INFO - [2026-06-07T18:11:22.299+0000] {dag.py:3211} INFO - Sync 1 DAGs
[2026-06-07T18:11:22.318+0000] {logging_mixin.py:190} INFO - [2026-06-07T18:11:22.318+0000] {dag.py:4138} INFO - Setting next_dagrun for load_to_mongodb_dag to None, run_after=None
[2026-06-07T18:11:22.346+0000] {processor.py:208} INFO - Processing /opt/airflow/dags/load_to_mongodb_dag.py took 0.945 seconds
[2026-06-07T18:11:52.592+0000] {processor.py:186} INFO - Started process (PID=601) to work on /opt/airflow/dags/load_to_mongodb_dag.py
[2026-06-07T18:11:52.594+0000] {processor.py:914} INFO - Processing file /opt/airflow/dags/load_to_mongodb_dag.py for tasks to queue
[2026-06-07T18:11:52.598+0000] {logging_mixin.py:190} INFO - [2026-06-07T18:11:52.597+0000] {dagbag.py:587} INFO - Filling up the DagBag from /opt/airflow/dags/load_to_mongodb_dag.py
[2026-06-07T18:11:53.340+0000] {processor.py:925} INFO - DAG(s) 'load_to_mongodb_dag' retrieved from /opt/airflow/dags/load_to_mongodb_dag.py
[2026-06-07T18:11:53.369+0000] {logging_mixin.py:190} INFO - [2026-06-07T18:11:53.368+0000] {dag.py:3211} INFO - Sync 1 DAGs
[2026-06-07T18:11:53.399+0000] {logging_mixin.py:190} INFO - [2026-06-07T18:11:53.399+0000] {dag.py:4138} INFO - Setting next_dagrun for load_to_mongodb_dag to None, run_after=None
[2026-06-07T18:11:53.452+0000] {processor.py:208} INFO - Processing /opt/airflow/dags/load_to_mongodb_dag.py took 0.869 seconds
[2026-06-07T18:12:23.755+0000] {processor.py:186} INFO - Started process (PID=605) to work on /opt/airflow/dags/load_to_mongodb_dag.py
[2026-06-07T18:12:23.757+0000] {processor.py:914} INFO - Processing file /opt/airflow/dags/load_to_mongodb_dag.py for tasks to queue
[2026-06-07T18:12:23.761+0000] {logging_mixin.py:190} INFO - [2026-06-07T18:12:23.761+0000] {dagbag.py:587} INFO - Filling up the DagBag from /opt/airflow/dags/load_to_mongodb_dag.py
[2026-06-07T18:12:24.449+0000] {processor.py:925} INFO - DAG(s) 'load_to_mongodb_dag' retrieved from /opt/airflow/dags/load_to_mongodb_dag.py
[2026-06-07T18:12:24.470+0000] {logging_mixin.py:190} INFO - [2026-06-07T18:12:24.469+0000] {dag.py:3211} INFO - Sync 1 DAGs
[2026-06-07T18:12:24.487+0000] {logging_mixin.py:190} INFO - [2026-06-07T18:12:24.487+0000] {dag.py:4138} INFO - Setting next_dagrun for load_to_mongodb_dag to None, run_after=None
[2026-06-07T18:12:24.529+0000] {processor.py:208} INFO - Processing /opt/airflow/dags/load_to_mongodb_dag.py took 0.781 seconds
[2026-06-07T18:12:54.871+0000] {processor.py:186} INFO - Started process (PID=609) to work on /opt/airflow/dags/load_to_mongodb_dag.py
[2026-06-07T18:12:54.873+0000] {processor.py:914} INFO - Processing file /opt/airflow/dags/load_to_mongodb_dag.py for tasks to queue
[2026-06-07T18:12:54.879+0000] {logging_mixin.py:190} INFO - [2026-06-07T18:12:54.878+0000] {dagbag.py:587} INFO - Filling up the DagBag from /opt/airflow/dags/load_to_mongodb_dag.py
[2026-06-07T18:12:55.903+0000] {processor.py:925} INFO - DAG(s) 'load_to_mongodb_dag' retrieved from /opt/airflow/dags/load_to_mongodb_dag.py
[2026-06-07T18:12:55.939+0000] {logging_mixin.py:190} INFO - [2026-06-07T18:12:55.938+0000] {dag.py:3211} INFO - Sync 1 DAGs
[2026-06-07T18:12:55.967+0000] {logging_mixin.py:190} INFO - [2026-06-07T18:12:55.966+0000] {dag.py:4138} INFO - Setting next_dagrun for load_to_mongodb_dag to None, run_after=None
[2026-06-07T18:12:56.010+0000] {processor.py:208} INFO - Processing /opt/airflow/dags/load_to_mongodb_dag.py took 1.154 seconds
[2026-06-07T18:13:26.201+0000] {processor.py:186} INFO - Started process (PID=613) to work on /opt/airflow/dags/load_to_mongodb_dag.py
[2026-06-07T18:13:26.203+0000] {processor.py:914} INFO - Processing file /opt/airflow/dags/load_to_mongodb_dag.py for tasks to queue
[2026-06-07T18:13:26.207+0000] {logging_mixin.py:190} INFO - [2026-06-07T18:13:26.206+0000] {dagbag.py:587} INFO - Filling up the DagBag from /opt/airflow/dags/load_to_mongodb_dag.py
[2026-06-07T18:13:27.007+0000] {processor.py:925} INFO - DAG(s) 'load_to_mongodb_dag' retrieved from /opt/airflow/dags/load_to_mongodb_dag.py
[2026-06-07T18:13:27.037+0000] {logging_mixin.py:190} INFO - [2026-06-07T18:13:27.037+0000] {dag.py:3211} INFO - Sync 1 DAGs
[2026-06-07T18:13:27.065+0000] {logging_mixin.py:190} INFO - [2026-06-07T18:13:27.065+0000] {dag.py:4138} INFO - Setting next_dagrun for load_to_mongodb_dag to None, run_after=None
[2026-06-07T18:13:27.099+0000] {processor.py:208} INFO - Processing /opt/airflow/dags/load_to_mongodb_dag.py took 0.908 seconds
[2026-06-07T18:13:57.416+0000] {processor.py:186} INFO - Started process (PID=617) to work on /opt/airflow/dags/load_to_mongodb_dag.py
[2026-06-07T18:13:57.418+0000] {processor.py:914} INFO - Processing file /opt/airflow/dags/load_to_mongodb_dag.py for tasks to queue
[2026-06-07T18:13:57.426+0000] {logging_mixin.py:190} INFO - [2026-06-07T18:13:57.425+0000] {dagbag.py:587} INFO - Filling up the DagBag from /opt/airflow/dags/load_to_mongodb_dag.py
[2026-06-07T18:13:58.146+0000] {processor.py:925} INFO - DAG(s) 'load_to_mongodb_dag' retrieved from /opt/airflow/dags/load_to_mongodb_dag.py
[2026-06-07T18:13:58.172+0000] {logging_mixin.py:190} INFO - [2026-06-07T18:13:58.172+0000] {dag.py:3211} INFO - Sync 1 DAGs
[2026-06-07T18:13:58.193+0000] {logging_mixin.py:190} INFO - [2026-06-07T18:13:58.193+0000] {dag.py:4138} INFO - Setting next_dagrun for load_to_mongodb_dag to None, run_after=None
[2026-06-07T18:13:58.233+0000] {processor.py:208} INFO - Processing /opt/airflow/dags/load_to_mongodb_dag.py took 0.826 seconds
[2026-06-07T18:14:28.511+0000] {processor.py:186} INFO - Started process (PID=621) to work on /opt/airflow/dags/load_to_mongodb_dag.py
[2026-06-07T18:14:28.512+0000] {processor.py:914} INFO - Processing file /opt/airflow/dags/load_to_mongodb_dag.py for tasks to queue
[2026-06-07T18:14:28.516+0000] {logging_mixin.py:190} INFO - [2026-06-07T18:14:28.516+0000] {dagbag.py:587} INFO - Filling up the DagBag from /opt/airflow/dags/load_to_mongodb_dag.py
[2026-06-07T18:14:29.173+0000] {processor.py:925} INFO - DAG(s) 'load_to_mongodb_dag' retrieved from /opt/airflow/dags/load_to_mongodb_dag.py
[2026-06-07T18:14:29.194+0000] {logging_mixin.py:190} INFO - [2026-06-07T18:14:29.194+0000] {dag.py:3211} INFO - Sync 1 DAGs
[2026-06-07T18:14:29.216+0000] {logging_mixin.py:190} INFO - [2026-06-07T18:14:29.215+0000] {dag.py:4138} INFO - Setting next_dagrun for load_to_mongodb_dag to None, run_after=None
[2026-06-07T18:14:29.249+0000] {processor.py:208} INFO - Processing /opt/airflow/dags/load_to_mongodb_dag.py took 0.751 seconds
[2026-06-07T18:14:59.534+0000] {processor.py:186} INFO - Started process (PID=625) to work on /opt/airflow/dags/load_to_mongodb_dag.py
[2026-06-07T18:14:59.537+0000] {processor.py:914} INFO - Processing file /opt/airflow/dags/load_to_mongodb_dag.py for tasks to queue
[2026-06-07T18:14:59.541+0000] {logging_mixin.py:190} INFO - [2026-06-07T18:14:59.540+0000] {dagbag.py:587} INFO - Filling up the DagBag from /opt/airflow/dags/load_to_mongodb_dag.py
[2026-06-07T18:15:00.262+0000] {processor.py:925} INFO - DAG(s) 'load_to_mongodb_dag' retrieved from /opt/airflow/dags/load_to_mongodb_dag.py
[2026-06-07T18:15:00.279+0000] {logging_mixin.py:190} INFO - [2026-06-07T18:15:00.278+0000] {dag.py:3211} INFO - Sync 1 DAGs
[2026-06-07T18:15:00.310+0000] {logging_mixin.py:190} INFO - [2026-06-07T18:15:00.310+0000] {dag.py:4138} INFO - Setting next_dagrun for load_to_mongodb_dag to None, run_after=None
[2026-06-07T18:15:00.366+0000] {processor.py:208} INFO - Processing /opt/airflow/dags/load_to_mongodb_dag.py took 0.839 seconds
[2026-06-07T18:15:31.873+0000] {processor.py:186} INFO - Started process (PID=629) to work on /opt/airflow/dags/load_to_mongodb_dag.py
[2026-06-07T18:15:31.876+0000] {processor.py:914} INFO - Processing file /opt/airflow/dags/load_to_mongodb_dag.py for tasks to queue
[2026-06-07T18:15:31.884+0000] {logging_mixin.py:190} INFO - [2026-06-07T18:15:31.883+0000] {dagbag.py:587} INFO - Filling up the DagBag from /opt/airflow/dags/load_to_mongodb_dag.py
[2026-06-07T18:15:32.600+0000] {processor.py:925} INFO - DAG(s) 'load_to_mongodb_dag' retrieved from /opt/airflow/dags/load_to_mongodb_dag.py
[2026-06-07T18:15:32.619+0000] {logging_mixin.py:190} INFO - [2026-06-07T18:15:32.618+0000] {dag.py:3211} INFO - Sync 1 DAGs
[2026-06-07T18:15:32.640+0000] {logging_mixin.py:190} INFO - [2026-06-07T18:15:32.640+0000] {dag.py:4138} INFO - Setting next_dagrun for load_to_mongodb_dag to None, run_after=None
[2026-06-07T18:15:32.686+0000] {processor.py:208} INFO - Processing /opt/airflow/dags/load_to_mongodb_dag.py took 0.833 seconds
[2026-06-07T18:16:02.889+0000] {processor.py:186} INFO - Started process (PID=633) to work on /opt/airflow/dags/load_to_mongodb_dag.py
[2026-06-07T18:16:02.891+0000] {processor.py:914} INFO - Processing file /opt/airflow/dags/load_to_mongodb_dag.py for tasks to queue
[2026-06-07T18:16:02.896+0000] {logging_mixin.py:190} INFO - [2026-06-07T18:16:02.895+0000] {dagbag.py:587} INFO - Filling up the DagBag from /opt/airflow/dags/load_to_mongodb_dag.py
[2026-06-07T18:16:03.691+0000] {processor.py:925} INFO - DAG(s) 'load_to_mongodb_dag' retrieved from /opt/airflow/dags/load_to_mongodb_dag.py
[2026-06-07T18:16:03.711+0000] {logging_mixin.py:190} INFO - [2026-06-07T18:16:03.710+0000] {dag.py:3211} INFO - Sync 1 DAGs
[2026-06-07T18:16:03.741+0000] {logging_mixin.py:190} INFO - [2026-06-07T18:16:03.740+0000] {dag.py:4138} INFO - Setting next_dagrun for load_to_mongodb_dag to None, run_after=None
[2026-06-07T18:16:03.789+0000] {processor.py:208} INFO - Processing /opt/airflow/dags/load_to_mongodb_dag.py took 0.917 seconds
[2026-06-07T18:16:33.960+0000] {processor.py:186} INFO - Started process (PID=637) to work on /opt/airflow/dags/load_to_mongodb_dag.py
[2026-06-07T18:16:33.962+0000] {processor.py:914} INFO - Processing file /opt/airflow/dags/load_to_mongodb_dag.py for tasks to queue
[2026-06-07T18:16:33.966+0000] {logging_mixin.py:190} INFO - [2026-06-07T18:16:33.965+0000] {dagbag.py:587} INFO - Filling up the DagBag from /opt/airflow/dags/load_to_mongodb_dag.py
[2026-06-07T18:16:34.579+0000] {processor.py:925} INFO - DAG(s) 'load_to_mongodb_dag' retrieved from /opt/airflow/dags/load_to_mongodb_dag.py
[2026-06-07T18:16:34.597+0000] {logging_mixin.py:190} INFO - [2026-06-07T18:16:34.596+0000] {dag.py:3211} INFO - Sync 1 DAGs
[2026-06-07T18:16:34.614+0000] {logging_mixin.py:190} INFO - [2026-06-07T18:16:34.614+0000] {dag.py:4138} INFO - Setting next_dagrun for load_to_mongodb_dag to None, run_after=None
[2026-06-07T18:16:34.648+0000] {processor.py:208} INFO - Processing /opt/airflow/dags/load_to_mongodb_dag.py took 0.695 seconds
[2026-06-07T18:17:04.979+0000] {processor.py:186} INFO - Started process (PID=641) to work on /opt/airflow/dags/load_to_mongodb_dag.py
[2026-06-07T18:17:04.982+0000] {processor.py:914} INFO - Processing file /opt/airflow/dags/load_to_mongodb_dag.py for tasks to queue
[2026-06-07T18:17:04.990+0000] {logging_mixin.py:190} INFO - [2026-06-07T18:17:04.989+0000] {dagbag.py:587} INFO - Filling up the DagBag from /opt/airflow/dags/load_to_mongodb_dag.py
[2026-06-07T18:17:05.630+0000] {processor.py:925} INFO - DAG(s) 'load_to_mongodb_dag' retrieved from /opt/airflow/dags/load_to_mongodb_dag.py
[2026-06-07T18:17:05.654+0000] {logging_mixin.py:190} INFO - [2026-06-07T18:17:05.653+0000] {dag.py:3211} INFO - Sync 1 DAGs
[2026-06-07T18:17:05.677+0000] {logging_mixin.py:190} INFO - [2026-06-07T18:17:05.677+0000] {dag.py:4138} INFO - Setting next_dagrun for load_to_mongodb_dag to None, run_after=None
[2026-06-07T18:17:05.717+0000] {processor.py:208} INFO - Processing /opt/airflow/dags/load_to_mongodb_dag.py took 0.752 seconds
[2026-06-07T18:17:36.037+0000] {processor.py:186} INFO - Started process (PID=645) to work on /opt/airflow/dags/load_to_mongodb_dag.py
[2026-06-07T18:17:36.039+0000] {processor.py:914} INFO - Processing file /opt/airflow/dags/load_to_mongodb_dag.py for tasks to queue
[2026-06-07T18:17:36.043+0000] {logging_mixin.py:190} INFO - [2026-06-07T18:17:36.042+0000] {dagbag.py:587} INFO - Filling up the DagBag from /opt/airflow/dags/load_to_mongodb_dag.py
[2026-06-07T18:17:36.698+0000] {processor.py:925} INFO - DAG(s) 'load_to_mongodb_dag' retrieved from /opt/airflow/dags/load_to_mongodb_dag.py
[2026-06-07T18:17:36.723+0000] {logging_mixin.py:190} INFO - [2026-06-07T18:17:36.722+0000] {dag.py:3211} INFO - Sync 1 DAGs
[2026-06-07T18:17:36.753+0000] {logging_mixin.py:190} INFO - [2026-06-07T18:17:36.752+0000] {dag.py:4138} INFO - Setting next_dagrun for load_to_mongodb_dag to None, run_after=None
[2026-06-07T18:17:36.791+0000] {processor.py:208} INFO - Processing /opt/airflow/dags/load_to_mongodb_dag.py took 0.761 seconds
[2026-06-07T18:18:07.141+0000] {processor.py:186} INFO - Started process (PID=649) to work on /opt/airflow/dags/load_to_mongodb_dag.py
[2026-06-07T18:18:07.144+0000] {processor.py:914} INFO - Processing file /opt/airflow/dags/load_to_mongodb_dag.py for tasks to queue
[2026-06-07T18:18:07.148+0000] {logging_mixin.py:190} INFO - [2026-06-07T18:18:07.147+0000] {dagbag.py:587} INFO - Filling up the DagBag from /opt/airflow/dags/load_to_mongodb_dag.py
[2026-06-07T18:18:07.869+0000] {processor.py:925} INFO - DAG(s) 'load_to_mongodb_dag' retrieved from /opt/airflow/dags/load_to_mongodb_dag.py
[2026-06-07T18:18:07.894+0000] {logging_mixin.py:190} INFO - [2026-06-07T18:18:07.894+0000] {dag.py:3211} INFO - Sync 1 DAGs
[2026-06-07T18:18:07.929+0000] {logging_mixin.py:190} INFO - [2026-06-07T18:18:07.928+0000] {dag.py:4138} INFO - Setting next_dagrun for load_to_mongodb_dag to None, run_after=None
[2026-06-07T18:18:07.980+0000] {processor.py:208} INFO - Processing /opt/airflow/dags/load_to_mongodb_dag.py took 0.851 seconds
[2026-06-07T18:18:39.060+0000] {processor.py:186} INFO - Started process (PID=653) to work on /opt/airflow/dags/load_to_mongodb_dag.py
[2026-06-07T18:18:39.063+0000] {processor.py:914} INFO - Processing file /opt/airflow/dags/load_to_mongodb_dag.py for tasks to queue
[2026-06-07T18:18:39.069+0000] {logging_mixin.py:190} INFO - [2026-06-07T18:18:39.068+0000] {dagbag.py:587} INFO - Filling up the DagBag from /opt/airflow/dags/load_to_mongodb_dag.py
[2026-06-07T18:18:39.784+0000] {processor.py:925} INFO - DAG(s) 'load_to_mongodb_dag' retrieved from /opt/airflow/dags/load_to_mongodb_dag.py
[2026-06-07T18:18:39.814+0000] {logging_mixin.py:190} INFO - [2026-06-07T18:18:39.813+0000] {dag.py:3211} INFO - Sync 1 DAGs
[2026-06-07T18:18:39.868+0000] {logging_mixin.py:190} INFO - [2026-06-07T18:18:39.867+0000] {dag.py:4138} INFO - Setting next_dagrun for load_to_mongodb_dag to None, run_after=None
[2026-06-07T18:18:39.925+0000] {processor.py:208} INFO - Processing /opt/airflow/dags/load_to_mongodb_dag.py took 0.876 seconds
[2026-06-07T18:19:11.111+0000] {processor.py:186} INFO - Started process (PID=657) to work on /opt/airflow/dags/load_to_mongodb_dag.py
[2026-06-07T18:19:11.114+0000] {processor.py:914} INFO - Processing file /opt/airflow/dags/load_to_mongodb_dag.py for tasks to queue
[2026-06-07T18:19:11.120+0000] {logging_mixin.py:190} INFO - [2026-06-07T18:19:11.120+0000] {dagbag.py:587} INFO - Filling up the DagBag from /opt/airflow/dags/load_to_mongodb_dag.py
[2026-06-07T18:19:11.847+0000] {processor.py:925} INFO - DAG(s) 'load_to_mongodb_dag' retrieved from /opt/airflow/dags/load_to_mongodb_dag.py
[2026-06-07T18:19:11.874+0000] {logging_mixin.py:190} INFO - [2026-06-07T18:19:11.874+0000] {dag.py:3211} INFO - Sync 1 DAGs
[2026-06-07T18:19:11.897+0000] {logging_mixin.py:190} INFO - [2026-06-07T18:19:11.897+0000] {dag.py:4138} INFO - Setting next_dagrun for load_to_mongodb_dag to None, run_after=None
[2026-06-07T18:19:11.939+0000] {processor.py:208} INFO - Processing /opt/airflow/dags/load_to_mongodb_dag.py took 0.839 seconds
[2026-06-07T18:19:42.286+0000] {processor.py:186} INFO - Started process (PID=661) to work on /opt/airflow/dags/load_to_mongodb_dag.py
[2026-06-07T18:19:42.288+0000] {processor.py:914} INFO - Processing file /opt/airflow/dags/load_to_mongodb_dag.py for tasks to queue
[2026-06-07T18:19:42.297+0000] {logging_mixin.py:190} INFO - [2026-06-07T18:19:42.295+0000] {dagbag.py:587} INFO - Filling up the DagBag from /opt/airflow/dags/load_to_mongodb_dag.py
[2026-06-07T18:19:43.110+0000] {processor.py:925} INFO - DAG(s) 'load_to_mongodb_dag' retrieved from /opt/airflow/dags/load_to_mongodb_dag.py
[2026-06-07T18:19:43.135+0000] {logging_mixin.py:190} INFO - [2026-06-07T18:19:43.135+0000] {dag.py:3211} INFO - Sync 1 DAGs
[2026-06-07T18:19:43.171+0000] {logging_mixin.py:190} INFO - [2026-06-07T18:19:43.170+0000] {dag.py:4138} INFO - Setting next_dagrun for load_to_mongodb_dag to None, run_after=None
[2026-06-07T18:19:43.221+0000] {processor.py:208} INFO - Processing /opt/airflow/dags/load_to_mongodb_dag.py took 0.950 seconds
[2026-06-07T18:20:13.372+0000] {processor.py:186} INFO - Started process (PID=665) to work on /opt/airflow/dags/load_to_mongodb_dag.py
[2026-06-07T18:20:13.374+0000] {processor.py:914} INFO - Processing file /opt/airflow/dags/load_to_mongodb_dag.py for tasks to queue
[2026-06-07T18:20:13.380+0000] {logging_mixin.py:190} INFO - [2026-06-07T18:20:13.380+0000] {dagbag.py:587} INFO - Filling up the DagBag from /opt/airflow/dags/load_to_mongodb_dag.py
[2026-06-07T18:20:14.196+0000] {processor.py:925} INFO - DAG(s) 'load_to_mongodb_dag' retrieved from /opt/airflow/dags/load_to_mongodb_dag.py
[2026-06-07T18:20:14.216+0000] {logging_mixin.py:190} INFO - [2026-06-07T18:20:14.215+0000] {dag.py:3211} INFO - Sync 1 DAGs
[2026-06-07T18:20:14.244+0000] {logging_mixin.py:190} INFO - [2026-06-07T18:20:14.244+0000] {dag.py:4138} INFO - Setting next_dagrun for load_to_mongodb_dag to None, run_after=None
[2026-06-07T18:20:14.297+0000] {processor.py:208} INFO - Processing /opt/airflow/dags/load_to_mongodb_dag.py took 0.936 seconds
[2026-06-07T18:20:44.463+0000] {processor.py:186} INFO - Started process (PID=669) to work on /opt/airflow/dags/load_to_mongodb_dag.py
[2026-06-07T18:20:44.465+0000] {processor.py:914} INFO - Processing file /opt/airflow/dags/load_to_mongodb_dag.py for tasks to queue
[2026-06-07T18:20:44.469+0000] {logging_mixin.py:190} INFO - [2026-06-07T18:20:44.468+0000] {dagbag.py:587} INFO - Filling up the DagBag from /opt/airflow/dags/load_to_mongodb_dag.py
[2026-06-07T18:20:45.186+0000] {processor.py:925} INFO - DAG(s) 'load_to_mongodb_dag' retrieved from /opt/airflow/dags/load_to_mongodb_dag.py
[2026-06-07T18:20:45.205+0000] {logging_mixin.py:190} INFO - [2026-06-07T18:20:45.204+0000] {dag.py:3211} INFO - Sync 1 DAGs
[2026-06-07T18:20:45.223+0000] {logging_mixin.py:190} INFO - [2026-06-07T18:20:45.223+0000] {dag.py:4138} INFO - Setting next_dagrun for load_to_mongodb_dag to None, run_after=None
[2026-06-07T18:20:45.263+0000] {processor.py:208} INFO - Processing /opt/airflow/dags/load_to_mongodb_dag.py took 0.808 seconds
[2026-06-07T18:21:16.044+0000] {processor.py:186} INFO - Started process (PID=673) to work on /opt/airflow/dags/load_to_mongodb_dag.py
[2026-06-07T18:21:16.047+0000] {processor.py:914} INFO - Processing file /opt/airflow/dags/load_to_mongodb_dag.py for tasks to queue
[2026-06-07T18:21:16.056+0000] {logging_mixin.py:190} INFO - [2026-06-07T18:21:16.055+0000] {dagbag.py:587} INFO - Filling up the DagBag from /opt/airflow/dags/load_to_mongodb_dag.py
[2026-06-07T18:21:17.067+0000] {processor.py:925} INFO - DAG(s) 'load_to_mongodb_dag' retrieved from /opt/airflow/dags/load_to_mongodb_dag.py
[2026-06-07T18:21:17.104+0000] {logging_mixin.py:190} INFO - [2026-06-07T18:21:17.103+0000] {dag.py:3211} INFO - Sync 1 DAGs
[2026-06-07T18:21:17.147+0000] {logging_mixin.py:190} INFO - [2026-06-07T18:21:17.147+0000] {dag.py:4138} INFO - Setting next_dagrun for load_to_mongodb_dag to None, run_after=None
[2026-06-07T18:21:17.192+0000] {processor.py:208} INFO - Processing /opt/airflow/dags/load_to_mongodb_dag.py took 1.155 seconds
[2026-06-07T18:21:48.357+0000] {processor.py:186} INFO - Started process (PID=677) to work on /opt/airflow/dags/load_to_mongodb_dag.py
[2026-06-07T18:21:48.360+0000] {processor.py:914} INFO - Processing file /opt/airflow/dags/load_to_mongodb_dag.py for tasks to queue
[2026-06-07T18:21:48.364+0000] {logging_mixin.py:190} INFO - [2026-06-07T18:21:48.363+0000] {dagbag.py:587} INFO - Filling up the DagBag from /opt/airflow/dags/load_to_mongodb_dag.py
[2026-06-07T18:21:49.126+0000] {processor.py:925} INFO - DAG(s) 'load_to_mongodb_dag' retrieved from /opt/airflow/dags/load_to_mongodb_dag.py
[2026-06-07T18:21:49.150+0000] {logging_mixin.py:190} INFO - [2026-06-07T18:21:49.150+0000] {dag.py:3211} INFO - Sync 1 DAGs
[2026-06-07T18:21:49.169+0000] {logging_mixin.py:190} INFO - [2026-06-07T18:21:49.169+0000] {dag.py:4138} INFO - Setting next_dagrun for load_to_mongodb_dag to None, run_after=None
[2026-06-07T18:21:49.201+0000] {processor.py:208} INFO - Processing /opt/airflow/dags/load_to_mongodb_dag.py took 0.855 seconds
[2026-06-07T18:22:20.259+0000] {processor.py:186} INFO - Started process (PID=681) to work on /opt/airflow/dags/load_to_mongodb_dag.py
[2026-06-07T18:22:20.262+0000] {processor.py:914} INFO - Processing file /opt/airflow/dags/load_to_mongodb_dag.py for tasks to queue
[2026-06-07T18:22:20.268+0000] {logging_mixin.py:190} INFO - [2026-06-07T18:22:20.267+0000] {dagbag.py:587} INFO - Filling up the DagBag from /opt/airflow/dags/load_to_mongodb_dag.py
[2026-06-07T18:22:21.188+0000] {processor.py:925} INFO - DAG(s) 'load_to_mongodb_dag' retrieved from /opt/airflow/dags/load_to_mongodb_dag.py
[2026-06-07T18:22:21.214+0000] {logging_mixin.py:190} INFO - [2026-06-07T18:22:21.214+0000] {dag.py:3211} INFO - Sync 1 DAGs
[2026-06-07T18:22:21.235+0000] {logging_mixin.py:190} INFO - [2026-06-07T18:22:21.234+0000] {dag.py:4138} INFO - Setting next_dagrun for load_to_mongodb_dag to None, run_after=None
[2026-06-07T18:22:21.268+0000] {processor.py:208} INFO - Processing /opt/airflow/dags/load_to_mongodb_dag.py took 1.018 seconds
[2026-06-07T18:22:51.944+0000] {processor.py:186} INFO - Started process (PID=685) to work on /opt/airflow/dags/load_to_mongodb_dag.py
[2026-06-07T18:22:51.947+0000] {processor.py:914} INFO - Processing file /opt/airflow/dags/load_to_mongodb_dag.py for tasks to queue
[2026-06-07T18:22:51.951+0000] {logging_mixin.py:190} INFO - [2026-06-07T18:22:51.951+0000] {dagbag.py:587} INFO - Filling up the DagBag from /opt/airflow/dags/load_to_mongodb_dag.py
[2026-06-07T18:22:53.055+0000] {processor.py:925} INFO - DAG(s) 'load_to_mongodb_dag' retrieved from /opt/airflow/dags/load_to_mongodb_dag.py
[2026-06-07T18:22:53.079+0000] {logging_mixin.py:190} INFO - [2026-06-07T18:22:53.078+0000] {dag.py:3211} INFO - Sync 1 DAGs
[2026-06-07T18:22:53.109+0000] {logging_mixin.py:190} INFO - [2026-06-07T18:22:53.109+0000] {dag.py:4138} INFO - Setting next_dagrun for load_to_mongodb_dag to None, run_after=None
[2026-06-07T18:22:53.140+0000] {processor.py:208} INFO - Processing /opt/airflow/dags/load_to_mongodb_dag.py took 1.204 seconds
[2026-06-07T18:23:23.642+0000] {processor.py:186} INFO - Started process (PID=689) to work on /opt/airflow/dags/load_to_mongodb_dag.py
[2026-06-07T18:23:23.644+0000] {processor.py:914} INFO - Processing file /opt/airflow/dags/load_to_mongodb_dag.py for tasks to queue
[2026-06-07T18:23:23.652+0000] {logging_mixin.py:190} INFO - [2026-06-07T18:23:23.651+0000] {dagbag.py:587} INFO - Filling up the DagBag from /opt/airflow/dags/load_to_mongodb_dag.py
[2026-06-07T18:23:24.384+0000] {processor.py:925} INFO - DAG(s) 'load_to_mongodb_dag' retrieved from /opt/airflow/dags/load_to_mongodb_dag.py
[2026-06-07T18:23:24.404+0000] {logging_mixin.py:190} INFO - [2026-06-07T18:23:24.403+0000] {dag.py:3211} INFO - Sync 1 DAGs
[2026-06-07T18:23:24.424+0000] {logging_mixin.py:190} INFO - [2026-06-07T18:23:24.424+0000] {dag.py:4138} INFO - Setting next_dagrun for load_to_mongodb_dag to None, run_after=None
[2026-06-07T18:23:24.454+0000] {processor.py:208} INFO - Processing /opt/airflow/dags/load_to_mongodb_dag.py took 0.825 seconds
[2026-06-07T18:23:55.126+0000] {processor.py:186} INFO - Started process (PID=693) to work on /opt/airflow/dags/load_to_mongodb_dag.py
[2026-06-07T18:23:55.128+0000] {processor.py:914} INFO - Processing file /opt/airflow/dags/load_to_mongodb_dag.py for tasks to queue
[2026-06-07T18:23:55.133+0000] {logging_mixin.py:190} INFO - [2026-06-07T18:23:55.132+0000] {dagbag.py:587} INFO - Filling up the DagBag from /opt/airflow/dags/load_to_mongodb_dag.py
[2026-06-07T18:23:55.881+0000] {processor.py:925} INFO - DAG(s) 'load_to_mongodb_dag' retrieved from /opt/airflow/dags/load_to_mongodb_dag.py
[2026-06-07T18:23:55.903+0000] {logging_mixin.py:190} INFO - [2026-06-07T18:23:55.903+0000] {dag.py:3211} INFO - Sync 1 DAGs
[2026-06-07T18:23:55.927+0000] {logging_mixin.py:190} INFO - [2026-06-07T18:23:55.927+0000] {dag.py:4138} INFO - Setting next_dagrun for load_to_mongodb_dag to None, run_after=None
[2026-06-07T18:23:55.960+0000] {processor.py:208} INFO - Processing /opt/airflow/dags/load_to_mongodb_dag.py took 0.847 seconds
[2026-06-07T18:24:26.559+0000] {processor.py:186} INFO - Started process (PID=697) to work on /opt/airflow/dags/load_to_mongodb_dag.py
[2026-06-07T18:24:26.562+0000] {processor.py:914} INFO - Processing file /opt/airflow/dags/load_to_mongodb_dag.py for tasks to queue
[2026-06-07T18:24:26.568+0000] {logging_mixin.py:190} INFO - [2026-06-07T18:24:26.567+0000] {dagbag.py:587} INFO - Filling up the DagBag from /opt/airflow/dags/load_to_mongodb_dag.py
[2026-06-07T18:24:27.379+0000] {processor.py:925} INFO - DAG(s) 'load_to_mongodb_dag' retrieved from /opt/airflow/dags/load_to_mongodb_dag.py
[2026-06-07T18:24:27.398+0000] {logging_mixin.py:190} INFO - [2026-06-07T18:24:27.398+0000] {dag.py:3211} INFO - Sync 1 DAGs
[2026-06-07T18:24:27.419+0000] {logging_mixin.py:190} INFO - [2026-06-07T18:24:27.419+0000] {dag.py:4138} INFO - Setting next_dagrun for load_to_mongodb_dag to None, run_after=None
[2026-06-07T18:24:27.455+0000] {processor.py:208} INFO - Processing /opt/airflow/dags/load_to_mongodb_dag.py took 0.905 seconds
[2026-06-07T18:24:58.126+0000] {processor.py:186} INFO - Started process (PID=701) to work on /opt/airflow/dags/load_to_mongodb_dag.py
[2026-06-07T18:24:58.129+0000] {processor.py:914} INFO - Processing file /opt/airflow/dags/load_to_mongodb_dag.py for tasks to queue
[2026-06-07T18:24:58.136+0000] {logging_mixin.py:190} INFO - [2026-06-07T18:24:58.135+0000] {dagbag.py:587} INFO - Filling up the DagBag from /opt/airflow/dags/load_to_mongodb_dag.py
[2026-06-07T18:24:58.932+0000] {processor.py:925} INFO - DAG(s) 'load_to_mongodb_dag' retrieved from /opt/airflow/dags/load_to_mongodb_dag.py
[2026-06-07T18:24:58.952+0000] {logging_mixin.py:190} INFO - [2026-06-07T18:24:58.951+0000] {dag.py:3211} INFO - Sync 1 DAGs
[2026-06-07T18:24:58.976+0000] {logging_mixin.py:190} INFO - [2026-06-07T18:24:58.976+0000] {dag.py:4138} INFO - Setting next_dagrun for load_to_mongodb_dag to None, run_after=None
[2026-06-07T18:24:59.030+0000] {processor.py:208} INFO - Processing /opt/airflow/dags/load_to_mongodb_dag.py took 0.914 seconds
[2026-06-07T18:25:29.635+0000] {processor.py:186} INFO - Started process (PID=705) to work on /opt/airflow/dags/load_to_mongodb_dag.py
[2026-06-07T18:25:29.637+0000] {processor.py:914} INFO - Processing file /opt/airflow/dags/load_to_mongodb_dag.py for tasks to queue
[2026-06-07T18:25:29.642+0000] {logging_mixin.py:190} INFO - [2026-06-07T18:25:29.641+0000] {dagbag.py:587} INFO - Filling up the DagBag from /opt/airflow/dags/load_to_mongodb_dag.py
[2026-06-07T18:25:30.601+0000] {processor.py:925} INFO - DAG(s) 'load_to_mongodb_dag' retrieved from /opt/airflow/dags/load_to_mongodb_dag.py
[2026-06-07T18:25:30.620+0000] {logging_mixin.py:190} INFO - [2026-06-07T18:25:30.619+0000] {dag.py:3211} INFO - Sync 1 DAGs
[2026-06-07T18:25:30.641+0000] {logging_mixin.py:190} INFO - [2026-06-07T18:25:30.640+0000] {dag.py:4138} INFO - Setting next_dagrun for load_to_mongodb_dag to None, run_after=None
[2026-06-07T18:25:30.674+0000] {processor.py:208} INFO - Processing /opt/airflow/dags/load_to_mongodb_dag.py took 1.046 seconds
