[2026-06-07T14:06:09.125+0000] {processor.py:186} INFO - Started process (PID=69) to work on /opt/airflow/dags/process_reviews_dag.py
[2026-06-07T14:06:09.131+0000] {processor.py:914} INFO - Processing file /opt/airflow/dags/process_reviews_dag.py for tasks to queue
[2026-06-07T14:06:09.142+0000] {logging_mixin.py:190} INFO - [2026-06-07T14:06:09.141+0000] {dagbag.py:587} INFO - Filling up the DagBag from /opt/airflow/dags/process_reviews_dag.py
[2026-06-07T14:06:12.129+0000] {processor.py:927} WARNING - No viable dags retrieved from /opt/airflow/dags/process_reviews_dag.py
[2026-06-07T14:06:12.151+0000] {processor.py:208} INFO - Processing /opt/airflow/dags/process_reviews_dag.py took 3.053 seconds
[2026-06-07T14:06:42.501+0000] {processor.py:186} INFO - Started process (PID=90) to work on /opt/airflow/dags/process_reviews_dag.py
[2026-06-07T14:06:42.504+0000] {processor.py:914} INFO - Processing file /opt/airflow/dags/process_reviews_dag.py for tasks to queue
[2026-06-07T14:06:42.515+0000] {logging_mixin.py:190} INFO - [2026-06-07T14:06:42.514+0000] {dagbag.py:587} INFO - Filling up the DagBag from /opt/airflow/dags/process_reviews_dag.py
[2026-06-07T14:06:44.116+0000] {processor.py:927} WARNING - No viable dags retrieved from /opt/airflow/dags/process_reviews_dag.py
[2026-06-07T14:06:44.131+0000] {processor.py:208} INFO - Processing /opt/airflow/dags/process_reviews_dag.py took 1.648 seconds
[2026-06-07T14:07:14.816+0000] {processor.py:186} INFO - Started process (PID=92) to work on /opt/airflow/dags/process_reviews_dag.py
[2026-06-07T14:07:14.818+0000] {processor.py:914} INFO - Processing file /opt/airflow/dags/process_reviews_dag.py for tasks to queue
[2026-06-07T14:07:14.823+0000] {logging_mixin.py:190} INFO - [2026-06-07T14:07:14.822+0000] {dagbag.py:587} INFO - Filling up the DagBag from /opt/airflow/dags/process_reviews_dag.py
[2026-06-07T14:07:15.627+0000] {processor.py:927} WARNING - No viable dags retrieved from /opt/airflow/dags/process_reviews_dag.py
[2026-06-07T14:07:15.638+0000] {processor.py:208} INFO - Processing /opt/airflow/dags/process_reviews_dag.py took 0.831 seconds
[2026-06-07T14:07:46.202+0000] {processor.py:186} INFO - Started process (PID=94) to work on /opt/airflow/dags/process_reviews_dag.py
[2026-06-07T14:07:46.205+0000] {processor.py:914} INFO - Processing file /opt/airflow/dags/process_reviews_dag.py for tasks to queue
[2026-06-07T14:07:46.209+0000] {logging_mixin.py:190} INFO - [2026-06-07T14:07:46.209+0000] {dagbag.py:587} INFO - Filling up the DagBag from /opt/airflow/dags/process_reviews_dag.py
[2026-06-07T14:07:47.457+0000] {processor.py:927} WARNING - No viable dags retrieved from /opt/airflow/dags/process_reviews_dag.py
[2026-06-07T14:07:47.483+0000] {processor.py:208} INFO - Processing /opt/airflow/dags/process_reviews_dag.py took 1.296 seconds
[2026-06-07T14:08:18.192+0000] {processor.py:186} INFO - Started process (PID=96) to work on /opt/airflow/dags/process_reviews_dag.py
[2026-06-07T14:08:18.195+0000] {processor.py:914} INFO - Processing file /opt/airflow/dags/process_reviews_dag.py for tasks to queue
[2026-06-07T14:08:18.206+0000] {logging_mixin.py:190} INFO - [2026-06-07T14:08:18.205+0000] {dagbag.py:587} INFO - Filling up the DagBag from /opt/airflow/dags/process_reviews_dag.py
[2026-06-07T14:08:19.569+0000] {processor.py:927} WARNING - No viable dags retrieved from /opt/airflow/dags/process_reviews_dag.py
[2026-06-07T14:08:19.589+0000] {processor.py:208} INFO - Processing /opt/airflow/dags/process_reviews_dag.py took 1.447 seconds
[2026-06-07T14:10:33.112+0000] {processor.py:186} INFO - Started process (PID=98) to work on /opt/airflow/dags/process_reviews_dag.py
[2026-06-07T14:10:33.116+0000] {processor.py:914} INFO - Processing file /opt/airflow/dags/process_reviews_dag.py for tasks to queue
[2026-06-07T14:10:33.128+0000] {logging_mixin.py:190} INFO - [2026-06-07T14:10:33.125+0000] {dagbag.py:587} INFO - Filling up the DagBag from /opt/airflow/dags/process_reviews_dag.py
[2026-06-07T14:10:35.888+0000] {processor.py:927} WARNING - No viable dags retrieved from /opt/airflow/dags/process_reviews_dag.py
[2026-06-07T14:10:35.942+0000] {processor.py:208} INFO - Processing /opt/airflow/dags/process_reviews_dag.py took 2.846 seconds
[2026-06-07T14:11:06.360+0000] {processor.py:186} INFO - Started process (PID=100) to work on /opt/airflow/dags/process_reviews_dag.py
[2026-06-07T14:11:06.362+0000] {processor.py:914} INFO - Processing file /opt/airflow/dags/process_reviews_dag.py for tasks to queue
[2026-06-07T14:11:06.366+0000] {logging_mixin.py:190} INFO - [2026-06-07T14:11:06.366+0000] {dagbag.py:587} INFO - Filling up the DagBag from /opt/airflow/dags/process_reviews_dag.py
[2026-06-07T14:11:07.143+0000] {processor.py:927} WARNING - No viable dags retrieved from /opt/airflow/dags/process_reviews_dag.py
[2026-06-07T14:11:07.154+0000] {processor.py:208} INFO - Processing /opt/airflow/dags/process_reviews_dag.py took 0.803 seconds
[2026-06-07T14:11:37.511+0000] {processor.py:186} INFO - Started process (PID=102) to work on /opt/airflow/dags/process_reviews_dag.py
[2026-06-07T14:11:37.515+0000] {processor.py:914} INFO - Processing file /opt/airflow/dags/process_reviews_dag.py for tasks to queue
[2026-06-07T14:11:37.521+0000] {logging_mixin.py:190} INFO - [2026-06-07T14:11:37.520+0000] {dagbag.py:587} INFO - Filling up the DagBag from /opt/airflow/dags/process_reviews_dag.py
[2026-06-07T14:11:38.729+0000] {processor.py:927} WARNING - No viable dags retrieved from /opt/airflow/dags/process_reviews_dag.py
[2026-06-07T14:11:38.746+0000] {processor.py:208} INFO - Processing /opt/airflow/dags/process_reviews_dag.py took 1.257 seconds
[2026-06-07T14:12:09.813+0000] {processor.py:186} INFO - Started process (PID=106) to work on /opt/airflow/dags/process_reviews_dag.py
[2026-06-07T14:12:09.828+0000] {processor.py:914} INFO - Processing file /opt/airflow/dags/process_reviews_dag.py for tasks to queue
[2026-06-07T14:12:09.848+0000] {logging_mixin.py:190} INFO - [2026-06-07T14:12:09.847+0000] {dagbag.py:587} INFO - Filling up the DagBag from /opt/airflow/dags/process_reviews_dag.py
[2026-06-07T14:12:12.067+0000] {processor.py:927} WARNING - No viable dags retrieved from /opt/airflow/dags/process_reviews_dag.py
[2026-06-07T14:12:12.112+0000] {processor.py:208} INFO - Processing /opt/airflow/dags/process_reviews_dag.py took 2.336 seconds
[2026-06-07T14:12:42.429+0000] {processor.py:186} INFO - Started process (PID=108) to work on /opt/airflow/dags/process_reviews_dag.py
[2026-06-07T14:12:42.432+0000] {processor.py:914} INFO - Processing file /opt/airflow/dags/process_reviews_dag.py for tasks to queue
[2026-06-07T14:12:42.438+0000] {logging_mixin.py:190} INFO - [2026-06-07T14:12:42.438+0000] {dagbag.py:587} INFO - Filling up the DagBag from /opt/airflow/dags/process_reviews_dag.py
[2026-06-07T14:12:43.485+0000] {processor.py:927} WARNING - No viable dags retrieved from /opt/airflow/dags/process_reviews_dag.py
[2026-06-07T14:12:43.500+0000] {processor.py:208} INFO - Processing /opt/airflow/dags/process_reviews_dag.py took 1.089 seconds
[2026-06-07T14:13:13.870+0000] {processor.py:186} INFO - Started process (PID=111) to work on /opt/airflow/dags/process_reviews_dag.py
[2026-06-07T14:13:13.873+0000] {processor.py:914} INFO - Processing file /opt/airflow/dags/process_reviews_dag.py for tasks to queue
[2026-06-07T14:13:13.877+0000] {logging_mixin.py:190} INFO - [2026-06-07T14:13:13.877+0000] {dagbag.py:587} INFO - Filling up the DagBag from /opt/airflow/dags/process_reviews_dag.py
[2026-06-07T14:13:14.573+0000] {processor.py:927} WARNING - No viable dags retrieved from /opt/airflow/dags/process_reviews_dag.py
[2026-06-07T14:13:14.597+0000] {processor.py:208} INFO - Processing /opt/airflow/dags/process_reviews_dag.py took 0.743 seconds
[2026-06-07T14:13:44.820+0000] {processor.py:186} INFO - Started process (PID=113) to work on /opt/airflow/dags/process_reviews_dag.py
[2026-06-07T14:13:44.822+0000] {processor.py:914} INFO - Processing file /opt/airflow/dags/process_reviews_dag.py for tasks to queue
[2026-06-07T14:13:44.826+0000] {logging_mixin.py:190} INFO - [2026-06-07T14:13:44.826+0000] {dagbag.py:587} INFO - Filling up the DagBag from /opt/airflow/dags/process_reviews_dag.py
[2026-06-07T14:13:45.680+0000] {processor.py:927} WARNING - No viable dags retrieved from /opt/airflow/dags/process_reviews_dag.py
[2026-06-07T14:13:45.689+0000] {processor.py:208} INFO - Processing /opt/airflow/dags/process_reviews_dag.py took 0.876 seconds
[2026-06-07T14:14:16.037+0000] {processor.py:186} INFO - Started process (PID=115) to work on /opt/airflow/dags/process_reviews_dag.py
[2026-06-07T14:14:16.040+0000] {processor.py:914} INFO - Processing file /opt/airflow/dags/process_reviews_dag.py for tasks to queue
[2026-06-07T14:14:16.048+0000] {logging_mixin.py:190} INFO - [2026-06-07T14:14:16.047+0000] {dagbag.py:587} INFO - Filling up the DagBag from /opt/airflow/dags/process_reviews_dag.py
[2026-06-07T14:14:16.897+0000] {processor.py:927} WARNING - No viable dags retrieved from /opt/airflow/dags/process_reviews_dag.py
[2026-06-07T14:14:16.910+0000] {processor.py:208} INFO - Processing /opt/airflow/dags/process_reviews_dag.py took 0.895 seconds
[2026-06-07T14:14:47.201+0000] {processor.py:186} INFO - Started process (PID=117) to work on /opt/airflow/dags/process_reviews_dag.py
[2026-06-07T14:14:47.204+0000] {processor.py:914} INFO - Processing file /opt/airflow/dags/process_reviews_dag.py for tasks to queue
[2026-06-07T14:14:47.211+0000] {logging_mixin.py:190} INFO - [2026-06-07T14:14:47.210+0000] {dagbag.py:587} INFO - Filling up the DagBag from /opt/airflow/dags/process_reviews_dag.py
[2026-06-07T14:14:48.129+0000] {processor.py:927} WARNING - No viable dags retrieved from /opt/airflow/dags/process_reviews_dag.py
[2026-06-07T14:14:48.182+0000] {processor.py:208} INFO - Processing /opt/airflow/dags/process_reviews_dag.py took 0.990 seconds
[2026-06-07T14:15:18.506+0000] {processor.py:186} INFO - Started process (PID=119) to work on /opt/airflow/dags/process_reviews_dag.py
[2026-06-07T14:15:18.508+0000] {processor.py:914} INFO - Processing file /opt/airflow/dags/process_reviews_dag.py for tasks to queue
[2026-06-07T14:15:18.512+0000] {logging_mixin.py:190} INFO - [2026-06-07T14:15:18.511+0000] {dagbag.py:587} INFO - Filling up the DagBag from /opt/airflow/dags/process_reviews_dag.py
[2026-06-07T14:15:19.261+0000] {processor.py:927} WARNING - No viable dags retrieved from /opt/airflow/dags/process_reviews_dag.py
[2026-06-07T14:15:19.271+0000] {processor.py:208} INFO - Processing /opt/airflow/dags/process_reviews_dag.py took 0.775 seconds
[2026-06-07T14:15:49.582+0000] {processor.py:186} INFO - Started process (PID=121) to work on /opt/airflow/dags/process_reviews_dag.py
[2026-06-07T14:15:49.585+0000] {processor.py:914} INFO - Processing file /opt/airflow/dags/process_reviews_dag.py for tasks to queue
[2026-06-07T14:15:49.590+0000] {logging_mixin.py:190} INFO - [2026-06-07T14:15:49.589+0000] {dagbag.py:587} INFO - Filling up the DagBag from /opt/airflow/dags/process_reviews_dag.py
[2026-06-07T14:15:50.466+0000] {processor.py:927} WARNING - No viable dags retrieved from /opt/airflow/dags/process_reviews_dag.py
[2026-06-07T14:15:50.482+0000] {processor.py:208} INFO - Processing /opt/airflow/dags/process_reviews_dag.py took 0.907 seconds
[2026-06-07T14:16:20.724+0000] {processor.py:186} INFO - Started process (PID=123) to work on /opt/airflow/dags/process_reviews_dag.py
[2026-06-07T14:16:20.726+0000] {processor.py:914} INFO - Processing file /opt/airflow/dags/process_reviews_dag.py for tasks to queue
[2026-06-07T14:16:20.730+0000] {logging_mixin.py:190} INFO - [2026-06-07T14:16:20.730+0000] {dagbag.py:587} INFO - Filling up the DagBag from /opt/airflow/dags/process_reviews_dag.py
[2026-06-07T14:16:21.436+0000] {processor.py:927} WARNING - No viable dags retrieved from /opt/airflow/dags/process_reviews_dag.py
[2026-06-07T14:16:21.444+0000] {processor.py:208} INFO - Processing /opt/airflow/dags/process_reviews_dag.py took 0.727 seconds
[2026-06-07T14:16:51.741+0000] {processor.py:186} INFO - Started process (PID=125) to work on /opt/airflow/dags/process_reviews_dag.py
[2026-06-07T14:16:51.744+0000] {processor.py:914} INFO - Processing file /opt/airflow/dags/process_reviews_dag.py for tasks to queue
[2026-06-07T14:16:51.752+0000] {logging_mixin.py:190} INFO - [2026-06-07T14:16:51.751+0000] {dagbag.py:587} INFO - Filling up the DagBag from /opt/airflow/dags/process_reviews_dag.py
[2026-06-07T14:16:52.444+0000] {processor.py:927} WARNING - No viable dags retrieved from /opt/airflow/dags/process_reviews_dag.py
[2026-06-07T14:16:52.455+0000] {processor.py:208} INFO - Processing /opt/airflow/dags/process_reviews_dag.py took 0.727 seconds
[2026-06-07T14:17:22.712+0000] {processor.py:186} INFO - Started process (PID=127) to work on /opt/airflow/dags/process_reviews_dag.py
[2026-06-07T14:17:22.714+0000] {processor.py:914} INFO - Processing file /opt/airflow/dags/process_reviews_dag.py for tasks to queue
[2026-06-07T14:17:22.718+0000] {logging_mixin.py:190} INFO - [2026-06-07T14:17:22.717+0000] {dagbag.py:587} INFO - Filling up the DagBag from /opt/airflow/dags/process_reviews_dag.py
[2026-06-07T14:17:23.320+0000] {processor.py:927} WARNING - No viable dags retrieved from /opt/airflow/dags/process_reviews_dag.py
[2026-06-07T14:17:23.333+0000] {processor.py:208} INFO - Processing /opt/airflow/dags/process_reviews_dag.py took 0.630 seconds
[2026-06-07T14:17:53.587+0000] {processor.py:186} INFO - Started process (PID=129) to work on /opt/airflow/dags/process_reviews_dag.py
[2026-06-07T14:17:53.589+0000] {processor.py:914} INFO - Processing file /opt/airflow/dags/process_reviews_dag.py for tasks to queue
[2026-06-07T14:17:53.593+0000] {logging_mixin.py:190} INFO - [2026-06-07T14:17:53.592+0000] {dagbag.py:587} INFO - Filling up the DagBag from /opt/airflow/dags/process_reviews_dag.py
[2026-06-07T14:17:54.307+0000] {processor.py:927} WARNING - No viable dags retrieved from /opt/airflow/dags/process_reviews_dag.py
[2026-06-07T14:17:54.317+0000] {processor.py:208} INFO - Processing /opt/airflow/dags/process_reviews_dag.py took 0.742 seconds
[2026-06-07T14:18:24.561+0000] {processor.py:186} INFO - Started process (PID=131) to work on /opt/airflow/dags/process_reviews_dag.py
[2026-06-07T14:18:24.564+0000] {processor.py:914} INFO - Processing file /opt/airflow/dags/process_reviews_dag.py for tasks to queue
[2026-06-07T14:18:24.569+0000] {logging_mixin.py:190} INFO - [2026-06-07T14:18:24.568+0000] {dagbag.py:587} INFO - Filling up the DagBag from /opt/airflow/dags/process_reviews_dag.py
[2026-06-07T14:18:25.242+0000] {processor.py:927} WARNING - No viable dags retrieved from /opt/airflow/dags/process_reviews_dag.py
[2026-06-07T14:18:25.254+0000] {processor.py:208} INFO - Processing /opt/airflow/dags/process_reviews_dag.py took 0.706 seconds
[2026-06-07T14:18:55.515+0000] {processor.py:186} INFO - Started process (PID=133) to work on /opt/airflow/dags/process_reviews_dag.py
[2026-06-07T14:18:55.518+0000] {processor.py:914} INFO - Processing file /opt/airflow/dags/process_reviews_dag.py for tasks to queue
[2026-06-07T14:18:55.525+0000] {logging_mixin.py:190} INFO - [2026-06-07T14:18:55.524+0000] {dagbag.py:587} INFO - Filling up the DagBag from /opt/airflow/dags/process_reviews_dag.py
[2026-06-07T14:18:56.285+0000] {processor.py:927} WARNING - No viable dags retrieved from /opt/airflow/dags/process_reviews_dag.py
[2026-06-07T14:18:56.296+0000] {processor.py:208} INFO - Processing /opt/airflow/dags/process_reviews_dag.py took 0.793 seconds
[2026-06-07T14:19:26.626+0000] {processor.py:186} INFO - Started process (PID=135) to work on /opt/airflow/dags/process_reviews_dag.py
[2026-06-07T14:19:26.628+0000] {processor.py:914} INFO - Processing file /opt/airflow/dags/process_reviews_dag.py for tasks to queue
[2026-06-07T14:19:26.633+0000] {logging_mixin.py:190} INFO - [2026-06-07T14:19:26.633+0000] {dagbag.py:587} INFO - Filling up the DagBag from /opt/airflow/dags/process_reviews_dag.py
[2026-06-07T14:19:27.225+0000] {processor.py:927} WARNING - No viable dags retrieved from /opt/airflow/dags/process_reviews_dag.py
[2026-06-07T14:19:27.236+0000] {processor.py:208} INFO - Processing /opt/airflow/dags/process_reviews_dag.py took 0.621 seconds
[2026-06-07T14:19:57.518+0000] {processor.py:186} INFO - Started process (PID=137) to work on /opt/airflow/dags/process_reviews_dag.py
[2026-06-07T14:19:57.521+0000] {processor.py:914} INFO - Processing file /opt/airflow/dags/process_reviews_dag.py for tasks to queue
[2026-06-07T14:19:57.527+0000] {logging_mixin.py:190} INFO - [2026-06-07T14:19:57.526+0000] {dagbag.py:587} INFO - Filling up the DagBag from /opt/airflow/dags/process_reviews_dag.py
[2026-06-07T14:19:58.221+0000] {processor.py:927} WARNING - No viable dags retrieved from /opt/airflow/dags/process_reviews_dag.py
[2026-06-07T14:19:58.238+0000] {processor.py:208} INFO - Processing /opt/airflow/dags/process_reviews_dag.py took 0.731 seconds
[2026-06-07T14:20:28.471+0000] {processor.py:186} INFO - Started process (PID=139) to work on /opt/airflow/dags/process_reviews_dag.py
[2026-06-07T14:20:28.474+0000] {processor.py:914} INFO - Processing file /opt/airflow/dags/process_reviews_dag.py for tasks to queue
[2026-06-07T14:20:28.479+0000] {logging_mixin.py:190} INFO - [2026-06-07T14:20:28.479+0000] {dagbag.py:587} INFO - Filling up the DagBag from /opt/airflow/dags/process_reviews_dag.py
[2026-06-07T14:20:29.154+0000] {processor.py:927} WARNING - No viable dags retrieved from /opt/airflow/dags/process_reviews_dag.py
[2026-06-07T14:20:29.164+0000] {processor.py:208} INFO - Processing /opt/airflow/dags/process_reviews_dag.py took 0.703 seconds
[2026-06-07T14:20:59.491+0000] {processor.py:186} INFO - Started process (PID=141) to work on /opt/airflow/dags/process_reviews_dag.py
[2026-06-07T14:20:59.495+0000] {processor.py:914} INFO - Processing file /opt/airflow/dags/process_reviews_dag.py for tasks to queue
[2026-06-07T14:20:59.499+0000] {logging_mixin.py:190} INFO - [2026-06-07T14:20:59.499+0000] {dagbag.py:587} INFO - Filling up the DagBag from /opt/airflow/dags/process_reviews_dag.py
[2026-06-07T14:21:00.333+0000] {processor.py:927} WARNING - No viable dags retrieved from /opt/airflow/dags/process_reviews_dag.py
[2026-06-07T14:21:00.342+0000] {processor.py:208} INFO - Processing /opt/airflow/dags/process_reviews_dag.py took 0.863 seconds
[2026-06-07T14:21:30.646+0000] {processor.py:186} INFO - Started process (PID=143) to work on /opt/airflow/dags/process_reviews_dag.py
[2026-06-07T14:21:30.648+0000] {processor.py:914} INFO - Processing file /opt/airflow/dags/process_reviews_dag.py for tasks to queue
[2026-06-07T14:21:30.652+0000] {logging_mixin.py:190} INFO - [2026-06-07T14:21:30.652+0000] {dagbag.py:587} INFO - Filling up the DagBag from /opt/airflow/dags/process_reviews_dag.py
[2026-06-07T14:21:31.316+0000] {processor.py:927} WARNING - No viable dags retrieved from /opt/airflow/dags/process_reviews_dag.py
[2026-06-07T14:21:31.328+0000] {processor.py:208} INFO - Processing /opt/airflow/dags/process_reviews_dag.py took 0.690 seconds
[2026-06-07T14:22:01.675+0000] {processor.py:186} INFO - Started process (PID=145) to work on /opt/airflow/dags/process_reviews_dag.py
[2026-06-07T14:22:01.678+0000] {processor.py:914} INFO - Processing file /opt/airflow/dags/process_reviews_dag.py for tasks to queue
[2026-06-07T14:22:01.683+0000] {logging_mixin.py:190} INFO - [2026-06-07T14:22:01.683+0000] {dagbag.py:587} INFO - Filling up the DagBag from /opt/airflow/dags/process_reviews_dag.py
[2026-06-07T14:22:02.364+0000] {processor.py:927} WARNING - No viable dags retrieved from /opt/airflow/dags/process_reviews_dag.py
[2026-06-07T14:22:02.371+0000] {processor.py:208} INFO - Processing /opt/airflow/dags/process_reviews_dag.py took 0.710 seconds
[2026-06-07T14:22:32.648+0000] {processor.py:186} INFO - Started process (PID=147) to work on /opt/airflow/dags/process_reviews_dag.py
[2026-06-07T14:22:32.650+0000] {processor.py:914} INFO - Processing file /opt/airflow/dags/process_reviews_dag.py for tasks to queue
[2026-06-07T14:22:32.655+0000] {logging_mixin.py:190} INFO - [2026-06-07T14:22:32.654+0000] {dagbag.py:587} INFO - Filling up the DagBag from /opt/airflow/dags/process_reviews_dag.py
[2026-06-07T14:22:33.333+0000] {processor.py:927} WARNING - No viable dags retrieved from /opt/airflow/dags/process_reviews_dag.py
[2026-06-07T14:22:33.345+0000] {processor.py:208} INFO - Processing /opt/airflow/dags/process_reviews_dag.py took 0.706 seconds
[2026-06-07T14:23:03.623+0000] {processor.py:186} INFO - Started process (PID=149) to work on /opt/airflow/dags/process_reviews_dag.py
[2026-06-07T14:23:03.625+0000] {processor.py:914} INFO - Processing file /opt/airflow/dags/process_reviews_dag.py for tasks to queue
[2026-06-07T14:23:03.630+0000] {logging_mixin.py:190} INFO - [2026-06-07T14:23:03.629+0000] {dagbag.py:587} INFO - Filling up the DagBag from /opt/airflow/dags/process_reviews_dag.py
[2026-06-07T14:23:04.277+0000] {processor.py:927} WARNING - No viable dags retrieved from /opt/airflow/dags/process_reviews_dag.py
[2026-06-07T14:23:04.290+0000] {processor.py:208} INFO - Processing /opt/airflow/dags/process_reviews_dag.py took 0.678 seconds
[2026-06-07T14:23:34.619+0000] {processor.py:186} INFO - Started process (PID=151) to work on /opt/airflow/dags/process_reviews_dag.py
[2026-06-07T14:23:34.622+0000] {processor.py:914} INFO - Processing file /opt/airflow/dags/process_reviews_dag.py for tasks to queue
[2026-06-07T14:23:34.628+0000] {logging_mixin.py:190} INFO - [2026-06-07T14:23:34.627+0000] {dagbag.py:587} INFO - Filling up the DagBag from /opt/airflow/dags/process_reviews_dag.py
[2026-06-07T14:23:35.318+0000] {processor.py:927} WARNING - No viable dags retrieved from /opt/airflow/dags/process_reviews_dag.py
[2026-06-07T14:23:35.329+0000] {processor.py:208} INFO - Processing /opt/airflow/dags/process_reviews_dag.py took 0.721 seconds
[2026-06-07T14:24:05.628+0000] {processor.py:186} INFO - Started process (PID=153) to work on /opt/airflow/dags/process_reviews_dag.py
[2026-06-07T14:24:05.631+0000] {processor.py:914} INFO - Processing file /opt/airflow/dags/process_reviews_dag.py for tasks to queue
[2026-06-07T14:24:05.635+0000] {logging_mixin.py:190} INFO - [2026-06-07T14:24:05.634+0000] {dagbag.py:587} INFO - Filling up the DagBag from /opt/airflow/dags/process_reviews_dag.py
[2026-06-07T14:24:06.316+0000] {processor.py:927} WARNING - No viable dags retrieved from /opt/airflow/dags/process_reviews_dag.py
[2026-06-07T14:24:06.323+0000] {processor.py:208} INFO - Processing /opt/airflow/dags/process_reviews_dag.py took 0.708 seconds
[2026-06-07T14:24:36.619+0000] {processor.py:186} INFO - Started process (PID=155) to work on /opt/airflow/dags/process_reviews_dag.py
[2026-06-07T14:24:36.621+0000] {processor.py:914} INFO - Processing file /opt/airflow/dags/process_reviews_dag.py for tasks to queue
[2026-06-07T14:24:36.628+0000] {logging_mixin.py:190} INFO - [2026-06-07T14:24:36.627+0000] {dagbag.py:587} INFO - Filling up the DagBag from /opt/airflow/dags/process_reviews_dag.py
[2026-06-07T14:24:37.266+0000] {processor.py:927} WARNING - No viable dags retrieved from /opt/airflow/dags/process_reviews_dag.py
[2026-06-07T14:24:37.277+0000] {processor.py:208} INFO - Processing /opt/airflow/dags/process_reviews_dag.py took 0.672 seconds
[2026-06-07T14:25:08.447+0000] {processor.py:186} INFO - Started process (PID=157) to work on /opt/airflow/dags/process_reviews_dag.py
[2026-06-07T14:25:08.449+0000] {processor.py:914} INFO - Processing file /opt/airflow/dags/process_reviews_dag.py for tasks to queue
[2026-06-07T14:25:08.453+0000] {logging_mixin.py:190} INFO - [2026-06-07T14:25:08.453+0000] {dagbag.py:587} INFO - Filling up the DagBag from /opt/airflow/dags/process_reviews_dag.py
[2026-06-07T14:25:09.136+0000] {processor.py:927} WARNING - No viable dags retrieved from /opt/airflow/dags/process_reviews_dag.py
[2026-06-07T14:25:09.170+0000] {processor.py:208} INFO - Processing /opt/airflow/dags/process_reviews_dag.py took 0.731 seconds
[2026-06-07T14:40:07.469+0000] {processor.py:186} INFO - Started process (PID=159) to work on /opt/airflow/dags/process_reviews_dag.py
[2026-06-07T14:40:07.478+0000] {processor.py:914} INFO - Processing file /opt/airflow/dags/process_reviews_dag.py for tasks to queue
[2026-06-07T14:40:07.487+0000] {logging_mixin.py:190} INFO - [2026-06-07T14:40:07.486+0000] {dagbag.py:587} INFO - Filling up the DagBag from /opt/airflow/dags/process_reviews_dag.py
[2026-06-07T14:40:08.702+0000] {processor.py:927} WARNING - No viable dags retrieved from /opt/airflow/dags/process_reviews_dag.py
[2026-06-07T14:40:08.719+0000] {processor.py:208} INFO - Processing /opt/airflow/dags/process_reviews_dag.py took 1.329 seconds
[2026-06-07T14:40:38.957+0000] {processor.py:186} INFO - Started process (PID=161) to work on /opt/airflow/dags/process_reviews_dag.py
[2026-06-07T14:40:38.961+0000] {processor.py:914} INFO - Processing file /opt/airflow/dags/process_reviews_dag.py for tasks to queue
[2026-06-07T14:40:38.966+0000] {logging_mixin.py:190} INFO - [2026-06-07T14:40:38.965+0000] {dagbag.py:587} INFO - Filling up the DagBag from /opt/airflow/dags/process_reviews_dag.py
[2026-06-07T14:40:39.830+0000] {processor.py:927} WARNING - No viable dags retrieved from /opt/airflow/dags/process_reviews_dag.py
[2026-06-07T14:40:39.846+0000] {processor.py:208} INFO - Processing /opt/airflow/dags/process_reviews_dag.py took 0.905 seconds
[2026-06-07T14:41:10.210+0000] {processor.py:186} INFO - Started process (PID=163) to work on /opt/airflow/dags/process_reviews_dag.py
[2026-06-07T14:41:10.212+0000] {processor.py:914} INFO - Processing file /opt/airflow/dags/process_reviews_dag.py for tasks to queue
[2026-06-07T14:41:10.218+0000] {logging_mixin.py:190} INFO - [2026-06-07T14:41:10.217+0000] {dagbag.py:587} INFO - Filling up the DagBag from /opt/airflow/dags/process_reviews_dag.py
[2026-06-07T14:41:11.021+0000] {processor.py:927} WARNING - No viable dags retrieved from /opt/airflow/dags/process_reviews_dag.py
[2026-06-07T14:41:11.030+0000] {processor.py:208} INFO - Processing /opt/airflow/dags/process_reviews_dag.py took 0.832 seconds
[2026-06-07T14:41:41.385+0000] {processor.py:186} INFO - Started process (PID=165) to work on /opt/airflow/dags/process_reviews_dag.py
[2026-06-07T14:41:41.388+0000] {processor.py:914} INFO - Processing file /opt/airflow/dags/process_reviews_dag.py for tasks to queue
[2026-06-07T14:41:41.394+0000] {logging_mixin.py:190} INFO - [2026-06-07T14:41:41.393+0000] {dagbag.py:587} INFO - Filling up the DagBag from /opt/airflow/dags/process_reviews_dag.py
[2026-06-07T14:41:42.266+0000] {processor.py:927} WARNING - No viable dags retrieved from /opt/airflow/dags/process_reviews_dag.py
[2026-06-07T14:41:42.279+0000] {processor.py:208} INFO - Processing /opt/airflow/dags/process_reviews_dag.py took 0.907 seconds
[2026-06-07T14:42:12.652+0000] {processor.py:186} INFO - Started process (PID=167) to work on /opt/airflow/dags/process_reviews_dag.py
[2026-06-07T14:42:12.656+0000] {processor.py:914} INFO - Processing file /opt/airflow/dags/process_reviews_dag.py for tasks to queue
[2026-06-07T14:42:12.662+0000] {logging_mixin.py:190} INFO - [2026-06-07T14:42:12.661+0000] {dagbag.py:587} INFO - Filling up the DagBag from /opt/airflow/dags/process_reviews_dag.py
[2026-06-07T14:42:13.375+0000] {processor.py:927} WARNING - No viable dags retrieved from /opt/airflow/dags/process_reviews_dag.py
[2026-06-07T14:42:13.385+0000] {processor.py:208} INFO - Processing /opt/airflow/dags/process_reviews_dag.py took 0.749 seconds
[2026-06-07T14:42:43.710+0000] {processor.py:186} INFO - Started process (PID=170) to work on /opt/airflow/dags/process_reviews_dag.py
[2026-06-07T14:42:43.713+0000] {processor.py:914} INFO - Processing file /opt/airflow/dags/process_reviews_dag.py for tasks to queue
[2026-06-07T14:42:43.719+0000] {logging_mixin.py:190} INFO - [2026-06-07T14:42:43.718+0000] {dagbag.py:587} INFO - Filling up the DagBag from /opt/airflow/dags/process_reviews_dag.py
[2026-06-07T14:42:44.436+0000] {processor.py:927} WARNING - No viable dags retrieved from /opt/airflow/dags/process_reviews_dag.py
[2026-06-07T14:42:44.448+0000] {processor.py:208} INFO - Processing /opt/airflow/dags/process_reviews_dag.py took 0.753 seconds
[2026-06-07T14:43:14.848+0000] {processor.py:186} INFO - Started process (PID=172) to work on /opt/airflow/dags/process_reviews_dag.py
[2026-06-07T14:43:14.851+0000] {processor.py:914} INFO - Processing file /opt/airflow/dags/process_reviews_dag.py for tasks to queue
[2026-06-07T14:43:14.854+0000] {logging_mixin.py:190} INFO - [2026-06-07T14:43:14.854+0000] {dagbag.py:587} INFO - Filling up the DagBag from /opt/airflow/dags/process_reviews_dag.py
[2026-06-07T14:43:15.530+0000] {processor.py:927} WARNING - No viable dags retrieved from /opt/airflow/dags/process_reviews_dag.py
[2026-06-07T14:43:15.538+0000] {processor.py:208} INFO - Processing /opt/airflow/dags/process_reviews_dag.py took 0.702 seconds
[2026-06-07T14:43:45.881+0000] {processor.py:186} INFO - Started process (PID=174) to work on /opt/airflow/dags/process_reviews_dag.py
[2026-06-07T14:43:45.883+0000] {processor.py:914} INFO - Processing file /opt/airflow/dags/process_reviews_dag.py for tasks to queue
[2026-06-07T14:43:45.888+0000] {logging_mixin.py:190} INFO - [2026-06-07T14:43:45.887+0000] {dagbag.py:587} INFO - Filling up the DagBag from /opt/airflow/dags/process_reviews_dag.py
[2026-06-07T14:43:46.542+0000] {processor.py:927} WARNING - No viable dags retrieved from /opt/airflow/dags/process_reviews_dag.py
[2026-06-07T14:43:46.557+0000] {processor.py:208} INFO - Processing /opt/airflow/dags/process_reviews_dag.py took 0.685 seconds
[2026-06-07T14:44:16.925+0000] {processor.py:186} INFO - Started process (PID=176) to work on /opt/airflow/dags/process_reviews_dag.py
[2026-06-07T14:44:16.928+0000] {processor.py:914} INFO - Processing file /opt/airflow/dags/process_reviews_dag.py for tasks to queue
[2026-06-07T14:44:16.936+0000] {logging_mixin.py:190} INFO - [2026-06-07T14:44:16.935+0000] {dagbag.py:587} INFO - Filling up the DagBag from /opt/airflow/dags/process_reviews_dag.py
[2026-06-07T14:44:17.857+0000] {processor.py:927} WARNING - No viable dags retrieved from /opt/airflow/dags/process_reviews_dag.py
[2026-06-07T14:44:17.895+0000] {processor.py:208} INFO - Processing /opt/airflow/dags/process_reviews_dag.py took 0.980 seconds
[2026-06-07T14:44:48.350+0000] {processor.py:186} INFO - Started process (PID=178) to work on /opt/airflow/dags/process_reviews_dag.py
[2026-06-07T14:44:48.355+0000] {processor.py:914} INFO - Processing file /opt/airflow/dags/process_reviews_dag.py for tasks to queue
[2026-06-07T14:44:48.364+0000] {logging_mixin.py:190} INFO - [2026-06-07T14:44:48.364+0000] {dagbag.py:587} INFO - Filling up the DagBag from /opt/airflow/dags/process_reviews_dag.py
[2026-06-07T14:44:49.136+0000] {processor.py:927} WARNING - No viable dags retrieved from /opt/airflow/dags/process_reviews_dag.py
[2026-06-07T14:44:49.145+0000] {processor.py:208} INFO - Processing /opt/airflow/dags/process_reviews_dag.py took 0.814 seconds
[2026-06-07T14:45:19.516+0000] {processor.py:186} INFO - Started process (PID=180) to work on /opt/airflow/dags/process_reviews_dag.py
[2026-06-07T14:45:19.518+0000] {processor.py:914} INFO - Processing file /opt/airflow/dags/process_reviews_dag.py for tasks to queue
[2026-06-07T14:45:19.530+0000] {logging_mixin.py:190} INFO - [2026-06-07T14:45:19.524+0000] {dagbag.py:587} INFO - Filling up the DagBag from /opt/airflow/dags/process_reviews_dag.py
[2026-06-07T14:45:20.258+0000] {processor.py:927} WARNING - No viable dags retrieved from /opt/airflow/dags/process_reviews_dag.py
[2026-06-07T14:45:20.269+0000] {processor.py:208} INFO - Processing /opt/airflow/dags/process_reviews_dag.py took 0.776 seconds
[2026-06-07T14:45:50.620+0000] {processor.py:186} INFO - Started process (PID=182) to work on /opt/airflow/dags/process_reviews_dag.py
[2026-06-07T14:45:50.623+0000] {processor.py:914} INFO - Processing file /opt/airflow/dags/process_reviews_dag.py for tasks to queue
[2026-06-07T14:45:50.628+0000] {logging_mixin.py:190} INFO - [2026-06-07T14:45:50.628+0000] {dagbag.py:587} INFO - Filling up the DagBag from /opt/airflow/dags/process_reviews_dag.py
[2026-06-07T14:45:51.483+0000] {processor.py:927} WARNING - No viable dags retrieved from /opt/airflow/dags/process_reviews_dag.py
[2026-06-07T14:45:51.493+0000] {processor.py:208} INFO - Processing /opt/airflow/dags/process_reviews_dag.py took 0.884 seconds
[2026-06-07T14:46:21.831+0000] {processor.py:186} INFO - Started process (PID=184) to work on /opt/airflow/dags/process_reviews_dag.py
[2026-06-07T14:46:21.833+0000] {processor.py:914} INFO - Processing file /opt/airflow/dags/process_reviews_dag.py for tasks to queue
[2026-06-07T14:46:21.839+0000] {logging_mixin.py:190} INFO - [2026-06-07T14:46:21.838+0000] {dagbag.py:587} INFO - Filling up the DagBag from /opt/airflow/dags/process_reviews_dag.py
[2026-06-07T14:46:22.840+0000] {processor.py:927} WARNING - No viable dags retrieved from /opt/airflow/dags/process_reviews_dag.py
[2026-06-07T14:46:22.859+0000] {processor.py:208} INFO - Processing /opt/airflow/dags/process_reviews_dag.py took 1.040 seconds
[2026-06-07T14:46:53.124+0000] {processor.py:186} INFO - Started process (PID=186) to work on /opt/airflow/dags/process_reviews_dag.py
[2026-06-07T14:46:53.127+0000] {processor.py:914} INFO - Processing file /opt/airflow/dags/process_reviews_dag.py for tasks to queue
[2026-06-07T14:46:53.131+0000] {logging_mixin.py:190} INFO - [2026-06-07T14:46:53.131+0000] {dagbag.py:587} INFO - Filling up the DagBag from /opt/airflow/dags/process_reviews_dag.py
[2026-06-07T14:46:53.897+0000] {processor.py:927} WARNING - No viable dags retrieved from /opt/airflow/dags/process_reviews_dag.py
[2026-06-07T14:46:53.908+0000] {processor.py:208} INFO - Processing /opt/airflow/dags/process_reviews_dag.py took 0.797 seconds
[2026-06-07T14:47:24.204+0000] {processor.py:186} INFO - Started process (PID=188) to work on /opt/airflow/dags/process_reviews_dag.py
[2026-06-07T14:47:24.206+0000] {processor.py:914} INFO - Processing file /opt/airflow/dags/process_reviews_dag.py for tasks to queue
[2026-06-07T14:47:24.213+0000] {logging_mixin.py:190} INFO - [2026-06-07T14:47:24.212+0000] {dagbag.py:587} INFO - Filling up the DagBag from /opt/airflow/dags/process_reviews_dag.py
[2026-06-07T14:47:25.338+0000] {processor.py:927} WARNING - No viable dags retrieved from /opt/airflow/dags/process_reviews_dag.py
[2026-06-07T14:47:25.352+0000] {processor.py:208} INFO - Processing /opt/airflow/dags/process_reviews_dag.py took 1.162 seconds
[2026-06-07T14:47:55.745+0000] {processor.py:186} INFO - Started process (PID=190) to work on /opt/airflow/dags/process_reviews_dag.py
[2026-06-07T14:47:55.751+0000] {processor.py:914} INFO - Processing file /opt/airflow/dags/process_reviews_dag.py for tasks to queue
[2026-06-07T14:47:55.758+0000] {logging_mixin.py:190} INFO - [2026-06-07T14:47:55.757+0000] {dagbag.py:587} INFO - Filling up the DagBag from /opt/airflow/dags/process_reviews_dag.py
[2026-06-07T14:47:57.088+0000] {processor.py:927} WARNING - No viable dags retrieved from /opt/airflow/dags/process_reviews_dag.py
[2026-06-07T14:47:57.113+0000] {processor.py:208} INFO - Processing /opt/airflow/dags/process_reviews_dag.py took 1.383 seconds
[2026-06-07T14:48:27.468+0000] {processor.py:186} INFO - Started process (PID=192) to work on /opt/airflow/dags/process_reviews_dag.py
[2026-06-07T14:48:27.471+0000] {processor.py:914} INFO - Processing file /opt/airflow/dags/process_reviews_dag.py for tasks to queue
[2026-06-07T14:48:27.477+0000] {logging_mixin.py:190} INFO - [2026-06-07T14:48:27.477+0000] {dagbag.py:587} INFO - Filling up the DagBag from /opt/airflow/dags/process_reviews_dag.py
[2026-06-07T14:48:28.481+0000] {processor.py:927} WARNING - No viable dags retrieved from /opt/airflow/dags/process_reviews_dag.py
[2026-06-07T14:48:28.500+0000] {processor.py:208} INFO - Processing /opt/airflow/dags/process_reviews_dag.py took 1.048 seconds
[2026-06-07T14:48:58.757+0000] {processor.py:186} INFO - Started process (PID=194) to work on /opt/airflow/dags/process_reviews_dag.py
[2026-06-07T14:48:58.760+0000] {processor.py:914} INFO - Processing file /opt/airflow/dags/process_reviews_dag.py for tasks to queue
[2026-06-07T14:48:58.765+0000] {logging_mixin.py:190} INFO - [2026-06-07T14:48:58.765+0000] {dagbag.py:587} INFO - Filling up the DagBag from /opt/airflow/dags/process_reviews_dag.py
[2026-06-07T14:48:59.658+0000] {processor.py:927} WARNING - No viable dags retrieved from /opt/airflow/dags/process_reviews_dag.py
[2026-06-07T14:48:59.674+0000] {processor.py:208} INFO - Processing /opt/airflow/dags/process_reviews_dag.py took 0.930 seconds
[2026-06-07T14:49:29.900+0000] {processor.py:186} INFO - Started process (PID=196) to work on /opt/airflow/dags/process_reviews_dag.py
[2026-06-07T14:49:29.903+0000] {processor.py:914} INFO - Processing file /opt/airflow/dags/process_reviews_dag.py for tasks to queue
[2026-06-07T14:49:29.908+0000] {logging_mixin.py:190} INFO - [2026-06-07T14:49:29.907+0000] {dagbag.py:587} INFO - Filling up the DagBag from /opt/airflow/dags/process_reviews_dag.py
[2026-06-07T14:49:30.828+0000] {processor.py:927} WARNING - No viable dags retrieved from /opt/airflow/dags/process_reviews_dag.py
[2026-06-07T14:49:30.842+0000] {processor.py:208} INFO - Processing /opt/airflow/dags/process_reviews_dag.py took 0.951 seconds
[2026-06-07T14:50:01.078+0000] {processor.py:186} INFO - Started process (PID=198) to work on /opt/airflow/dags/process_reviews_dag.py
[2026-06-07T14:50:01.081+0000] {processor.py:914} INFO - Processing file /opt/airflow/dags/process_reviews_dag.py for tasks to queue
[2026-06-07T14:50:01.085+0000] {logging_mixin.py:190} INFO - [2026-06-07T14:50:01.084+0000] {dagbag.py:587} INFO - Filling up the DagBag from /opt/airflow/dags/process_reviews_dag.py
[2026-06-07T14:50:01.897+0000] {processor.py:927} WARNING - No viable dags retrieved from /opt/airflow/dags/process_reviews_dag.py
[2026-06-07T14:50:01.914+0000] {processor.py:208} INFO - Processing /opt/airflow/dags/process_reviews_dag.py took 0.848 seconds
[2026-06-07T14:50:32.168+0000] {processor.py:186} INFO - Started process (PID=200) to work on /opt/airflow/dags/process_reviews_dag.py
[2026-06-07T14:50:32.172+0000] {processor.py:914} INFO - Processing file /opt/airflow/dags/process_reviews_dag.py for tasks to queue
[2026-06-07T14:50:32.178+0000] {logging_mixin.py:190} INFO - [2026-06-07T14:50:32.177+0000] {dagbag.py:587} INFO - Filling up the DagBag from /opt/airflow/dags/process_reviews_dag.py
[2026-06-07T14:50:33.174+0000] {processor.py:927} WARNING - No viable dags retrieved from /opt/airflow/dags/process_reviews_dag.py
[2026-06-07T14:50:33.187+0000] {processor.py:208} INFO - Processing /opt/airflow/dags/process_reviews_dag.py took 1.028 seconds
[2026-06-07T14:51:03.439+0000] {processor.py:186} INFO - Started process (PID=202) to work on /opt/airflow/dags/process_reviews_dag.py
[2026-06-07T14:51:03.442+0000] {processor.py:914} INFO - Processing file /opt/airflow/dags/process_reviews_dag.py for tasks to queue
[2026-06-07T14:51:03.448+0000] {logging_mixin.py:190} INFO - [2026-06-07T14:51:03.447+0000] {dagbag.py:587} INFO - Filling up the DagBag from /opt/airflow/dags/process_reviews_dag.py
[2026-06-07T14:51:04.285+0000] {processor.py:927} WARNING - No viable dags retrieved from /opt/airflow/dags/process_reviews_dag.py
[2026-06-07T14:51:04.300+0000] {processor.py:208} INFO - Processing /opt/airflow/dags/process_reviews_dag.py took 0.869 seconds
[2026-06-07T14:51:34.682+0000] {processor.py:186} INFO - Started process (PID=204) to work on /opt/airflow/dags/process_reviews_dag.py
[2026-06-07T14:51:34.687+0000] {processor.py:914} INFO - Processing file /opt/airflow/dags/process_reviews_dag.py for tasks to queue
[2026-06-07T14:51:34.696+0000] {logging_mixin.py:190} INFO - [2026-06-07T14:51:34.695+0000] {dagbag.py:587} INFO - Filling up the DagBag from /opt/airflow/dags/process_reviews_dag.py
[2026-06-07T14:51:35.893+0000] {processor.py:927} WARNING - No viable dags retrieved from /opt/airflow/dags/process_reviews_dag.py
[2026-06-07T14:51:35.911+0000] {processor.py:208} INFO - Processing /opt/airflow/dags/process_reviews_dag.py took 1.242 seconds
[2026-06-07T14:52:06.239+0000] {processor.py:186} INFO - Started process (PID=206) to work on /opt/airflow/dags/process_reviews_dag.py
[2026-06-07T14:52:06.244+0000] {processor.py:914} INFO - Processing file /opt/airflow/dags/process_reviews_dag.py for tasks to queue
[2026-06-07T14:52:06.253+0000] {logging_mixin.py:190} INFO - [2026-06-07T14:52:06.252+0000] {dagbag.py:587} INFO - Filling up the DagBag from /opt/airflow/dags/process_reviews_dag.py
[2026-06-07T14:52:07.344+0000] {processor.py:927} WARNING - No viable dags retrieved from /opt/airflow/dags/process_reviews_dag.py
[2026-06-07T14:52:07.353+0000] {processor.py:208} INFO - Processing /opt/airflow/dags/process_reviews_dag.py took 1.138 seconds
[2026-06-07T14:52:37.610+0000] {processor.py:186} INFO - Started process (PID=208) to work on /opt/airflow/dags/process_reviews_dag.py
[2026-06-07T14:52:37.613+0000] {processor.py:914} INFO - Processing file /opt/airflow/dags/process_reviews_dag.py for tasks to queue
[2026-06-07T14:52:37.622+0000] {logging_mixin.py:190} INFO - [2026-06-07T14:52:37.621+0000] {dagbag.py:587} INFO - Filling up the DagBag from /opt/airflow/dags/process_reviews_dag.py
[2026-06-07T14:52:38.588+0000] {processor.py:927} WARNING - No viable dags retrieved from /opt/airflow/dags/process_reviews_dag.py
[2026-06-07T14:52:38.597+0000] {processor.py:208} INFO - Processing /opt/airflow/dags/process_reviews_dag.py took 1.004 seconds
[2026-06-07T14:53:08.912+0000] {processor.py:186} INFO - Started process (PID=210) to work on /opt/airflow/dags/process_reviews_dag.py
[2026-06-07T14:53:08.914+0000] {processor.py:914} INFO - Processing file /opt/airflow/dags/process_reviews_dag.py for tasks to queue
[2026-06-07T14:53:08.919+0000] {logging_mixin.py:190} INFO - [2026-06-07T14:53:08.918+0000] {dagbag.py:587} INFO - Filling up the DagBag from /opt/airflow/dags/process_reviews_dag.py
[2026-06-07T14:53:09.982+0000] {processor.py:927} WARNING - No viable dags retrieved from /opt/airflow/dags/process_reviews_dag.py
[2026-06-07T14:53:10.004+0000] {processor.py:208} INFO - Processing /opt/airflow/dags/process_reviews_dag.py took 1.106 seconds
[2026-06-07T14:53:40.306+0000] {processor.py:186} INFO - Started process (PID=212) to work on /opt/airflow/dags/process_reviews_dag.py
[2026-06-07T14:53:40.309+0000] {processor.py:914} INFO - Processing file /opt/airflow/dags/process_reviews_dag.py for tasks to queue
[2026-06-07T14:53:40.317+0000] {logging_mixin.py:190} INFO - [2026-06-07T14:53:40.315+0000] {dagbag.py:587} INFO - Filling up the DagBag from /opt/airflow/dags/process_reviews_dag.py
[2026-06-07T14:53:41.328+0000] {processor.py:927} WARNING - No viable dags retrieved from /opt/airflow/dags/process_reviews_dag.py
[2026-06-07T14:53:41.342+0000] {processor.py:208} INFO - Processing /opt/airflow/dags/process_reviews_dag.py took 1.052 seconds
[2026-06-07T14:54:11.595+0000] {processor.py:186} INFO - Started process (PID=214) to work on /opt/airflow/dags/process_reviews_dag.py
[2026-06-07T14:54:11.597+0000] {processor.py:914} INFO - Processing file /opt/airflow/dags/process_reviews_dag.py for tasks to queue
[2026-06-07T14:54:11.601+0000] {logging_mixin.py:190} INFO - [2026-06-07T14:54:11.600+0000] {dagbag.py:587} INFO - Filling up the DagBag from /opt/airflow/dags/process_reviews_dag.py
[2026-06-07T14:54:12.989+0000] {processor.py:927} WARNING - No viable dags retrieved from /opt/airflow/dags/process_reviews_dag.py
[2026-06-07T14:54:13.009+0000] {processor.py:208} INFO - Processing /opt/airflow/dags/process_reviews_dag.py took 1.423 seconds
[2026-06-07T14:54:43.372+0000] {processor.py:186} INFO - Started process (PID=216) to work on /opt/airflow/dags/process_reviews_dag.py
[2026-06-07T14:54:43.374+0000] {processor.py:914} INFO - Processing file /opt/airflow/dags/process_reviews_dag.py for tasks to queue
[2026-06-07T14:54:43.382+0000] {logging_mixin.py:190} INFO - [2026-06-07T14:54:43.382+0000] {dagbag.py:587} INFO - Filling up the DagBag from /opt/airflow/dags/process_reviews_dag.py
[2026-06-07T14:54:44.264+0000] {processor.py:927} WARNING - No viable dags retrieved from /opt/airflow/dags/process_reviews_dag.py
[2026-06-07T14:54:44.272+0000] {processor.py:208} INFO - Processing /opt/airflow/dags/process_reviews_dag.py took 0.918 seconds
[2026-06-07T14:55:14.520+0000] {processor.py:186} INFO - Started process (PID=218) to work on /opt/airflow/dags/process_reviews_dag.py
[2026-06-07T14:55:14.523+0000] {processor.py:914} INFO - Processing file /opt/airflow/dags/process_reviews_dag.py for tasks to queue
[2026-06-07T14:55:14.531+0000] {logging_mixin.py:190} INFO - [2026-06-07T14:55:14.530+0000] {dagbag.py:587} INFO - Filling up the DagBag from /opt/airflow/dags/process_reviews_dag.py
[2026-06-07T14:55:15.357+0000] {processor.py:927} WARNING - No viable dags retrieved from /opt/airflow/dags/process_reviews_dag.py
[2026-06-07T14:55:15.371+0000] {processor.py:208} INFO - Processing /opt/airflow/dags/process_reviews_dag.py took 0.868 seconds
[2026-06-07T14:55:45.714+0000] {processor.py:186} INFO - Started process (PID=220) to work on /opt/airflow/dags/process_reviews_dag.py
[2026-06-07T14:55:45.717+0000] {processor.py:914} INFO - Processing file /opt/airflow/dags/process_reviews_dag.py for tasks to queue
[2026-06-07T14:55:45.724+0000] {logging_mixin.py:190} INFO - [2026-06-07T14:55:45.723+0000] {dagbag.py:587} INFO - Filling up the DagBag from /opt/airflow/dags/process_reviews_dag.py
[2026-06-07T14:55:46.596+0000] {processor.py:927} WARNING - No viable dags retrieved from /opt/airflow/dags/process_reviews_dag.py
[2026-06-07T14:55:46.613+0000] {processor.py:208} INFO - Processing /opt/airflow/dags/process_reviews_dag.py took 0.911 seconds
[2026-06-07T14:56:16.922+0000] {processor.py:186} INFO - Started process (PID=222) to work on /opt/airflow/dags/process_reviews_dag.py
[2026-06-07T14:56:16.925+0000] {processor.py:914} INFO - Processing file /opt/airflow/dags/process_reviews_dag.py for tasks to queue
[2026-06-07T14:56:16.930+0000] {logging_mixin.py:190} INFO - [2026-06-07T14:56:16.929+0000] {dagbag.py:587} INFO - Filling up the DagBag from /opt/airflow/dags/process_reviews_dag.py
[2026-06-07T14:56:17.879+0000] {processor.py:927} WARNING - No viable dags retrieved from /opt/airflow/dags/process_reviews_dag.py
[2026-06-07T14:56:17.890+0000] {processor.py:208} INFO - Processing /opt/airflow/dags/process_reviews_dag.py took 0.977 seconds
[2026-06-07T14:56:48.228+0000] {processor.py:186} INFO - Started process (PID=224) to work on /opt/airflow/dags/process_reviews_dag.py
[2026-06-07T14:56:48.239+0000] {processor.py:914} INFO - Processing file /opt/airflow/dags/process_reviews_dag.py for tasks to queue
[2026-06-07T14:56:48.245+0000] {logging_mixin.py:190} INFO - [2026-06-07T14:56:48.244+0000] {dagbag.py:587} INFO - Filling up the DagBag from /opt/airflow/dags/process_reviews_dag.py
[2026-06-07T14:56:49.172+0000] {processor.py:927} WARNING - No viable dags retrieved from /opt/airflow/dags/process_reviews_dag.py
[2026-06-07T14:56:49.190+0000] {processor.py:208} INFO - Processing /opt/airflow/dags/process_reviews_dag.py took 0.983 seconds
[2026-06-07T14:57:19.546+0000] {processor.py:186} INFO - Started process (PID=226) to work on /opt/airflow/dags/process_reviews_dag.py
[2026-06-07T14:57:19.549+0000] {processor.py:914} INFO - Processing file /opt/airflow/dags/process_reviews_dag.py for tasks to queue
[2026-06-07T14:57:19.556+0000] {logging_mixin.py:190} INFO - [2026-06-07T14:57:19.555+0000] {dagbag.py:587} INFO - Filling up the DagBag from /opt/airflow/dags/process_reviews_dag.py
[2026-06-07T14:57:20.239+0000] {processor.py:927} WARNING - No viable dags retrieved from /opt/airflow/dags/process_reviews_dag.py
[2026-06-07T14:57:20.246+0000] {processor.py:208} INFO - Processing /opt/airflow/dags/process_reviews_dag.py took 0.715 seconds
[2026-06-07T14:57:50.550+0000] {processor.py:186} INFO - Started process (PID=228) to work on /opt/airflow/dags/process_reviews_dag.py
[2026-06-07T14:57:50.553+0000] {processor.py:914} INFO - Processing file /opt/airflow/dags/process_reviews_dag.py for tasks to queue
[2026-06-07T14:57:50.561+0000] {logging_mixin.py:190} INFO - [2026-06-07T14:57:50.560+0000] {dagbag.py:587} INFO - Filling up the DagBag from /opt/airflow/dags/process_reviews_dag.py
[2026-06-07T14:57:51.447+0000] {processor.py:927} WARNING - No viable dags retrieved from /opt/airflow/dags/process_reviews_dag.py
[2026-06-07T14:57:51.457+0000] {processor.py:208} INFO - Processing /opt/airflow/dags/process_reviews_dag.py took 0.925 seconds
[2026-06-07T14:58:21.746+0000] {processor.py:186} INFO - Started process (PID=230) to work on /opt/airflow/dags/process_reviews_dag.py
[2026-06-07T14:58:21.748+0000] {processor.py:914} INFO - Processing file /opt/airflow/dags/process_reviews_dag.py for tasks to queue
[2026-06-07T14:58:21.754+0000] {logging_mixin.py:190} INFO - [2026-06-07T14:58:21.753+0000] {dagbag.py:587} INFO - Filling up the DagBag from /opt/airflow/dags/process_reviews_dag.py
[2026-06-07T14:58:22.412+0000] {processor.py:927} WARNING - No viable dags retrieved from /opt/airflow/dags/process_reviews_dag.py
[2026-06-07T14:58:22.423+0000] {processor.py:208} INFO - Processing /opt/airflow/dags/process_reviews_dag.py took 0.688 seconds
[2026-06-07T14:58:52.731+0000] {processor.py:186} INFO - Started process (PID=239) to work on /opt/airflow/dags/process_reviews_dag.py
[2026-06-07T14:58:52.734+0000] {processor.py:914} INFO - Processing file /opt/airflow/dags/process_reviews_dag.py for tasks to queue
[2026-06-07T14:58:52.740+0000] {logging_mixin.py:190} INFO - [2026-06-07T14:58:52.739+0000] {dagbag.py:587} INFO - Filling up the DagBag from /opt/airflow/dags/process_reviews_dag.py
[2026-06-07T14:58:53.419+0000] {processor.py:927} WARNING - No viable dags retrieved from /opt/airflow/dags/process_reviews_dag.py
[2026-06-07T14:58:53.428+0000] {processor.py:208} INFO - Processing /opt/airflow/dags/process_reviews_dag.py took 0.714 seconds
[2026-06-07T14:59:23.750+0000] {processor.py:186} INFO - Started process (PID=250) to work on /opt/airflow/dags/process_reviews_dag.py
[2026-06-07T14:59:23.753+0000] {processor.py:914} INFO - Processing file /opt/airflow/dags/process_reviews_dag.py for tasks to queue
[2026-06-07T14:59:23.765+0000] {logging_mixin.py:190} INFO - [2026-06-07T14:59:23.757+0000] {dagbag.py:587} INFO - Filling up the DagBag from /opt/airflow/dags/process_reviews_dag.py
[2026-06-07T14:59:24.872+0000] {processor.py:927} WARNING - No viable dags retrieved from /opt/airflow/dags/process_reviews_dag.py
[2026-06-07T14:59:24.879+0000] {processor.py:208} INFO - Processing /opt/airflow/dags/process_reviews_dag.py took 1.142 seconds
[2026-06-07T14:59:55.216+0000] {processor.py:186} INFO - Started process (PID=253) to work on /opt/airflow/dags/process_reviews_dag.py
[2026-06-07T14:59:55.218+0000] {processor.py:914} INFO - Processing file /opt/airflow/dags/process_reviews_dag.py for tasks to queue
[2026-06-07T14:59:55.227+0000] {logging_mixin.py:190} INFO - [2026-06-07T14:59:55.225+0000] {dagbag.py:587} INFO - Filling up the DagBag from /opt/airflow/dags/process_reviews_dag.py
[2026-06-07T14:59:56.078+0000] {processor.py:927} WARNING - No viable dags retrieved from /opt/airflow/dags/process_reviews_dag.py
[2026-06-07T14:59:56.091+0000] {processor.py:208} INFO - Processing /opt/airflow/dags/process_reviews_dag.py took 0.892 seconds
[2026-06-07T15:00:26.429+0000] {processor.py:186} INFO - Started process (PID=255) to work on /opt/airflow/dags/process_reviews_dag.py
[2026-06-07T15:00:26.432+0000] {processor.py:914} INFO - Processing file /opt/airflow/dags/process_reviews_dag.py for tasks to queue
[2026-06-07T15:00:26.439+0000] {logging_mixin.py:190} INFO - [2026-06-07T15:00:26.438+0000] {dagbag.py:587} INFO - Filling up the DagBag from /opt/airflow/dags/process_reviews_dag.py
[2026-06-07T15:00:27.171+0000] {processor.py:927} WARNING - No viable dags retrieved from /opt/airflow/dags/process_reviews_dag.py
[2026-06-07T15:00:27.182+0000] {processor.py:208} INFO - Processing /opt/airflow/dags/process_reviews_dag.py took 0.771 seconds
[2026-06-07T15:00:57.540+0000] {processor.py:186} INFO - Started process (PID=257) to work on /opt/airflow/dags/process_reviews_dag.py
[2026-06-07T15:00:57.543+0000] {processor.py:914} INFO - Processing file /opt/airflow/dags/process_reviews_dag.py for tasks to queue
[2026-06-07T15:00:57.549+0000] {logging_mixin.py:190} INFO - [2026-06-07T15:00:57.548+0000] {dagbag.py:587} INFO - Filling up the DagBag from /opt/airflow/dags/process_reviews_dag.py
[2026-06-07T15:00:58.336+0000] {processor.py:927} WARNING - No viable dags retrieved from /opt/airflow/dags/process_reviews_dag.py
[2026-06-07T15:00:58.357+0000] {processor.py:208} INFO - Processing /opt/airflow/dags/process_reviews_dag.py took 0.834 seconds
[2026-06-07T15:01:28.654+0000] {processor.py:186} INFO - Started process (PID=268) to work on /opt/airflow/dags/process_reviews_dag.py
[2026-06-07T15:01:28.656+0000] {processor.py:914} INFO - Processing file /opt/airflow/dags/process_reviews_dag.py for tasks to queue
[2026-06-07T15:01:28.664+0000] {logging_mixin.py:190} INFO - [2026-06-07T15:01:28.663+0000] {dagbag.py:587} INFO - Filling up the DagBag from /opt/airflow/dags/process_reviews_dag.py
[2026-06-07T15:01:29.497+0000] {processor.py:927} WARNING - No viable dags retrieved from /opt/airflow/dags/process_reviews_dag.py
[2026-06-07T15:01:29.508+0000] {processor.py:208} INFO - Processing /opt/airflow/dags/process_reviews_dag.py took 0.875 seconds
[2026-06-07T15:01:59.771+0000] {processor.py:186} INFO - Started process (PID=270) to work on /opt/airflow/dags/process_reviews_dag.py
[2026-06-07T15:01:59.775+0000] {processor.py:914} INFO - Processing file /opt/airflow/dags/process_reviews_dag.py for tasks to queue
[2026-06-07T15:01:59.785+0000] {logging_mixin.py:190} INFO - [2026-06-07T15:01:59.783+0000] {dagbag.py:587} INFO - Filling up the DagBag from /opt/airflow/dags/process_reviews_dag.py
[2026-06-07T15:02:00.796+0000] {processor.py:927} WARNING - No viable dags retrieved from /opt/airflow/dags/process_reviews_dag.py
[2026-06-07T15:02:00.808+0000] {processor.py:208} INFO - Processing /opt/airflow/dags/process_reviews_dag.py took 1.054 seconds
[2026-06-07T15:02:31.145+0000] {processor.py:186} INFO - Started process (PID=272) to work on /opt/airflow/dags/process_reviews_dag.py
[2026-06-07T15:02:31.147+0000] {processor.py:914} INFO - Processing file /opt/airflow/dags/process_reviews_dag.py for tasks to queue
[2026-06-07T15:02:31.152+0000] {logging_mixin.py:190} INFO - [2026-06-07T15:02:31.151+0000] {dagbag.py:587} INFO - Filling up the DagBag from /opt/airflow/dags/process_reviews_dag.py
[2026-06-07T15:02:31.877+0000] {processor.py:927} WARNING - No viable dags retrieved from /opt/airflow/dags/process_reviews_dag.py
[2026-06-07T15:02:31.886+0000] {processor.py:208} INFO - Processing /opt/airflow/dags/process_reviews_dag.py took 0.754 seconds
[2026-06-07T15:03:02.113+0000] {processor.py:186} INFO - Started process (PID=284) to work on /opt/airflow/dags/process_reviews_dag.py
[2026-06-07T15:03:02.115+0000] {processor.py:914} INFO - Processing file /opt/airflow/dags/process_reviews_dag.py for tasks to queue
[2026-06-07T15:03:02.121+0000] {logging_mixin.py:190} INFO - [2026-06-07T15:03:02.120+0000] {dagbag.py:587} INFO - Filling up the DagBag from /opt/airflow/dags/process_reviews_dag.py
[2026-06-07T15:03:03.159+0000] {processor.py:927} WARNING - No viable dags retrieved from /opt/airflow/dags/process_reviews_dag.py
[2026-06-07T15:03:03.185+0000] {processor.py:208} INFO - Processing /opt/airflow/dags/process_reviews_dag.py took 1.080 seconds
[2026-06-07T15:03:33.500+0000] {processor.py:186} INFO - Started process (PID=286) to work on /opt/airflow/dags/process_reviews_dag.py
[2026-06-07T15:03:33.502+0000] {processor.py:914} INFO - Processing file /opt/airflow/dags/process_reviews_dag.py for tasks to queue
[2026-06-07T15:03:33.508+0000] {logging_mixin.py:190} INFO - [2026-06-07T15:03:33.507+0000] {dagbag.py:587} INFO - Filling up the DagBag from /opt/airflow/dags/process_reviews_dag.py
[2026-06-07T15:03:34.697+0000] {processor.py:927} WARNING - No viable dags retrieved from /opt/airflow/dags/process_reviews_dag.py
[2026-06-07T15:03:34.706+0000] {processor.py:208} INFO - Processing /opt/airflow/dags/process_reviews_dag.py took 1.220 seconds
[2026-06-07T15:04:04.959+0000] {processor.py:186} INFO - Started process (PID=288) to work on /opt/airflow/dags/process_reviews_dag.py
[2026-06-07T15:04:04.963+0000] {processor.py:914} INFO - Processing file /opt/airflow/dags/process_reviews_dag.py for tasks to queue
[2026-06-07T15:04:04.971+0000] {logging_mixin.py:190} INFO - [2026-06-07T15:04:04.969+0000] {dagbag.py:587} INFO - Filling up the DagBag from /opt/airflow/dags/process_reviews_dag.py
[2026-06-07T15:04:05.804+0000] {processor.py:927} WARNING - No viable dags retrieved from /opt/airflow/dags/process_reviews_dag.py
[2026-06-07T15:04:05.829+0000] {processor.py:208} INFO - Processing /opt/airflow/dags/process_reviews_dag.py took 0.886 seconds
[2026-06-07T15:04:36.145+0000] {processor.py:186} INFO - Started process (PID=299) to work on /opt/airflow/dags/process_reviews_dag.py
[2026-06-07T15:04:36.148+0000] {processor.py:914} INFO - Processing file /opt/airflow/dags/process_reviews_dag.py for tasks to queue
[2026-06-07T15:04:36.158+0000] {logging_mixin.py:190} INFO - [2026-06-07T15:04:36.153+0000] {dagbag.py:587} INFO - Filling up the DagBag from /opt/airflow/dags/process_reviews_dag.py
[2026-06-07T15:04:37.297+0000] {processor.py:927} WARNING - No viable dags retrieved from /opt/airflow/dags/process_reviews_dag.py
[2026-06-07T15:04:37.307+0000] {processor.py:208} INFO - Processing /opt/airflow/dags/process_reviews_dag.py took 1.177 seconds
[2026-06-07T15:05:07.666+0000] {processor.py:186} INFO - Started process (PID=301) to work on /opt/airflow/dags/process_reviews_dag.py
[2026-06-07T15:05:07.669+0000] {processor.py:914} INFO - Processing file /opt/airflow/dags/process_reviews_dag.py for tasks to queue
[2026-06-07T15:05:07.674+0000] {logging_mixin.py:190} INFO - [2026-06-07T15:05:07.673+0000] {dagbag.py:587} INFO - Filling up the DagBag from /opt/airflow/dags/process_reviews_dag.py
[2026-06-07T15:05:08.341+0000] {processor.py:927} WARNING - No viable dags retrieved from /opt/airflow/dags/process_reviews_dag.py
[2026-06-07T15:05:08.350+0000] {processor.py:208} INFO - Processing /opt/airflow/dags/process_reviews_dag.py took 0.701 seconds
[2026-06-07T15:05:38.635+0000] {processor.py:186} INFO - Started process (PID=303) to work on /opt/airflow/dags/process_reviews_dag.py
[2026-06-07T15:05:38.637+0000] {processor.py:914} INFO - Processing file /opt/airflow/dags/process_reviews_dag.py for tasks to queue
[2026-06-07T15:05:38.642+0000] {logging_mixin.py:190} INFO - [2026-06-07T15:05:38.642+0000] {dagbag.py:587} INFO - Filling up the DagBag from /opt/airflow/dags/process_reviews_dag.py
[2026-06-07T15:05:39.445+0000] {processor.py:927} WARNING - No viable dags retrieved from /opt/airflow/dags/process_reviews_dag.py
[2026-06-07T15:05:39.457+0000] {processor.py:208} INFO - Processing /opt/airflow/dags/process_reviews_dag.py took 0.832 seconds
[2026-06-07T15:06:09.758+0000] {processor.py:186} INFO - Started process (PID=306) to work on /opt/airflow/dags/process_reviews_dag.py
[2026-06-07T15:06:09.761+0000] {processor.py:914} INFO - Processing file /opt/airflow/dags/process_reviews_dag.py for tasks to queue
[2026-06-07T15:06:09.765+0000] {logging_mixin.py:190} INFO - [2026-06-07T15:06:09.765+0000] {dagbag.py:587} INFO - Filling up the DagBag from /opt/airflow/dags/process_reviews_dag.py
[2026-06-07T15:06:10.509+0000] {processor.py:927} WARNING - No viable dags retrieved from /opt/airflow/dags/process_reviews_dag.py
[2026-06-07T15:06:10.522+0000] {processor.py:208} INFO - Processing /opt/airflow/dags/process_reviews_dag.py took 0.774 seconds
[2026-06-07T15:06:40.865+0000] {processor.py:186} INFO - Started process (PID=309) to work on /opt/airflow/dags/process_reviews_dag.py
[2026-06-07T15:06:40.868+0000] {processor.py:914} INFO - Processing file /opt/airflow/dags/process_reviews_dag.py for tasks to queue
[2026-06-07T15:06:40.873+0000] {logging_mixin.py:190} INFO - [2026-06-07T15:06:40.872+0000] {dagbag.py:587} INFO - Filling up the DagBag from /opt/airflow/dags/process_reviews_dag.py
[2026-06-07T15:06:41.705+0000] {processor.py:927} WARNING - No viable dags retrieved from /opt/airflow/dags/process_reviews_dag.py
[2026-06-07T15:06:41.713+0000] {processor.py:208} INFO - Processing /opt/airflow/dags/process_reviews_dag.py took 0.857 seconds
[2026-06-07T15:07:12.057+0000] {processor.py:186} INFO - Started process (PID=311) to work on /opt/airflow/dags/process_reviews_dag.py
[2026-06-07T15:07:12.060+0000] {processor.py:914} INFO - Processing file /opt/airflow/dags/process_reviews_dag.py for tasks to queue
[2026-06-07T15:07:12.066+0000] {logging_mixin.py:190} INFO - [2026-06-07T15:07:12.065+0000] {dagbag.py:587} INFO - Filling up the DagBag from /opt/airflow/dags/process_reviews_dag.py
[2026-06-07T15:07:12.777+0000] {processor.py:927} WARNING - No viable dags retrieved from /opt/airflow/dags/process_reviews_dag.py
[2026-06-07T15:07:12.788+0000] {processor.py:208} INFO - Processing /opt/airflow/dags/process_reviews_dag.py took 0.742 seconds
[2026-06-07T15:07:42.991+0000] {processor.py:186} INFO - Started process (PID=313) to work on /opt/airflow/dags/process_reviews_dag.py
[2026-06-07T15:07:42.993+0000] {processor.py:914} INFO - Processing file /opt/airflow/dags/process_reviews_dag.py for tasks to queue
[2026-06-07T15:07:42.999+0000] {logging_mixin.py:190} INFO - [2026-06-07T15:07:42.999+0000] {dagbag.py:587} INFO - Filling up the DagBag from /opt/airflow/dags/process_reviews_dag.py
[2026-06-07T15:07:43.776+0000] {processor.py:927} WARNING - No viable dags retrieved from /opt/airflow/dags/process_reviews_dag.py
[2026-06-07T15:07:43.784+0000] {processor.py:208} INFO - Processing /opt/airflow/dags/process_reviews_dag.py took 0.806 seconds
[2026-06-07T15:08:14.100+0000] {processor.py:186} INFO - Started process (PID=315) to work on /opt/airflow/dags/process_reviews_dag.py
[2026-06-07T15:08:14.103+0000] {processor.py:914} INFO - Processing file /opt/airflow/dags/process_reviews_dag.py for tasks to queue
[2026-06-07T15:08:14.110+0000] {logging_mixin.py:190} INFO - [2026-06-07T15:08:14.109+0000] {dagbag.py:587} INFO - Filling up the DagBag from /opt/airflow/dags/process_reviews_dag.py
[2026-06-07T15:08:14.852+0000] {processor.py:927} WARNING - No viable dags retrieved from /opt/airflow/dags/process_reviews_dag.py
[2026-06-07T15:08:14.863+0000] {processor.py:208} INFO - Processing /opt/airflow/dags/process_reviews_dag.py took 0.779 seconds
[2026-06-07T15:08:45.177+0000] {processor.py:186} INFO - Started process (PID=317) to work on /opt/airflow/dags/process_reviews_dag.py
[2026-06-07T15:08:45.180+0000] {processor.py:914} INFO - Processing file /opt/airflow/dags/process_reviews_dag.py for tasks to queue
[2026-06-07T15:08:45.185+0000] {logging_mixin.py:190} INFO - [2026-06-07T15:08:45.184+0000] {dagbag.py:587} INFO - Filling up the DagBag from /opt/airflow/dags/process_reviews_dag.py
[2026-06-07T15:08:46.009+0000] {processor.py:927} WARNING - No viable dags retrieved from /opt/airflow/dags/process_reviews_dag.py
[2026-06-07T15:08:46.017+0000] {processor.py:208} INFO - Processing /opt/airflow/dags/process_reviews_dag.py took 0.850 seconds
[2026-06-07T15:09:16.249+0000] {processor.py:186} INFO - Started process (PID=319) to work on /opt/airflow/dags/process_reviews_dag.py
[2026-06-07T15:09:16.251+0000] {processor.py:914} INFO - Processing file /opt/airflow/dags/process_reviews_dag.py for tasks to queue
[2026-06-07T15:09:16.256+0000] {logging_mixin.py:190} INFO - [2026-06-07T15:09:16.255+0000] {dagbag.py:587} INFO - Filling up the DagBag from /opt/airflow/dags/process_reviews_dag.py
[2026-06-07T15:09:17.244+0000] {processor.py:927} WARNING - No viable dags retrieved from /opt/airflow/dags/process_reviews_dag.py
[2026-06-07T15:09:17.269+0000] {processor.py:208} INFO - Processing /opt/airflow/dags/process_reviews_dag.py took 1.028 seconds
[2026-06-07T15:09:47.581+0000] {processor.py:186} INFO - Started process (PID=321) to work on /opt/airflow/dags/process_reviews_dag.py
[2026-06-07T15:09:47.583+0000] {processor.py:914} INFO - Processing file /opt/airflow/dags/process_reviews_dag.py for tasks to queue
[2026-06-07T15:09:47.588+0000] {logging_mixin.py:190} INFO - [2026-06-07T15:09:47.587+0000] {dagbag.py:587} INFO - Filling up the DagBag from /opt/airflow/dags/process_reviews_dag.py
[2026-06-07T15:09:48.560+0000] {processor.py:927} WARNING - No viable dags retrieved from /opt/airflow/dags/process_reviews_dag.py
[2026-06-07T15:09:48.570+0000] {processor.py:208} INFO - Processing /opt/airflow/dags/process_reviews_dag.py took 1.003 seconds
[2026-06-07T15:10:18.842+0000] {processor.py:186} INFO - Started process (PID=323) to work on /opt/airflow/dags/process_reviews_dag.py
[2026-06-07T15:10:18.845+0000] {processor.py:914} INFO - Processing file /opt/airflow/dags/process_reviews_dag.py for tasks to queue
[2026-06-07T15:10:18.850+0000] {logging_mixin.py:190} INFO - [2026-06-07T15:10:18.850+0000] {dagbag.py:587} INFO - Filling up the DagBag from /opt/airflow/dags/process_reviews_dag.py
[2026-06-07T15:10:19.583+0000] {processor.py:927} WARNING - No viable dags retrieved from /opt/airflow/dags/process_reviews_dag.py
[2026-06-07T15:10:19.618+0000] {processor.py:208} INFO - Processing /opt/airflow/dags/process_reviews_dag.py took 0.787 seconds
[2026-06-07T15:10:49.961+0000] {processor.py:186} INFO - Started process (PID=325) to work on /opt/airflow/dags/process_reviews_dag.py
[2026-06-07T15:10:49.964+0000] {processor.py:914} INFO - Processing file /opt/airflow/dags/process_reviews_dag.py for tasks to queue
[2026-06-07T15:10:49.969+0000] {logging_mixin.py:190} INFO - [2026-06-07T15:10:49.968+0000] {dagbag.py:587} INFO - Filling up the DagBag from /opt/airflow/dags/process_reviews_dag.py
[2026-06-07T15:10:50.744+0000] {processor.py:927} WARNING - No viable dags retrieved from /opt/airflow/dags/process_reviews_dag.py
[2026-06-07T15:10:50.776+0000] {processor.py:208} INFO - Processing /opt/airflow/dags/process_reviews_dag.py took 0.829 seconds
[2026-06-07T15:11:21.038+0000] {processor.py:186} INFO - Started process (PID=327) to work on /opt/airflow/dags/process_reviews_dag.py
[2026-06-07T15:11:21.045+0000] {processor.py:914} INFO - Processing file /opt/airflow/dags/process_reviews_dag.py for tasks to queue
[2026-06-07T15:11:21.056+0000] {logging_mixin.py:190} INFO - [2026-06-07T15:11:21.055+0000] {dagbag.py:587} INFO - Filling up the DagBag from /opt/airflow/dags/process_reviews_dag.py
[2026-06-07T15:11:21.821+0000] {processor.py:927} WARNING - No viable dags retrieved from /opt/airflow/dags/process_reviews_dag.py
[2026-06-07T15:11:21.832+0000] {processor.py:208} INFO - Processing /opt/airflow/dags/process_reviews_dag.py took 0.807 seconds
[2026-06-07T15:11:52.145+0000] {processor.py:186} INFO - Started process (PID=346) to work on /opt/airflow/dags/process_reviews_dag.py
[2026-06-07T15:11:52.148+0000] {processor.py:914} INFO - Processing file /opt/airflow/dags/process_reviews_dag.py for tasks to queue
[2026-06-07T15:11:52.153+0000] {logging_mixin.py:190} INFO - [2026-06-07T15:11:52.152+0000] {dagbag.py:587} INFO - Filling up the DagBag from /opt/airflow/dags/process_reviews_dag.py
[2026-06-07T15:11:52.875+0000] {processor.py:927} WARNING - No viable dags retrieved from /opt/airflow/dags/process_reviews_dag.py
[2026-06-07T15:11:52.902+0000] {processor.py:208} INFO - Processing /opt/airflow/dags/process_reviews_dag.py took 0.773 seconds
[2026-06-07T15:12:23.239+0000] {processor.py:186} INFO - Started process (PID=348) to work on /opt/airflow/dags/process_reviews_dag.py
[2026-06-07T15:12:23.242+0000] {processor.py:914} INFO - Processing file /opt/airflow/dags/process_reviews_dag.py for tasks to queue
[2026-06-07T15:12:23.246+0000] {logging_mixin.py:190} INFO - [2026-06-07T15:12:23.245+0000] {dagbag.py:587} INFO - Filling up the DagBag from /opt/airflow/dags/process_reviews_dag.py
[2026-06-07T15:12:23.925+0000] {processor.py:927} WARNING - No viable dags retrieved from /opt/airflow/dags/process_reviews_dag.py
[2026-06-07T15:12:23.932+0000] {processor.py:208} INFO - Processing /opt/airflow/dags/process_reviews_dag.py took 0.704 seconds
[2026-06-07T15:12:54.297+0000] {processor.py:186} INFO - Started process (PID=351) to work on /opt/airflow/dags/process_reviews_dag.py
[2026-06-07T15:12:54.301+0000] {processor.py:914} INFO - Processing file /opt/airflow/dags/process_reviews_dag.py for tasks to queue
[2026-06-07T15:12:54.322+0000] {logging_mixin.py:190} INFO - [2026-06-07T15:12:54.321+0000] {dagbag.py:587} INFO - Filling up the DagBag from /opt/airflow/dags/process_reviews_dag.py
[2026-06-07T15:12:55.403+0000] {processor.py:927} WARNING - No viable dags retrieved from /opt/airflow/dags/process_reviews_dag.py
[2026-06-07T15:12:55.415+0000] {processor.py:208} INFO - Processing /opt/airflow/dags/process_reviews_dag.py took 1.166 seconds
[2026-06-07T15:13:25.733+0000] {processor.py:186} INFO - Started process (PID=365) to work on /opt/airflow/dags/process_reviews_dag.py
[2026-06-07T15:13:25.737+0000] {processor.py:914} INFO - Processing file /opt/airflow/dags/process_reviews_dag.py for tasks to queue
[2026-06-07T15:13:25.741+0000] {logging_mixin.py:190} INFO - [2026-06-07T15:13:25.741+0000] {dagbag.py:587} INFO - Filling up the DagBag from /opt/airflow/dags/process_reviews_dag.py
[2026-06-07T15:13:26.448+0000] {processor.py:927} WARNING - No viable dags retrieved from /opt/airflow/dags/process_reviews_dag.py
[2026-06-07T15:13:26.459+0000] {processor.py:208} INFO - Processing /opt/airflow/dags/process_reviews_dag.py took 0.739 seconds
[2026-06-07T15:13:56.671+0000] {processor.py:186} INFO - Started process (PID=367) to work on /opt/airflow/dags/process_reviews_dag.py
[2026-06-07T15:13:56.673+0000] {processor.py:914} INFO - Processing file /opt/airflow/dags/process_reviews_dag.py for tasks to queue
[2026-06-07T15:13:56.679+0000] {logging_mixin.py:190} INFO - [2026-06-07T15:13:56.679+0000] {dagbag.py:587} INFO - Filling up the DagBag from /opt/airflow/dags/process_reviews_dag.py
[2026-06-07T15:13:57.318+0000] {processor.py:927} WARNING - No viable dags retrieved from /opt/airflow/dags/process_reviews_dag.py
[2026-06-07T15:13:57.330+0000] {processor.py:208} INFO - Processing /opt/airflow/dags/process_reviews_dag.py took 0.667 seconds
[2026-06-07T15:14:27.602+0000] {processor.py:186} INFO - Started process (PID=369) to work on /opt/airflow/dags/process_reviews_dag.py
[2026-06-07T15:14:27.608+0000] {processor.py:914} INFO - Processing file /opt/airflow/dags/process_reviews_dag.py for tasks to queue
[2026-06-07T15:14:27.614+0000] {logging_mixin.py:190} INFO - [2026-06-07T15:14:27.613+0000] {dagbag.py:587} INFO - Filling up the DagBag from /opt/airflow/dags/process_reviews_dag.py
[2026-06-07T15:14:28.427+0000] {processor.py:927} WARNING - No viable dags retrieved from /opt/airflow/dags/process_reviews_dag.py
[2026-06-07T15:14:28.453+0000] {processor.py:208} INFO - Processing /opt/airflow/dags/process_reviews_dag.py took 0.868 seconds
[2026-06-07T15:14:58.879+0000] {processor.py:186} INFO - Started process (PID=371) to work on /opt/airflow/dags/process_reviews_dag.py
[2026-06-07T15:14:58.882+0000] {processor.py:914} INFO - Processing file /opt/airflow/dags/process_reviews_dag.py for tasks to queue
[2026-06-07T15:14:58.892+0000] {logging_mixin.py:190} INFO - [2026-06-07T15:14:58.890+0000] {dagbag.py:587} INFO - Filling up the DagBag from /opt/airflow/dags/process_reviews_dag.py
[2026-06-07T15:14:59.836+0000] {processor.py:927} WARNING - No viable dags retrieved from /opt/airflow/dags/process_reviews_dag.py
[2026-06-07T15:14:59.848+0000] {processor.py:208} INFO - Processing /opt/airflow/dags/process_reviews_dag.py took 0.988 seconds
[2026-06-07T15:15:30.131+0000] {processor.py:186} INFO - Started process (PID=373) to work on /opt/airflow/dags/process_reviews_dag.py
[2026-06-07T15:15:30.133+0000] {processor.py:914} INFO - Processing file /opt/airflow/dags/process_reviews_dag.py for tasks to queue
[2026-06-07T15:15:30.140+0000] {logging_mixin.py:190} INFO - [2026-06-07T15:15:30.140+0000] {dagbag.py:587} INFO - Filling up the DagBag from /opt/airflow/dags/process_reviews_dag.py
[2026-06-07T15:15:30.867+0000] {processor.py:927} WARNING - No viable dags retrieved from /opt/airflow/dags/process_reviews_dag.py
[2026-06-07T15:15:30.875+0000] {processor.py:208} INFO - Processing /opt/airflow/dags/process_reviews_dag.py took 0.753 seconds
[2026-06-07T15:16:01.108+0000] {processor.py:186} INFO - Started process (PID=375) to work on /opt/airflow/dags/process_reviews_dag.py
[2026-06-07T15:16:01.110+0000] {processor.py:914} INFO - Processing file /opt/airflow/dags/process_reviews_dag.py for tasks to queue
[2026-06-07T15:16:01.116+0000] {logging_mixin.py:190} INFO - [2026-06-07T15:16:01.115+0000] {dagbag.py:587} INFO - Filling up the DagBag from /opt/airflow/dags/process_reviews_dag.py
[2026-06-07T15:16:01.849+0000] {processor.py:927} WARNING - No viable dags retrieved from /opt/airflow/dags/process_reviews_dag.py
[2026-06-07T15:16:01.859+0000] {processor.py:208} INFO - Processing /opt/airflow/dags/process_reviews_dag.py took 0.763 seconds
[2026-06-07T15:16:32.153+0000] {processor.py:186} INFO - Started process (PID=384) to work on /opt/airflow/dags/process_reviews_dag.py
[2026-06-07T15:16:32.156+0000] {processor.py:914} INFO - Processing file /opt/airflow/dags/process_reviews_dag.py for tasks to queue
[2026-06-07T15:16:32.160+0000] {logging_mixin.py:190} INFO - [2026-06-07T15:16:32.159+0000] {dagbag.py:587} INFO - Filling up the DagBag from /opt/airflow/dags/process_reviews_dag.py
[2026-06-07T15:16:32.917+0000] {processor.py:927} WARNING - No viable dags retrieved from /opt/airflow/dags/process_reviews_dag.py
[2026-06-07T15:16:32.926+0000] {processor.py:208} INFO - Processing /opt/airflow/dags/process_reviews_dag.py took 0.781 seconds
[2026-06-07T15:17:03.254+0000] {processor.py:186} INFO - Started process (PID=386) to work on /opt/airflow/dags/process_reviews_dag.py
[2026-06-07T15:17:03.256+0000] {processor.py:914} INFO - Processing file /opt/airflow/dags/process_reviews_dag.py for tasks to queue
[2026-06-07T15:17:03.265+0000] {logging_mixin.py:190} INFO - [2026-06-07T15:17:03.265+0000] {dagbag.py:587} INFO - Filling up the DagBag from /opt/airflow/dags/process_reviews_dag.py
[2026-06-07T15:17:03.882+0000] {processor.py:927} WARNING - No viable dags retrieved from /opt/airflow/dags/process_reviews_dag.py
[2026-06-07T15:17:03.892+0000] {processor.py:208} INFO - Processing /opt/airflow/dags/process_reviews_dag.py took 0.652 seconds
[2026-06-07T15:17:34.121+0000] {processor.py:186} INFO - Started process (PID=388) to work on /opt/airflow/dags/process_reviews_dag.py
[2026-06-07T15:17:34.123+0000] {processor.py:914} INFO - Processing file /opt/airflow/dags/process_reviews_dag.py for tasks to queue
[2026-06-07T15:17:34.127+0000] {logging_mixin.py:190} INFO - [2026-06-07T15:17:34.127+0000] {dagbag.py:587} INFO - Filling up the DagBag from /opt/airflow/dags/process_reviews_dag.py
[2026-06-07T15:17:34.858+0000] {processor.py:927} WARNING - No viable dags retrieved from /opt/airflow/dags/process_reviews_dag.py
[2026-06-07T15:17:34.867+0000] {processor.py:208} INFO - Processing /opt/airflow/dags/process_reviews_dag.py took 0.757 seconds
[2026-06-07T15:18:05.111+0000] {processor.py:186} INFO - Started process (PID=390) to work on /opt/airflow/dags/process_reviews_dag.py
[2026-06-07T15:18:05.113+0000] {processor.py:914} INFO - Processing file /opt/airflow/dags/process_reviews_dag.py for tasks to queue
[2026-06-07T15:18:05.121+0000] {logging_mixin.py:190} INFO - [2026-06-07T15:18:05.120+0000] {dagbag.py:587} INFO - Filling up the DagBag from /opt/airflow/dags/process_reviews_dag.py
[2026-06-07T15:18:05.794+0000] {processor.py:927} WARNING - No viable dags retrieved from /opt/airflow/dags/process_reviews_dag.py
[2026-06-07T15:18:05.805+0000] {processor.py:208} INFO - Processing /opt/airflow/dags/process_reviews_dag.py took 0.708 seconds
[2026-06-07T15:18:36.079+0000] {processor.py:186} INFO - Started process (PID=392) to work on /opt/airflow/dags/process_reviews_dag.py
[2026-06-07T15:18:36.082+0000] {processor.py:914} INFO - Processing file /opt/airflow/dags/process_reviews_dag.py for tasks to queue
[2026-06-07T15:18:36.088+0000] {logging_mixin.py:190} INFO - [2026-06-07T15:18:36.087+0000] {dagbag.py:587} INFO - Filling up the DagBag from /opt/airflow/dags/process_reviews_dag.py
[2026-06-07T15:18:36.793+0000] {processor.py:927} WARNING - No viable dags retrieved from /opt/airflow/dags/process_reviews_dag.py
[2026-06-07T15:18:36.821+0000] {processor.py:208} INFO - Processing /opt/airflow/dags/process_reviews_dag.py took 0.748 seconds
[2026-06-07T15:19:07.077+0000] {processor.py:186} INFO - Started process (PID=394) to work on /opt/airflow/dags/process_reviews_dag.py
[2026-06-07T15:19:07.080+0000] {processor.py:914} INFO - Processing file /opt/airflow/dags/process_reviews_dag.py for tasks to queue
[2026-06-07T15:19:07.085+0000] {logging_mixin.py:190} INFO - [2026-06-07T15:19:07.084+0000] {dagbag.py:587} INFO - Filling up the DagBag from /opt/airflow/dags/process_reviews_dag.py
[2026-06-07T15:19:07.734+0000] {processor.py:927} WARNING - No viable dags retrieved from /opt/airflow/dags/process_reviews_dag.py
[2026-06-07T15:19:07.745+0000] {processor.py:208} INFO - Processing /opt/airflow/dags/process_reviews_dag.py took 0.676 seconds
[2026-06-07T15:19:38.044+0000] {processor.py:186} INFO - Started process (PID=396) to work on /opt/airflow/dags/process_reviews_dag.py
[2026-06-07T15:19:38.046+0000] {processor.py:914} INFO - Processing file /opt/airflow/dags/process_reviews_dag.py for tasks to queue
[2026-06-07T15:19:38.052+0000] {logging_mixin.py:190} INFO - [2026-06-07T15:19:38.051+0000] {dagbag.py:587} INFO - Filling up the DagBag from /opt/airflow/dags/process_reviews_dag.py
[2026-06-07T15:19:38.875+0000] {processor.py:927} WARNING - No viable dags retrieved from /opt/airflow/dags/process_reviews_dag.py
[2026-06-07T15:19:38.889+0000] {processor.py:208} INFO - Processing /opt/airflow/dags/process_reviews_dag.py took 0.855 seconds
[2026-06-07T15:20:09.122+0000] {processor.py:186} INFO - Started process (PID=398) to work on /opt/airflow/dags/process_reviews_dag.py
[2026-06-07T15:20:09.125+0000] {processor.py:914} INFO - Processing file /opt/airflow/dags/process_reviews_dag.py for tasks to queue
[2026-06-07T15:20:09.129+0000] {logging_mixin.py:190} INFO - [2026-06-07T15:20:09.128+0000] {dagbag.py:587} INFO - Filling up the DagBag from /opt/airflow/dags/process_reviews_dag.py
[2026-06-07T15:20:09.974+0000] {processor.py:927} WARNING - No viable dags retrieved from /opt/airflow/dags/process_reviews_dag.py
[2026-06-07T15:20:09.996+0000] {processor.py:208} INFO - Processing /opt/airflow/dags/process_reviews_dag.py took 0.882 seconds
[2026-06-07T15:20:40.298+0000] {processor.py:186} INFO - Started process (PID=400) to work on /opt/airflow/dags/process_reviews_dag.py
[2026-06-07T15:20:40.300+0000] {processor.py:914} INFO - Processing file /opt/airflow/dags/process_reviews_dag.py for tasks to queue
[2026-06-07T15:20:40.304+0000] {logging_mixin.py:190} INFO - [2026-06-07T15:20:40.304+0000] {dagbag.py:587} INFO - Filling up the DagBag from /opt/airflow/dags/process_reviews_dag.py
[2026-06-07T15:20:41.212+0000] {processor.py:927} WARNING - No viable dags retrieved from /opt/airflow/dags/process_reviews_dag.py
[2026-06-07T15:20:41.226+0000] {processor.py:208} INFO - Processing /opt/airflow/dags/process_reviews_dag.py took 0.936 seconds
[2026-06-07T15:21:11.507+0000] {processor.py:186} INFO - Started process (PID=402) to work on /opt/airflow/dags/process_reviews_dag.py
[2026-06-07T15:21:11.509+0000] {processor.py:914} INFO - Processing file /opt/airflow/dags/process_reviews_dag.py for tasks to queue
[2026-06-07T15:21:11.516+0000] {logging_mixin.py:190} INFO - [2026-06-07T15:21:11.515+0000] {dagbag.py:587} INFO - Filling up the DagBag from /opt/airflow/dags/process_reviews_dag.py
[2026-06-07T15:21:12.500+0000] {processor.py:927} WARNING - No viable dags retrieved from /opt/airflow/dags/process_reviews_dag.py
[2026-06-07T15:21:12.511+0000] {processor.py:208} INFO - Processing /opt/airflow/dags/process_reviews_dag.py took 1.017 seconds
[2026-06-07T15:21:42.802+0000] {processor.py:186} INFO - Started process (PID=404) to work on /opt/airflow/dags/process_reviews_dag.py
[2026-06-07T15:21:42.804+0000] {processor.py:914} INFO - Processing file /opt/airflow/dags/process_reviews_dag.py for tasks to queue
[2026-06-07T15:21:42.809+0000] {logging_mixin.py:190} INFO - [2026-06-07T15:21:42.808+0000] {dagbag.py:587} INFO - Filling up the DagBag from /opt/airflow/dags/process_reviews_dag.py
[2026-06-07T15:21:43.698+0000] {processor.py:927} WARNING - No viable dags retrieved from /opt/airflow/dags/process_reviews_dag.py
[2026-06-07T15:21:43.712+0000] {processor.py:208} INFO - Processing /opt/airflow/dags/process_reviews_dag.py took 0.918 seconds
[2026-06-07T15:22:14.004+0000] {processor.py:186} INFO - Started process (PID=406) to work on /opt/airflow/dags/process_reviews_dag.py
[2026-06-07T15:22:14.006+0000] {processor.py:914} INFO - Processing file /opt/airflow/dags/process_reviews_dag.py for tasks to queue
[2026-06-07T15:22:14.011+0000] {logging_mixin.py:190} INFO - [2026-06-07T15:22:14.011+0000] {dagbag.py:587} INFO - Filling up the DagBag from /opt/airflow/dags/process_reviews_dag.py
[2026-06-07T15:22:14.736+0000] {processor.py:927} WARNING - No viable dags retrieved from /opt/airflow/dags/process_reviews_dag.py
[2026-06-07T15:22:14.746+0000] {processor.py:208} INFO - Processing /opt/airflow/dags/process_reviews_dag.py took 0.754 seconds
[2026-06-07T15:22:44.984+0000] {processor.py:186} INFO - Started process (PID=408) to work on /opt/airflow/dags/process_reviews_dag.py
[2026-06-07T15:22:44.986+0000] {processor.py:914} INFO - Processing file /opt/airflow/dags/process_reviews_dag.py for tasks to queue
[2026-06-07T15:22:44.992+0000] {logging_mixin.py:190} INFO - [2026-06-07T15:22:44.991+0000] {dagbag.py:587} INFO - Filling up the DagBag from /opt/airflow/dags/process_reviews_dag.py
[2026-06-07T15:22:45.668+0000] {processor.py:927} WARNING - No viable dags retrieved from /opt/airflow/dags/process_reviews_dag.py
[2026-06-07T15:22:45.679+0000] {processor.py:208} INFO - Processing /opt/airflow/dags/process_reviews_dag.py took 0.706 seconds
[2026-06-07T15:23:15.979+0000] {processor.py:186} INFO - Started process (PID=410) to work on /opt/airflow/dags/process_reviews_dag.py
[2026-06-07T15:23:15.981+0000] {processor.py:914} INFO - Processing file /opt/airflow/dags/process_reviews_dag.py for tasks to queue
[2026-06-07T15:23:15.985+0000] {logging_mixin.py:190} INFO - [2026-06-07T15:23:15.985+0000] {dagbag.py:587} INFO - Filling up the DagBag from /opt/airflow/dags/process_reviews_dag.py
[2026-06-07T15:23:16.768+0000] {processor.py:927} WARNING - No viable dags retrieved from /opt/airflow/dags/process_reviews_dag.py
[2026-06-07T15:23:16.783+0000] {processor.py:208} INFO - Processing /opt/airflow/dags/process_reviews_dag.py took 0.817 seconds
[2026-06-07T15:23:47.070+0000] {processor.py:186} INFO - Started process (PID=412) to work on /opt/airflow/dags/process_reviews_dag.py
[2026-06-07T15:23:47.073+0000] {processor.py:914} INFO - Processing file /opt/airflow/dags/process_reviews_dag.py for tasks to queue
[2026-06-07T15:23:47.077+0000] {logging_mixin.py:190} INFO - [2026-06-07T15:23:47.077+0000] {dagbag.py:587} INFO - Filling up the DagBag from /opt/airflow/dags/process_reviews_dag.py
[2026-06-07T15:23:47.783+0000] {processor.py:927} WARNING - No viable dags retrieved from /opt/airflow/dags/process_reviews_dag.py
[2026-06-07T15:23:47.790+0000] {processor.py:208} INFO - Processing /opt/airflow/dags/process_reviews_dag.py took 0.729 seconds
[2026-06-07T15:24:18.049+0000] {processor.py:186} INFO - Started process (PID=414) to work on /opt/airflow/dags/process_reviews_dag.py
[2026-06-07T15:24:18.052+0000] {processor.py:914} INFO - Processing file /opt/airflow/dags/process_reviews_dag.py for tasks to queue
[2026-06-07T15:24:18.057+0000] {logging_mixin.py:190} INFO - [2026-06-07T15:24:18.057+0000] {dagbag.py:587} INFO - Filling up the DagBag from /opt/airflow/dags/process_reviews_dag.py
[2026-06-07T15:24:18.645+0000] {processor.py:927} WARNING - No viable dags retrieved from /opt/airflow/dags/process_reviews_dag.py
[2026-06-07T15:24:18.658+0000] {processor.py:208} INFO - Processing /opt/airflow/dags/process_reviews_dag.py took 0.624 seconds
[2026-06-07T15:24:48.908+0000] {processor.py:186} INFO - Started process (PID=416) to work on /opt/airflow/dags/process_reviews_dag.py
[2026-06-07T15:24:48.910+0000] {processor.py:914} INFO - Processing file /opt/airflow/dags/process_reviews_dag.py for tasks to queue
[2026-06-07T15:24:48.916+0000] {logging_mixin.py:190} INFO - [2026-06-07T15:24:48.915+0000] {dagbag.py:587} INFO - Filling up the DagBag from /opt/airflow/dags/process_reviews_dag.py
[2026-06-07T15:24:49.596+0000] {processor.py:927} WARNING - No viable dags retrieved from /opt/airflow/dags/process_reviews_dag.py
[2026-06-07T15:24:49.603+0000] {processor.py:208} INFO - Processing /opt/airflow/dags/process_reviews_dag.py took 0.710 seconds
[2026-06-07T15:25:19.818+0000] {processor.py:186} INFO - Started process (PID=418) to work on /opt/airflow/dags/process_reviews_dag.py
[2026-06-07T15:25:19.819+0000] {processor.py:914} INFO - Processing file /opt/airflow/dags/process_reviews_dag.py for tasks to queue
[2026-06-07T15:25:19.823+0000] {logging_mixin.py:190} INFO - [2026-06-07T15:25:19.822+0000] {dagbag.py:587} INFO - Filling up the DagBag from /opt/airflow/dags/process_reviews_dag.py
[2026-06-07T15:25:20.288+0000] {processor.py:927} WARNING - No viable dags retrieved from /opt/airflow/dags/process_reviews_dag.py
[2026-06-07T15:25:20.295+0000] {processor.py:208} INFO - Processing /opt/airflow/dags/process_reviews_dag.py took 0.483 seconds
[2026-06-07T15:25:50.534+0000] {processor.py:186} INFO - Started process (PID=420) to work on /opt/airflow/dags/process_reviews_dag.py
[2026-06-07T15:25:50.536+0000] {processor.py:914} INFO - Processing file /opt/airflow/dags/process_reviews_dag.py for tasks to queue
[2026-06-07T15:25:50.539+0000] {logging_mixin.py:190} INFO - [2026-06-07T15:25:50.539+0000] {dagbag.py:587} INFO - Filling up the DagBag from /opt/airflow/dags/process_reviews_dag.py
[2026-06-07T15:25:51.014+0000] {processor.py:927} WARNING - No viable dags retrieved from /opt/airflow/dags/process_reviews_dag.py
[2026-06-07T15:25:51.021+0000] {processor.py:208} INFO - Processing /opt/airflow/dags/process_reviews_dag.py took 0.493 seconds
[2026-06-07T15:26:21.248+0000] {processor.py:186} INFO - Started process (PID=422) to work on /opt/airflow/dags/process_reviews_dag.py
[2026-06-07T15:26:21.250+0000] {processor.py:914} INFO - Processing file /opt/airflow/dags/process_reviews_dag.py for tasks to queue
[2026-06-07T15:26:21.253+0000] {logging_mixin.py:190} INFO - [2026-06-07T15:26:21.252+0000] {dagbag.py:587} INFO - Filling up the DagBag from /opt/airflow/dags/process_reviews_dag.py
[2026-06-07T15:26:21.800+0000] {processor.py:927} WARNING - No viable dags retrieved from /opt/airflow/dags/process_reviews_dag.py
[2026-06-07T15:26:21.807+0000] {processor.py:208} INFO - Processing /opt/airflow/dags/process_reviews_dag.py took 0.565 seconds
[2026-06-07T15:26:51.968+0000] {processor.py:186} INFO - Started process (PID=424) to work on /opt/airflow/dags/process_reviews_dag.py
[2026-06-07T15:26:51.970+0000] {processor.py:914} INFO - Processing file /opt/airflow/dags/process_reviews_dag.py for tasks to queue
[2026-06-07T15:26:51.973+0000] {logging_mixin.py:190} INFO - [2026-06-07T15:26:51.973+0000] {dagbag.py:587} INFO - Filling up the DagBag from /opt/airflow/dags/process_reviews_dag.py
[2026-06-07T15:26:52.426+0000] {processor.py:927} WARNING - No viable dags retrieved from /opt/airflow/dags/process_reviews_dag.py
[2026-06-07T15:26:52.432+0000] {processor.py:208} INFO - Processing /opt/airflow/dags/process_reviews_dag.py took 0.470 seconds
[2026-06-07T15:27:22.577+0000] {processor.py:186} INFO - Started process (PID=426) to work on /opt/airflow/dags/process_reviews_dag.py
[2026-06-07T15:27:22.579+0000] {processor.py:914} INFO - Processing file /opt/airflow/dags/process_reviews_dag.py for tasks to queue
[2026-06-07T15:27:22.583+0000] {logging_mixin.py:190} INFO - [2026-06-07T15:27:22.582+0000] {dagbag.py:587} INFO - Filling up the DagBag from /opt/airflow/dags/process_reviews_dag.py
[2026-06-07T15:27:23.059+0000] {processor.py:927} WARNING - No viable dags retrieved from /opt/airflow/dags/process_reviews_dag.py
[2026-06-07T15:27:23.066+0000] {processor.py:208} INFO - Processing /opt/airflow/dags/process_reviews_dag.py took 0.495 seconds
[2026-06-07T15:27:53.305+0000] {processor.py:186} INFO - Started process (PID=428) to work on /opt/airflow/dags/process_reviews_dag.py
[2026-06-07T15:27:53.306+0000] {processor.py:914} INFO - Processing file /opt/airflow/dags/process_reviews_dag.py for tasks to queue
[2026-06-07T15:27:53.310+0000] {logging_mixin.py:190} INFO - [2026-06-07T15:27:53.309+0000] {dagbag.py:587} INFO - Filling up the DagBag from /opt/airflow/dags/process_reviews_dag.py
[2026-06-07T15:27:53.795+0000] {processor.py:927} WARNING - No viable dags retrieved from /opt/airflow/dags/process_reviews_dag.py
[2026-06-07T15:27:53.801+0000] {processor.py:208} INFO - Processing /opt/airflow/dags/process_reviews_dag.py took 0.502 seconds
[2026-06-07T15:28:24.105+0000] {processor.py:186} INFO - Started process (PID=430) to work on /opt/airflow/dags/process_reviews_dag.py
[2026-06-07T15:28:24.117+0000] {processor.py:914} INFO - Processing file /opt/airflow/dags/process_reviews_dag.py for tasks to queue
[2026-06-07T15:28:24.135+0000] {logging_mixin.py:190} INFO - [2026-06-07T15:28:24.134+0000] {dagbag.py:587} INFO - Filling up the DagBag from /opt/airflow/dags/process_reviews_dag.py
[2026-06-07T15:28:26.185+0000] {processor.py:927} WARNING - No viable dags retrieved from /opt/airflow/dags/process_reviews_dag.py
[2026-06-07T15:28:26.202+0000] {processor.py:208} INFO - Processing /opt/airflow/dags/process_reviews_dag.py took 2.151 seconds
[2026-06-07T15:28:56.439+0000] {processor.py:186} INFO - Started process (PID=432) to work on /opt/airflow/dags/process_reviews_dag.py
[2026-06-07T15:28:56.441+0000] {processor.py:914} INFO - Processing file /opt/airflow/dags/process_reviews_dag.py for tasks to queue
[2026-06-07T15:28:56.448+0000] {logging_mixin.py:190} INFO - [2026-06-07T15:28:56.447+0000] {dagbag.py:587} INFO - Filling up the DagBag from /opt/airflow/dags/process_reviews_dag.py
[2026-06-07T15:28:57.401+0000] {processor.py:927} WARNING - No viable dags retrieved from /opt/airflow/dags/process_reviews_dag.py
[2026-06-07T15:28:57.411+0000] {processor.py:208} INFO - Processing /opt/airflow/dags/process_reviews_dag.py took 0.993 seconds
[2026-06-07T15:29:27.649+0000] {processor.py:186} INFO - Started process (PID=434) to work on /opt/airflow/dags/process_reviews_dag.py
[2026-06-07T15:29:27.652+0000] {processor.py:914} INFO - Processing file /opt/airflow/dags/process_reviews_dag.py for tasks to queue
[2026-06-07T15:29:27.663+0000] {logging_mixin.py:190} INFO - [2026-06-07T15:29:27.662+0000] {dagbag.py:587} INFO - Filling up the DagBag from /opt/airflow/dags/process_reviews_dag.py
[2026-06-07T15:29:28.196+0000] {processor.py:927} WARNING - No viable dags retrieved from /opt/airflow/dags/process_reviews_dag.py
[2026-06-07T15:29:28.203+0000] {processor.py:208} INFO - Processing /opt/airflow/dags/process_reviews_dag.py took 0.565 seconds
[2026-06-07T15:29:58.373+0000] {processor.py:186} INFO - Started process (PID=436) to work on /opt/airflow/dags/process_reviews_dag.py
[2026-06-07T15:29:58.375+0000] {processor.py:914} INFO - Processing file /opt/airflow/dags/process_reviews_dag.py for tasks to queue
[2026-06-07T15:29:58.379+0000] {logging_mixin.py:190} INFO - [2026-06-07T15:29:58.379+0000] {dagbag.py:587} INFO - Filling up the DagBag from /opt/airflow/dags/process_reviews_dag.py
[2026-06-07T15:29:58.892+0000] {processor.py:927} WARNING - No viable dags retrieved from /opt/airflow/dags/process_reviews_dag.py
[2026-06-07T15:29:58.899+0000] {processor.py:208} INFO - Processing /opt/airflow/dags/process_reviews_dag.py took 0.533 seconds
[2026-06-07T15:30:29.091+0000] {processor.py:186} INFO - Started process (PID=438) to work on /opt/airflow/dags/process_reviews_dag.py
[2026-06-07T15:30:29.093+0000] {processor.py:914} INFO - Processing file /opt/airflow/dags/process_reviews_dag.py for tasks to queue
[2026-06-07T15:30:29.097+0000] {logging_mixin.py:190} INFO - [2026-06-07T15:30:29.097+0000] {dagbag.py:587} INFO - Filling up the DagBag from /opt/airflow/dags/process_reviews_dag.py
[2026-06-07T15:30:29.606+0000] {processor.py:927} WARNING - No viable dags retrieved from /opt/airflow/dags/process_reviews_dag.py
[2026-06-07T15:30:29.613+0000] {processor.py:208} INFO - Processing /opt/airflow/dags/process_reviews_dag.py took 0.529 seconds
[2026-06-07T15:30:59.735+0000] {processor.py:186} INFO - Started process (PID=440) to work on /opt/airflow/dags/process_reviews_dag.py
[2026-06-07T15:30:59.736+0000] {processor.py:914} INFO - Processing file /opt/airflow/dags/process_reviews_dag.py for tasks to queue
[2026-06-07T15:30:59.739+0000] {logging_mixin.py:190} INFO - [2026-06-07T15:30:59.739+0000] {dagbag.py:587} INFO - Filling up the DagBag from /opt/airflow/dags/process_reviews_dag.py
[2026-06-07T15:31:00.227+0000] {processor.py:927} WARNING - No viable dags retrieved from /opt/airflow/dags/process_reviews_dag.py
[2026-06-07T15:31:00.234+0000] {processor.py:208} INFO - Processing /opt/airflow/dags/process_reviews_dag.py took 0.506 seconds
[2026-06-07T15:31:30.451+0000] {processor.py:186} INFO - Started process (PID=442) to work on /opt/airflow/dags/process_reviews_dag.py
[2026-06-07T15:31:30.453+0000] {processor.py:914} INFO - Processing file /opt/airflow/dags/process_reviews_dag.py for tasks to queue
[2026-06-07T15:31:30.457+0000] {logging_mixin.py:190} INFO - [2026-06-07T15:31:30.456+0000] {dagbag.py:587} INFO - Filling up the DagBag from /opt/airflow/dags/process_reviews_dag.py
[2026-06-07T15:31:31.010+0000] {processor.py:927} WARNING - No viable dags retrieved from /opt/airflow/dags/process_reviews_dag.py
[2026-06-07T15:31:31.017+0000] {processor.py:208} INFO - Processing /opt/airflow/dags/process_reviews_dag.py took 0.572 seconds
[2026-06-07T15:32:01.165+0000] {processor.py:186} INFO - Started process (PID=444) to work on /opt/airflow/dags/process_reviews_dag.py
[2026-06-07T15:32:01.167+0000] {processor.py:914} INFO - Processing file /opt/airflow/dags/process_reviews_dag.py for tasks to queue
[2026-06-07T15:32:01.170+0000] {logging_mixin.py:190} INFO - [2026-06-07T15:32:01.170+0000] {dagbag.py:587} INFO - Filling up the DagBag from /opt/airflow/dags/process_reviews_dag.py
[2026-06-07T15:32:01.662+0000] {processor.py:927} WARNING - No viable dags retrieved from /opt/airflow/dags/process_reviews_dag.py
[2026-06-07T15:32:01.668+0000] {processor.py:208} INFO - Processing /opt/airflow/dags/process_reviews_dag.py took 0.510 seconds
[2026-06-07T15:32:31.884+0000] {processor.py:186} INFO - Started process (PID=446) to work on /opt/airflow/dags/process_reviews_dag.py
[2026-06-07T15:32:31.886+0000] {processor.py:914} INFO - Processing file /opt/airflow/dags/process_reviews_dag.py for tasks to queue
[2026-06-07T15:32:31.892+0000] {logging_mixin.py:190} INFO - [2026-06-07T15:32:31.891+0000] {dagbag.py:587} INFO - Filling up the DagBag from /opt/airflow/dags/process_reviews_dag.py
[2026-06-07T15:32:32.393+0000] {processor.py:927} WARNING - No viable dags retrieved from /opt/airflow/dags/process_reviews_dag.py
[2026-06-07T15:32:32.399+0000] {processor.py:208} INFO - Processing /opt/airflow/dags/process_reviews_dag.py took 0.526 seconds
[2026-06-07T15:33:02.609+0000] {processor.py:186} INFO - Started process (PID=448) to work on /opt/airflow/dags/process_reviews_dag.py
[2026-06-07T15:33:02.611+0000] {processor.py:914} INFO - Processing file /opt/airflow/dags/process_reviews_dag.py for tasks to queue
[2026-06-07T15:33:02.614+0000] {logging_mixin.py:190} INFO - [2026-06-07T15:33:02.614+0000] {dagbag.py:587} INFO - Filling up the DagBag from /opt/airflow/dags/process_reviews_dag.py
[2026-06-07T15:33:03.125+0000] {processor.py:927} WARNING - No viable dags retrieved from /opt/airflow/dags/process_reviews_dag.py
[2026-06-07T15:33:03.131+0000] {processor.py:208} INFO - Processing /opt/airflow/dags/process_reviews_dag.py took 0.530 seconds
[2026-06-07T15:33:33.323+0000] {processor.py:186} INFO - Started process (PID=450) to work on /opt/airflow/dags/process_reviews_dag.py
[2026-06-07T15:33:33.325+0000] {processor.py:914} INFO - Processing file /opt/airflow/dags/process_reviews_dag.py for tasks to queue
[2026-06-07T15:33:33.331+0000] {logging_mixin.py:190} INFO - [2026-06-07T15:33:33.330+0000] {dagbag.py:587} INFO - Filling up the DagBag from /opt/airflow/dags/process_reviews_dag.py
[2026-06-07T15:33:33.823+0000] {processor.py:927} WARNING - No viable dags retrieved from /opt/airflow/dags/process_reviews_dag.py
[2026-06-07T15:33:33.829+0000] {processor.py:208} INFO - Processing /opt/airflow/dags/process_reviews_dag.py took 0.512 seconds
[2026-06-07T15:34:04.064+0000] {processor.py:186} INFO - Started process (PID=452) to work on /opt/airflow/dags/process_reviews_dag.py
[2026-06-07T15:34:04.066+0000] {processor.py:914} INFO - Processing file /opt/airflow/dags/process_reviews_dag.py for tasks to queue
[2026-06-07T15:34:04.070+0000] {logging_mixin.py:190} INFO - [2026-06-07T15:34:04.069+0000] {dagbag.py:587} INFO - Filling up the DagBag from /opt/airflow/dags/process_reviews_dag.py
[2026-06-07T15:34:04.651+0000] {processor.py:927} WARNING - No viable dags retrieved from /opt/airflow/dags/process_reviews_dag.py
[2026-06-07T15:34:04.657+0000] {processor.py:208} INFO - Processing /opt/airflow/dags/process_reviews_dag.py took 0.604 seconds
[2026-06-07T15:34:34.854+0000] {processor.py:186} INFO - Started process (PID=454) to work on /opt/airflow/dags/process_reviews_dag.py
[2026-06-07T15:34:34.855+0000] {processor.py:914} INFO - Processing file /opt/airflow/dags/process_reviews_dag.py for tasks to queue
[2026-06-07T15:34:34.859+0000] {logging_mixin.py:190} INFO - [2026-06-07T15:34:34.859+0000] {dagbag.py:587} INFO - Filling up the DagBag from /opt/airflow/dags/process_reviews_dag.py
[2026-06-07T15:34:35.396+0000] {processor.py:927} WARNING - No viable dags retrieved from /opt/airflow/dags/process_reviews_dag.py
[2026-06-07T15:34:35.404+0000] {processor.py:208} INFO - Processing /opt/airflow/dags/process_reviews_dag.py took 0.556 seconds
[2026-06-07T15:35:05.569+0000] {processor.py:186} INFO - Started process (PID=456) to work on /opt/airflow/dags/process_reviews_dag.py
[2026-06-07T15:35:05.570+0000] {processor.py:914} INFO - Processing file /opt/airflow/dags/process_reviews_dag.py for tasks to queue
[2026-06-07T15:35:05.573+0000] {logging_mixin.py:190} INFO - [2026-06-07T15:35:05.573+0000] {dagbag.py:587} INFO - Filling up the DagBag from /opt/airflow/dags/process_reviews_dag.py
[2026-06-07T15:35:06.165+0000] {processor.py:927} WARNING - No viable dags retrieved from /opt/airflow/dags/process_reviews_dag.py
[2026-06-07T15:35:06.172+0000] {processor.py:208} INFO - Processing /opt/airflow/dags/process_reviews_dag.py took 0.609 seconds
[2026-06-07T15:35:36.370+0000] {processor.py:186} INFO - Started process (PID=458) to work on /opt/airflow/dags/process_reviews_dag.py
[2026-06-07T15:35:36.371+0000] {processor.py:914} INFO - Processing file /opt/airflow/dags/process_reviews_dag.py for tasks to queue
[2026-06-07T15:35:36.375+0000] {logging_mixin.py:190} INFO - [2026-06-07T15:35:36.374+0000] {dagbag.py:587} INFO - Filling up the DagBag from /opt/airflow/dags/process_reviews_dag.py
[2026-06-07T15:35:36.882+0000] {processor.py:927} WARNING - No viable dags retrieved from /opt/airflow/dags/process_reviews_dag.py
[2026-06-07T15:35:36.888+0000] {processor.py:208} INFO - Processing /opt/airflow/dags/process_reviews_dag.py took 0.524 seconds
[2026-06-07T15:36:07.122+0000] {processor.py:186} INFO - Started process (PID=460) to work on /opt/airflow/dags/process_reviews_dag.py
[2026-06-07T15:36:07.124+0000] {processor.py:914} INFO - Processing file /opt/airflow/dags/process_reviews_dag.py for tasks to queue
[2026-06-07T15:36:07.127+0000] {logging_mixin.py:190} INFO - [2026-06-07T15:36:07.127+0000] {dagbag.py:587} INFO - Filling up the DagBag from /opt/airflow/dags/process_reviews_dag.py
[2026-06-07T15:36:07.693+0000] {processor.py:927} WARNING - No viable dags retrieved from /opt/airflow/dags/process_reviews_dag.py
[2026-06-07T15:36:07.700+0000] {processor.py:208} INFO - Processing /opt/airflow/dags/process_reviews_dag.py took 0.586 seconds
[2026-06-07T15:36:37.938+0000] {processor.py:186} INFO - Started process (PID=462) to work on /opt/airflow/dags/process_reviews_dag.py
[2026-06-07T15:36:37.940+0000] {processor.py:914} INFO - Processing file /opt/airflow/dags/process_reviews_dag.py for tasks to queue
[2026-06-07T15:36:37.945+0000] {logging_mixin.py:190} INFO - [2026-06-07T15:36:37.944+0000] {dagbag.py:587} INFO - Filling up the DagBag from /opt/airflow/dags/process_reviews_dag.py
[2026-06-07T15:36:38.442+0000] {processor.py:927} WARNING - No viable dags retrieved from /opt/airflow/dags/process_reviews_dag.py
[2026-06-07T15:36:38.448+0000] {processor.py:208} INFO - Processing /opt/airflow/dags/process_reviews_dag.py took 0.516 seconds
[2026-06-07T15:37:08.662+0000] {processor.py:186} INFO - Started process (PID=471) to work on /opt/airflow/dags/process_reviews_dag.py
[2026-06-07T15:37:08.663+0000] {processor.py:914} INFO - Processing file /opt/airflow/dags/process_reviews_dag.py for tasks to queue
[2026-06-07T15:37:08.667+0000] {logging_mixin.py:190} INFO - [2026-06-07T15:37:08.667+0000] {dagbag.py:587} INFO - Filling up the DagBag from /opt/airflow/dags/process_reviews_dag.py
[2026-06-07T15:37:09.231+0000] {processor.py:927} WARNING - No viable dags retrieved from /opt/airflow/dags/process_reviews_dag.py
[2026-06-07T15:37:09.238+0000] {processor.py:208} INFO - Processing /opt/airflow/dags/process_reviews_dag.py took 0.583 seconds
[2026-06-07T15:37:39.459+0000] {processor.py:186} INFO - Started process (PID=474) to work on /opt/airflow/dags/process_reviews_dag.py
[2026-06-07T15:37:39.461+0000] {processor.py:914} INFO - Processing file /opt/airflow/dags/process_reviews_dag.py for tasks to queue
[2026-06-07T15:37:39.465+0000] {logging_mixin.py:190} INFO - [2026-06-07T15:37:39.464+0000] {dagbag.py:587} INFO - Filling up the DagBag from /opt/airflow/dags/process_reviews_dag.py
[2026-06-07T15:37:40.037+0000] {processor.py:927} WARNING - No viable dags retrieved from /opt/airflow/dags/process_reviews_dag.py
[2026-06-07T15:37:40.046+0000] {processor.py:208} INFO - Processing /opt/airflow/dags/process_reviews_dag.py took 0.594 seconds
[2026-06-07T15:38:10.293+0000] {processor.py:186} INFO - Started process (PID=476) to work on /opt/airflow/dags/process_reviews_dag.py
[2026-06-07T15:38:10.294+0000] {processor.py:914} INFO - Processing file /opt/airflow/dags/process_reviews_dag.py for tasks to queue
[2026-06-07T15:38:10.298+0000] {logging_mixin.py:190} INFO - [2026-06-07T15:38:10.297+0000] {dagbag.py:587} INFO - Filling up the DagBag from /opt/airflow/dags/process_reviews_dag.py
[2026-06-07T15:38:10.828+0000] {processor.py:927} WARNING - No viable dags retrieved from /opt/airflow/dags/process_reviews_dag.py
[2026-06-07T15:38:10.835+0000] {processor.py:208} INFO - Processing /opt/airflow/dags/process_reviews_dag.py took 0.548 seconds
[2026-06-07T15:38:41.015+0000] {processor.py:186} INFO - Started process (PID=478) to work on /opt/airflow/dags/process_reviews_dag.py
[2026-06-07T15:38:41.016+0000] {processor.py:914} INFO - Processing file /opt/airflow/dags/process_reviews_dag.py for tasks to queue
[2026-06-07T15:38:41.020+0000] {logging_mixin.py:190} INFO - [2026-06-07T15:38:41.019+0000] {dagbag.py:587} INFO - Filling up the DagBag from /opt/airflow/dags/process_reviews_dag.py
[2026-06-07T15:38:41.517+0000] {processor.py:927} WARNING - No viable dags retrieved from /opt/airflow/dags/process_reviews_dag.py
[2026-06-07T15:38:41.524+0000] {processor.py:208} INFO - Processing /opt/airflow/dags/process_reviews_dag.py took 0.515 seconds
[2026-06-07T15:39:11.734+0000] {processor.py:186} INFO - Started process (PID=480) to work on /opt/airflow/dags/process_reviews_dag.py
[2026-06-07T15:39:11.736+0000] {processor.py:914} INFO - Processing file /opt/airflow/dags/process_reviews_dag.py for tasks to queue
[2026-06-07T15:39:11.740+0000] {logging_mixin.py:190} INFO - [2026-06-07T15:39:11.740+0000] {dagbag.py:587} INFO - Filling up the DagBag from /opt/airflow/dags/process_reviews_dag.py
[2026-06-07T15:39:12.321+0000] {processor.py:927} WARNING - No viable dags retrieved from /opt/airflow/dags/process_reviews_dag.py
[2026-06-07T15:39:12.327+0000] {processor.py:208} INFO - Processing /opt/airflow/dags/process_reviews_dag.py took 0.599 seconds
[2026-06-07T15:39:42.577+0000] {processor.py:186} INFO - Started process (PID=482) to work on /opt/airflow/dags/process_reviews_dag.py
[2026-06-07T15:39:42.579+0000] {processor.py:914} INFO - Processing file /opt/airflow/dags/process_reviews_dag.py for tasks to queue
[2026-06-07T15:39:42.583+0000] {logging_mixin.py:190} INFO - [2026-06-07T15:39:42.582+0000] {dagbag.py:587} INFO - Filling up the DagBag from /opt/airflow/dags/process_reviews_dag.py
[2026-06-07T15:39:43.077+0000] {processor.py:927} WARNING - No viable dags retrieved from /opt/airflow/dags/process_reviews_dag.py
[2026-06-07T15:39:43.083+0000] {processor.py:208} INFO - Processing /opt/airflow/dags/process_reviews_dag.py took 0.512 seconds
[2026-06-07T15:40:13.285+0000] {processor.py:186} INFO - Started process (PID=484) to work on /opt/airflow/dags/process_reviews_dag.py
[2026-06-07T15:40:13.287+0000] {processor.py:914} INFO - Processing file /opt/airflow/dags/process_reviews_dag.py for tasks to queue
[2026-06-07T15:40:13.290+0000] {logging_mixin.py:190} INFO - [2026-06-07T15:40:13.290+0000] {dagbag.py:587} INFO - Filling up the DagBag from /opt/airflow/dags/process_reviews_dag.py
[2026-06-07T15:40:13.843+0000] {processor.py:927} WARNING - No viable dags retrieved from /opt/airflow/dags/process_reviews_dag.py
[2026-06-07T15:40:13.852+0000] {processor.py:208} INFO - Processing /opt/airflow/dags/process_reviews_dag.py took 0.574 seconds
[2026-06-07T15:40:44.003+0000] {processor.py:186} INFO - Started process (PID=486) to work on /opt/airflow/dags/process_reviews_dag.py
[2026-06-07T15:40:44.004+0000] {processor.py:914} INFO - Processing file /opt/airflow/dags/process_reviews_dag.py for tasks to queue
[2026-06-07T15:40:44.009+0000] {logging_mixin.py:190} INFO - [2026-06-07T15:40:44.008+0000] {dagbag.py:587} INFO - Filling up the DagBag from /opt/airflow/dags/process_reviews_dag.py
[2026-06-07T15:40:44.528+0000] {processor.py:927} WARNING - No viable dags retrieved from /opt/airflow/dags/process_reviews_dag.py
[2026-06-07T15:40:44.535+0000] {processor.py:208} INFO - Processing /opt/airflow/dags/process_reviews_dag.py took 0.539 seconds
[2026-06-07T15:41:14.736+0000] {processor.py:186} INFO - Started process (PID=488) to work on /opt/airflow/dags/process_reviews_dag.py
[2026-06-07T15:41:14.738+0000] {processor.py:914} INFO - Processing file /opt/airflow/dags/process_reviews_dag.py for tasks to queue
[2026-06-07T15:41:14.742+0000] {logging_mixin.py:190} INFO - [2026-06-07T15:41:14.741+0000] {dagbag.py:587} INFO - Filling up the DagBag from /opt/airflow/dags/process_reviews_dag.py
[2026-06-07T15:41:15.283+0000] {processor.py:927} WARNING - No viable dags retrieved from /opt/airflow/dags/process_reviews_dag.py
[2026-06-07T15:41:15.290+0000] {processor.py:208} INFO - Processing /opt/airflow/dags/process_reviews_dag.py took 0.562 seconds
[2026-06-07T15:41:45.432+0000] {processor.py:186} INFO - Started process (PID=490) to work on /opt/airflow/dags/process_reviews_dag.py
[2026-06-07T15:41:45.434+0000] {processor.py:914} INFO - Processing file /opt/airflow/dags/process_reviews_dag.py for tasks to queue
[2026-06-07T15:41:45.437+0000] {logging_mixin.py:190} INFO - [2026-06-07T15:41:45.437+0000] {dagbag.py:587} INFO - Filling up the DagBag from /opt/airflow/dags/process_reviews_dag.py
[2026-06-07T15:41:46.022+0000] {processor.py:927} WARNING - No viable dags retrieved from /opt/airflow/dags/process_reviews_dag.py
[2026-06-07T15:41:46.034+0000] {processor.py:208} INFO - Processing /opt/airflow/dags/process_reviews_dag.py took 0.607 seconds
[2026-06-07T15:42:16.229+0000] {processor.py:186} INFO - Started process (PID=492) to work on /opt/airflow/dags/process_reviews_dag.py
[2026-06-07T15:42:16.231+0000] {processor.py:914} INFO - Processing file /opt/airflow/dags/process_reviews_dag.py for tasks to queue
[2026-06-07T15:42:16.234+0000] {logging_mixin.py:190} INFO - [2026-06-07T15:42:16.233+0000] {dagbag.py:587} INFO - Filling up the DagBag from /opt/airflow/dags/process_reviews_dag.py
[2026-06-07T15:42:16.768+0000] {processor.py:927} WARNING - No viable dags retrieved from /opt/airflow/dags/process_reviews_dag.py
[2026-06-07T15:42:16.775+0000] {processor.py:208} INFO - Processing /opt/airflow/dags/process_reviews_dag.py took 0.553 seconds
[2026-06-07T15:42:46.951+0000] {processor.py:186} INFO - Started process (PID=494) to work on /opt/airflow/dags/process_reviews_dag.py
[2026-06-07T15:42:46.952+0000] {processor.py:914} INFO - Processing file /opt/airflow/dags/process_reviews_dag.py for tasks to queue
[2026-06-07T15:42:46.956+0000] {logging_mixin.py:190} INFO - [2026-06-07T15:42:46.955+0000] {dagbag.py:587} INFO - Filling up the DagBag from /opt/airflow/dags/process_reviews_dag.py
[2026-06-07T15:42:47.444+0000] {processor.py:927} WARNING - No viable dags retrieved from /opt/airflow/dags/process_reviews_dag.py
[2026-06-07T15:42:47.451+0000] {processor.py:208} INFO - Processing /opt/airflow/dags/process_reviews_dag.py took 0.506 seconds
[2026-06-07T15:43:17.677+0000] {processor.py:186} INFO - Started process (PID=496) to work on /opt/airflow/dags/process_reviews_dag.py
[2026-06-07T15:43:17.678+0000] {processor.py:914} INFO - Processing file /opt/airflow/dags/process_reviews_dag.py for tasks to queue
[2026-06-07T15:43:17.683+0000] {logging_mixin.py:190} INFO - [2026-06-07T15:43:17.682+0000] {dagbag.py:587} INFO - Filling up the DagBag from /opt/airflow/dags/process_reviews_dag.py
[2026-06-07T15:43:18.239+0000] {processor.py:927} WARNING - No viable dags retrieved from /opt/airflow/dags/process_reviews_dag.py
[2026-06-07T15:43:18.251+0000] {processor.py:208} INFO - Processing /opt/airflow/dags/process_reviews_dag.py took 0.581 seconds
[2026-06-07T15:43:48.508+0000] {processor.py:186} INFO - Started process (PID=498) to work on /opt/airflow/dags/process_reviews_dag.py
[2026-06-07T15:43:48.510+0000] {processor.py:914} INFO - Processing file /opt/airflow/dags/process_reviews_dag.py for tasks to queue
[2026-06-07T15:43:48.513+0000] {logging_mixin.py:190} INFO - [2026-06-07T15:43:48.512+0000] {dagbag.py:587} INFO - Filling up the DagBag from /opt/airflow/dags/process_reviews_dag.py
[2026-06-07T15:43:48.985+0000] {processor.py:927} WARNING - No viable dags retrieved from /opt/airflow/dags/process_reviews_dag.py
[2026-06-07T15:43:48.992+0000] {processor.py:208} INFO - Processing /opt/airflow/dags/process_reviews_dag.py took 0.490 seconds
[2026-06-07T15:44:19.242+0000] {processor.py:186} INFO - Started process (PID=500) to work on /opt/airflow/dags/process_reviews_dag.py
[2026-06-07T15:44:19.244+0000] {processor.py:914} INFO - Processing file /opt/airflow/dags/process_reviews_dag.py for tasks to queue
[2026-06-07T15:44:19.247+0000] {logging_mixin.py:190} INFO - [2026-06-07T15:44:19.247+0000] {dagbag.py:587} INFO - Filling up the DagBag from /opt/airflow/dags/process_reviews_dag.py
[2026-06-07T15:44:19.841+0000] {processor.py:927} WARNING - No viable dags retrieved from /opt/airflow/dags/process_reviews_dag.py
[2026-06-07T15:44:19.851+0000] {processor.py:208} INFO - Processing /opt/airflow/dags/process_reviews_dag.py took 0.615 seconds
[2026-06-07T15:44:50.047+0000] {processor.py:186} INFO - Started process (PID=502) to work on /opt/airflow/dags/process_reviews_dag.py
[2026-06-07T15:44:50.049+0000] {processor.py:914} INFO - Processing file /opt/airflow/dags/process_reviews_dag.py for tasks to queue
[2026-06-07T15:44:50.052+0000] {logging_mixin.py:190} INFO - [2026-06-07T15:44:50.051+0000] {dagbag.py:587} INFO - Filling up the DagBag from /opt/airflow/dags/process_reviews_dag.py
[2026-06-07T15:44:50.568+0000] {processor.py:927} WARNING - No viable dags retrieved from /opt/airflow/dags/process_reviews_dag.py
[2026-06-07T15:44:50.579+0000] {processor.py:208} INFO - Processing /opt/airflow/dags/process_reviews_dag.py took 0.539 seconds
[2026-06-07T15:45:20.845+0000] {processor.py:186} INFO - Started process (PID=504) to work on /opt/airflow/dags/process_reviews_dag.py
[2026-06-07T15:45:20.847+0000] {processor.py:914} INFO - Processing file /opt/airflow/dags/process_reviews_dag.py for tasks to queue
[2026-06-07T15:45:20.850+0000] {logging_mixin.py:190} INFO - [2026-06-07T15:45:20.850+0000] {dagbag.py:587} INFO - Filling up the DagBag from /opt/airflow/dags/process_reviews_dag.py
[2026-06-07T15:45:21.396+0000] {processor.py:927} WARNING - No viable dags retrieved from /opt/airflow/dags/process_reviews_dag.py
[2026-06-07T15:45:21.402+0000] {processor.py:208} INFO - Processing /opt/airflow/dags/process_reviews_dag.py took 0.564 seconds
[2026-06-07T15:45:51.559+0000] {processor.py:186} INFO - Started process (PID=506) to work on /opt/airflow/dags/process_reviews_dag.py
[2026-06-07T15:45:51.561+0000] {processor.py:914} INFO - Processing file /opt/airflow/dags/process_reviews_dag.py for tasks to queue
[2026-06-07T15:45:51.564+0000] {logging_mixin.py:190} INFO - [2026-06-07T15:45:51.564+0000] {dagbag.py:587} INFO - Filling up the DagBag from /opt/airflow/dags/process_reviews_dag.py
[2026-06-07T15:45:52.058+0000] {processor.py:927} WARNING - No viable dags retrieved from /opt/airflow/dags/process_reviews_dag.py
[2026-06-07T15:45:52.064+0000] {processor.py:208} INFO - Processing /opt/airflow/dags/process_reviews_dag.py took 0.511 seconds
[2026-06-07T15:46:22.268+0000] {processor.py:186} INFO - Started process (PID=508) to work on /opt/airflow/dags/process_reviews_dag.py
[2026-06-07T15:46:22.269+0000] {processor.py:914} INFO - Processing file /opt/airflow/dags/process_reviews_dag.py for tasks to queue
[2026-06-07T15:46:22.272+0000] {logging_mixin.py:190} INFO - [2026-06-07T15:46:22.272+0000] {dagbag.py:587} INFO - Filling up the DagBag from /opt/airflow/dags/process_reviews_dag.py
[2026-06-07T15:46:22.859+0000] {processor.py:927} WARNING - No viable dags retrieved from /opt/airflow/dags/process_reviews_dag.py
[2026-06-07T15:46:22.869+0000] {processor.py:208} INFO - Processing /opt/airflow/dags/process_reviews_dag.py took 0.607 seconds
[2026-06-07T15:47:35.004+0000] {processor.py:186} INFO - Started process (PID=78) to work on /opt/airflow/dags/process_reviews_dag.py
[2026-06-07T15:47:35.006+0000] {processor.py:914} INFO - Processing file /opt/airflow/dags/process_reviews_dag.py for tasks to queue
[2026-06-07T15:47:35.010+0000] {logging_mixin.py:190} INFO - [2026-06-07T15:47:35.009+0000] {dagbag.py:587} INFO - Filling up the DagBag from /opt/airflow/dags/process_reviews_dag.py
[2026-06-07T15:47:36.929+0000] {processor.py:927} WARNING - No viable dags retrieved from /opt/airflow/dags/process_reviews_dag.py
[2026-06-07T15:47:36.939+0000] {processor.py:208} INFO - Processing /opt/airflow/dags/process_reviews_dag.py took 1.943 seconds
[2026-06-07T15:48:07.191+0000] {processor.py:186} INFO - Started process (PID=99) to work on /opt/airflow/dags/process_reviews_dag.py
[2026-06-07T15:48:07.192+0000] {processor.py:914} INFO - Processing file /opt/airflow/dags/process_reviews_dag.py for tasks to queue
[2026-06-07T15:48:07.196+0000] {logging_mixin.py:190} INFO - [2026-06-07T15:48:07.195+0000] {dagbag.py:587} INFO - Filling up the DagBag from /opt/airflow/dags/process_reviews_dag.py
[2026-06-07T15:48:07.749+0000] {processor.py:927} WARNING - No viable dags retrieved from /opt/airflow/dags/process_reviews_dag.py
[2026-06-07T15:48:07.758+0000] {processor.py:208} INFO - Processing /opt/airflow/dags/process_reviews_dag.py took 0.575 seconds
[2026-06-07T15:48:38.608+0000] {processor.py:186} INFO - Started process (PID=101) to work on /opt/airflow/dags/process_reviews_dag.py
[2026-06-07T15:48:38.611+0000] {processor.py:914} INFO - Processing file /opt/airflow/dags/process_reviews_dag.py for tasks to queue
[2026-06-07T15:48:38.618+0000] {logging_mixin.py:190} INFO - [2026-06-07T15:48:38.617+0000] {dagbag.py:587} INFO - Filling up the DagBag from /opt/airflow/dags/process_reviews_dag.py
[2026-06-07T15:48:39.510+0000] {processor.py:927} WARNING - No viable dags retrieved from /opt/airflow/dags/process_reviews_dag.py
[2026-06-07T15:48:39.523+0000] {processor.py:208} INFO - Processing /opt/airflow/dags/process_reviews_dag.py took 0.930 seconds
[2026-06-07T15:49:10.012+0000] {processor.py:186} INFO - Started process (PID=103) to work on /opt/airflow/dags/process_reviews_dag.py
[2026-06-07T15:49:10.015+0000] {processor.py:914} INFO - Processing file /opt/airflow/dags/process_reviews_dag.py for tasks to queue
[2026-06-07T15:49:10.025+0000] {logging_mixin.py:190} INFO - [2026-06-07T15:49:10.023+0000] {dagbag.py:587} INFO - Filling up the DagBag from /opt/airflow/dags/process_reviews_dag.py
[2026-06-07T15:49:10.748+0000] {processor.py:927} WARNING - No viable dags retrieved from /opt/airflow/dags/process_reviews_dag.py
[2026-06-07T15:49:10.757+0000] {processor.py:208} INFO - Processing /opt/airflow/dags/process_reviews_dag.py took 0.763 seconds
[2026-06-07T15:49:41.142+0000] {processor.py:186} INFO - Started process (PID=105) to work on /opt/airflow/dags/process_reviews_dag.py
[2026-06-07T15:49:41.144+0000] {processor.py:914} INFO - Processing file /opt/airflow/dags/process_reviews_dag.py for tasks to queue
[2026-06-07T15:49:41.150+0000] {logging_mixin.py:190} INFO - [2026-06-07T15:49:41.149+0000] {dagbag.py:587} INFO - Filling up the DagBag from /opt/airflow/dags/process_reviews_dag.py
[2026-06-07T15:49:41.680+0000] {processor.py:927} WARNING - No viable dags retrieved from /opt/airflow/dags/process_reviews_dag.py
[2026-06-07T15:49:41.686+0000] {processor.py:208} INFO - Processing /opt/airflow/dags/process_reviews_dag.py took 0.553 seconds
[2026-06-07T15:50:12.117+0000] {processor.py:186} INFO - Started process (PID=107) to work on /opt/airflow/dags/process_reviews_dag.py
[2026-06-07T15:50:12.118+0000] {processor.py:914} INFO - Processing file /opt/airflow/dags/process_reviews_dag.py for tasks to queue
[2026-06-07T15:50:12.122+0000] {logging_mixin.py:190} INFO - [2026-06-07T15:50:12.121+0000] {dagbag.py:587} INFO - Filling up the DagBag from /opt/airflow/dags/process_reviews_dag.py
[2026-06-07T15:50:12.675+0000] {processor.py:927} WARNING - No viable dags retrieved from /opt/airflow/dags/process_reviews_dag.py
[2026-06-07T15:50:12.688+0000] {processor.py:208} INFO - Processing /opt/airflow/dags/process_reviews_dag.py took 0.577 seconds
[2026-06-07T15:50:43.100+0000] {processor.py:186} INFO - Started process (PID=109) to work on /opt/airflow/dags/process_reviews_dag.py
[2026-06-07T15:50:43.102+0000] {processor.py:914} INFO - Processing file /opt/airflow/dags/process_reviews_dag.py for tasks to queue
[2026-06-07T15:50:43.106+0000] {logging_mixin.py:190} INFO - [2026-06-07T15:50:43.106+0000] {dagbag.py:587} INFO - Filling up the DagBag from /opt/airflow/dags/process_reviews_dag.py
[2026-06-07T15:50:43.701+0000] {processor.py:927} WARNING - No viable dags retrieved from /opt/airflow/dags/process_reviews_dag.py
[2026-06-07T15:50:43.708+0000] {processor.py:208} INFO - Processing /opt/airflow/dags/process_reviews_dag.py took 0.615 seconds
[2026-06-07T15:51:14.143+0000] {processor.py:186} INFO - Started process (PID=111) to work on /opt/airflow/dags/process_reviews_dag.py
[2026-06-07T15:51:14.144+0000] {processor.py:914} INFO - Processing file /opt/airflow/dags/process_reviews_dag.py for tasks to queue
[2026-06-07T15:51:14.147+0000] {logging_mixin.py:190} INFO - [2026-06-07T15:51:14.147+0000] {dagbag.py:587} INFO - Filling up the DagBag from /opt/airflow/dags/process_reviews_dag.py
[2026-06-07T15:51:14.610+0000] {processor.py:927} WARNING - No viable dags retrieved from /opt/airflow/dags/process_reviews_dag.py
[2026-06-07T15:51:14.619+0000] {processor.py:208} INFO - Processing /opt/airflow/dags/process_reviews_dag.py took 0.484 seconds
[2026-06-07T15:51:45.089+0000] {processor.py:186} INFO - Started process (PID=113) to work on /opt/airflow/dags/process_reviews_dag.py
[2026-06-07T15:51:45.091+0000] {processor.py:914} INFO - Processing file /opt/airflow/dags/process_reviews_dag.py for tasks to queue
[2026-06-07T15:51:45.095+0000] {logging_mixin.py:190} INFO - [2026-06-07T15:51:45.095+0000] {dagbag.py:587} INFO - Filling up the DagBag from /opt/airflow/dags/process_reviews_dag.py
[2026-06-07T15:51:45.784+0000] {processor.py:927} WARNING - No viable dags retrieved from /opt/airflow/dags/process_reviews_dag.py
[2026-06-07T15:51:45.798+0000] {processor.py:208} INFO - Processing /opt/airflow/dags/process_reviews_dag.py took 0.717 seconds
[2026-06-07T15:52:16.068+0000] {processor.py:186} INFO - Started process (PID=115) to work on /opt/airflow/dags/process_reviews_dag.py
[2026-06-07T15:52:16.070+0000] {processor.py:914} INFO - Processing file /opt/airflow/dags/process_reviews_dag.py for tasks to queue
[2026-06-07T15:52:16.077+0000] {logging_mixin.py:190} INFO - [2026-06-07T15:52:16.076+0000] {dagbag.py:587} INFO - Filling up the DagBag from /opt/airflow/dags/process_reviews_dag.py
[2026-06-07T15:52:16.712+0000] {processor.py:927} WARNING - No viable dags retrieved from /opt/airflow/dags/process_reviews_dag.py
[2026-06-07T15:52:16.722+0000] {processor.py:208} INFO - Processing /opt/airflow/dags/process_reviews_dag.py took 0.662 seconds
[2026-06-07T15:52:46.929+0000] {processor.py:186} INFO - Started process (PID=117) to work on /opt/airflow/dags/process_reviews_dag.py
[2026-06-07T15:52:46.931+0000] {processor.py:914} INFO - Processing file /opt/airflow/dags/process_reviews_dag.py for tasks to queue
[2026-06-07T15:52:46.934+0000] {logging_mixin.py:190} INFO - [2026-06-07T15:52:46.934+0000] {dagbag.py:587} INFO - Filling up the DagBag from /opt/airflow/dags/process_reviews_dag.py
[2026-06-07T15:52:47.585+0000] {processor.py:927} WARNING - No viable dags retrieved from /opt/airflow/dags/process_reviews_dag.py
[2026-06-07T15:52:47.597+0000] {processor.py:208} INFO - Processing /opt/airflow/dags/process_reviews_dag.py took 0.677 seconds
[2026-06-07T15:53:17.797+0000] {processor.py:186} INFO - Started process (PID=119) to work on /opt/airflow/dags/process_reviews_dag.py
[2026-06-07T15:53:17.800+0000] {processor.py:914} INFO - Processing file /opt/airflow/dags/process_reviews_dag.py for tasks to queue
[2026-06-07T15:53:17.806+0000] {logging_mixin.py:190} INFO - [2026-06-07T15:53:17.805+0000] {dagbag.py:587} INFO - Filling up the DagBag from /opt/airflow/dags/process_reviews_dag.py
[2026-06-07T15:53:18.351+0000] {processor.py:925} INFO - DAG(s) 'process_reviews_dag' retrieved from /opt/airflow/dags/process_reviews_dag.py
[2026-06-07T15:53:18.540+0000] {logging_mixin.py:190} INFO - [2026-06-07T15:53:18.540+0000] {override.py:1858} INFO - Created Permission View: can edit on DAG:process_reviews_dag
[2026-06-07T15:53:18.556+0000] {logging_mixin.py:190} INFO - [2026-06-07T15:53:18.556+0000] {override.py:1858} INFO - Created Permission View: can read on DAG:process_reviews_dag
[2026-06-07T15:53:18.567+0000] {logging_mixin.py:190} INFO - [2026-06-07T15:53:18.566+0000] {override.py:1858} INFO - Created Permission View: can delete on DAG:process_reviews_dag
[2026-06-07T15:53:18.568+0000] {logging_mixin.py:190} INFO - [2026-06-07T15:53:18.567+0000] {dag.py:3211} INFO - Sync 1 DAGs
[2026-06-07T15:53:18.579+0000] {logging_mixin.py:190} INFO - [2026-06-07T15:53:18.579+0000] {dag.py:3234} INFO - Creating ORM DAG for process_reviews_dag
[2026-06-07T15:53:18.580+0000] {logging_mixin.py:190} INFO - [2026-06-07T15:53:18.580+0000] {dag.py:4138} INFO - Setting next_dagrun for process_reviews_dag to None, run_after=None
[2026-06-07T15:53:18.615+0000] {processor.py:208} INFO - Processing /opt/airflow/dags/process_reviews_dag.py took 0.825 seconds
[2026-06-07T15:53:48.864+0000] {processor.py:186} INFO - Started process (PID=141) to work on /opt/airflow/dags/process_reviews_dag.py
[2026-06-07T15:53:48.866+0000] {processor.py:914} INFO - Processing file /opt/airflow/dags/process_reviews_dag.py for tasks to queue
[2026-06-07T15:53:48.869+0000] {logging_mixin.py:190} INFO - [2026-06-07T15:53:48.869+0000] {dagbag.py:587} INFO - Filling up the DagBag from /opt/airflow/dags/process_reviews_dag.py
[2026-06-07T15:53:49.430+0000] {processor.py:925} INFO - DAG(s) 'process_reviews_dag' retrieved from /opt/airflow/dags/process_reviews_dag.py
[2026-06-07T15:53:49.451+0000] {logging_mixin.py:190} INFO - [2026-06-07T15:53:49.451+0000] {dag.py:3211} INFO - Sync 1 DAGs
[2026-06-07T15:53:49.464+0000] {logging_mixin.py:190} INFO - [2026-06-07T15:53:49.464+0000] {dag.py:4138} INFO - Setting next_dagrun for process_reviews_dag to None, run_after=None
[2026-06-07T15:53:49.500+0000] {processor.py:208} INFO - Processing /opt/airflow/dags/process_reviews_dag.py took 0.643 seconds
[2026-06-07T15:54:19.726+0000] {processor.py:186} INFO - Started process (PID=164) to work on /opt/airflow/dags/process_reviews_dag.py
[2026-06-07T15:54:19.728+0000] {processor.py:914} INFO - Processing file /opt/airflow/dags/process_reviews_dag.py for tasks to queue
[2026-06-07T15:54:19.733+0000] {logging_mixin.py:190} INFO - [2026-06-07T15:54:19.732+0000] {dagbag.py:587} INFO - Filling up the DagBag from /opt/airflow/dags/process_reviews_dag.py
[2026-06-07T15:54:20.314+0000] {processor.py:925} INFO - DAG(s) 'process_reviews_dag' retrieved from /opt/airflow/dags/process_reviews_dag.py
[2026-06-07T15:54:20.335+0000] {logging_mixin.py:190} INFO - [2026-06-07T15:54:20.335+0000] {dag.py:3211} INFO - Sync 1 DAGs
[2026-06-07T15:54:20.350+0000] {logging_mixin.py:190} INFO - [2026-06-07T15:54:20.350+0000] {dag.py:4138} INFO - Setting next_dagrun for process_reviews_dag to None, run_after=None
[2026-06-07T15:54:20.387+0000] {processor.py:208} INFO - Processing /opt/airflow/dags/process_reviews_dag.py took 0.669 seconds
[2026-06-07T15:54:50.562+0000] {processor.py:186} INFO - Started process (PID=166) to work on /opt/airflow/dags/process_reviews_dag.py
[2026-06-07T15:54:50.563+0000] {processor.py:914} INFO - Processing file /opt/airflow/dags/process_reviews_dag.py for tasks to queue
[2026-06-07T15:54:50.567+0000] {logging_mixin.py:190} INFO - [2026-06-07T15:54:50.566+0000] {dagbag.py:587} INFO - Filling up the DagBag from /opt/airflow/dags/process_reviews_dag.py
[2026-06-07T15:54:51.129+0000] {processor.py:925} INFO - DAG(s) 'process_reviews_dag' retrieved from /opt/airflow/dags/process_reviews_dag.py
[2026-06-07T15:54:51.158+0000] {logging_mixin.py:190} INFO - [2026-06-07T15:54:51.158+0000] {dag.py:3211} INFO - Sync 1 DAGs
[2026-06-07T15:54:51.175+0000] {logging_mixin.py:190} INFO - [2026-06-07T15:54:51.175+0000] {dag.py:4138} INFO - Setting next_dagrun for process_reviews_dag to None, run_after=None
[2026-06-07T15:54:51.204+0000] {processor.py:208} INFO - Processing /opt/airflow/dags/process_reviews_dag.py took 0.649 seconds
[2026-06-07T16:16:55.550+0000] {processor.py:186} INFO - Started process (PID=52) to work on /opt/airflow/dags/process_reviews_dag.py
[2026-06-07T16:16:55.556+0000] {processor.py:914} INFO - Processing file /opt/airflow/dags/process_reviews_dag.py for tasks to queue
[2026-06-07T16:16:55.595+0000] {logging_mixin.py:190} INFO - [2026-06-07T16:16:55.593+0000] {dagbag.py:587} INFO - Filling up the DagBag from /opt/airflow/dags/process_reviews_dag.py
[2026-06-07T16:16:59.213+0000] {processor.py:925} INFO - DAG(s) 'process_reviews_dag' retrieved from /opt/airflow/dags/process_reviews_dag.py
[2026-06-07T16:16:59.431+0000] {logging_mixin.py:190} INFO - [2026-06-07T16:16:59.429+0000] {override.py:1858} INFO - Created Permission View: can read on DAG:process_reviews_dag
[2026-06-07T16:16:59.455+0000] {logging_mixin.py:190} INFO - [2026-06-07T16:16:59.454+0000] {override.py:1858} INFO - Created Permission View: can edit on DAG:process_reviews_dag
[2026-06-07T16:16:59.472+0000] {logging_mixin.py:190} INFO - [2026-06-07T16:16:59.472+0000] {override.py:1858} INFO - Created Permission View: can delete on DAG:process_reviews_dag
[2026-06-07T16:16:59.473+0000] {logging_mixin.py:190} INFO - [2026-06-07T16:16:59.473+0000] {dag.py:3211} INFO - Sync 1 DAGs
[2026-06-07T16:16:59.494+0000] {logging_mixin.py:190} INFO - [2026-06-07T16:16:59.493+0000] {dag.py:3234} INFO - Creating ORM DAG for process_reviews_dag
[2026-06-07T16:16:59.497+0000] {logging_mixin.py:190} INFO - [2026-06-07T16:16:59.496+0000] {dag.py:4138} INFO - Setting next_dagrun for process_reviews_dag to None, run_after=None
[2026-06-07T16:16:59.556+0000] {processor.py:208} INFO - Processing /opt/airflow/dags/process_reviews_dag.py took 4.037 seconds
[2026-06-07T16:17:29.808+0000] {processor.py:186} INFO - Started process (PID=73) to work on /opt/airflow/dags/process_reviews_dag.py
[2026-06-07T16:17:29.813+0000] {processor.py:914} INFO - Processing file /opt/airflow/dags/process_reviews_dag.py for tasks to queue
[2026-06-07T16:17:29.820+0000] {logging_mixin.py:190} INFO - [2026-06-07T16:17:29.819+0000] {dagbag.py:587} INFO - Filling up the DagBag from /opt/airflow/dags/process_reviews_dag.py
[2026-06-07T16:17:30.901+0000] {processor.py:925} INFO - DAG(s) 'process_reviews_dag' retrieved from /opt/airflow/dags/process_reviews_dag.py
[2026-06-07T16:17:30.938+0000] {logging_mixin.py:190} INFO - [2026-06-07T16:17:30.938+0000] {dag.py:3211} INFO - Sync 1 DAGs
[2026-06-07T16:17:30.954+0000] {logging_mixin.py:190} INFO - [2026-06-07T16:17:30.953+0000] {dag.py:4138} INFO - Setting next_dagrun for process_reviews_dag to None, run_after=None
[2026-06-07T16:17:30.987+0000] {processor.py:208} INFO - Processing /opt/airflow/dags/process_reviews_dag.py took 1.204 seconds
[2026-06-07T16:18:01.455+0000] {processor.py:186} INFO - Started process (PID=75) to work on /opt/airflow/dags/process_reviews_dag.py
[2026-06-07T16:18:01.459+0000] {processor.py:914} INFO - Processing file /opt/airflow/dags/process_reviews_dag.py for tasks to queue
[2026-06-07T16:18:01.464+0000] {logging_mixin.py:190} INFO - [2026-06-07T16:18:01.463+0000] {dagbag.py:587} INFO - Filling up the DagBag from /opt/airflow/dags/process_reviews_dag.py
[2026-06-07T16:18:02.022+0000] {processor.py:925} INFO - DAG(s) 'process_reviews_dag' retrieved from /opt/airflow/dags/process_reviews_dag.py
[2026-06-07T16:18:02.039+0000] {logging_mixin.py:190} INFO - [2026-06-07T16:18:02.039+0000] {dag.py:3211} INFO - Sync 1 DAGs
[2026-06-07T16:18:02.050+0000] {logging_mixin.py:190} INFO - [2026-06-07T16:18:02.050+0000] {dag.py:4138} INFO - Setting next_dagrun for process_reviews_dag to None, run_after=None
[2026-06-07T16:18:02.081+0000] {processor.py:208} INFO - Processing /opt/airflow/dags/process_reviews_dag.py took 0.640 seconds
[2026-06-07T16:18:32.498+0000] {processor.py:186} INFO - Started process (PID=77) to work on /opt/airflow/dags/process_reviews_dag.py
[2026-06-07T16:18:32.500+0000] {processor.py:914} INFO - Processing file /opt/airflow/dags/process_reviews_dag.py for tasks to queue
[2026-06-07T16:18:32.504+0000] {logging_mixin.py:190} INFO - [2026-06-07T16:18:32.503+0000] {dagbag.py:587} INFO - Filling up the DagBag from /opt/airflow/dags/process_reviews_dag.py
[2026-06-07T16:18:33.015+0000] {processor.py:925} INFO - DAG(s) 'process_reviews_dag' retrieved from /opt/airflow/dags/process_reviews_dag.py
[2026-06-07T16:18:33.032+0000] {logging_mixin.py:190} INFO - [2026-06-07T16:18:33.031+0000] {dag.py:3211} INFO - Sync 1 DAGs
[2026-06-07T16:18:33.042+0000] {logging_mixin.py:190} INFO - [2026-06-07T16:18:33.041+0000] {dag.py:4138} INFO - Setting next_dagrun for process_reviews_dag to None, run_after=None
[2026-06-07T16:18:33.069+0000] {processor.py:208} INFO - Processing /opt/airflow/dags/process_reviews_dag.py took 0.578 seconds
[2026-06-07T16:19:03.452+0000] {processor.py:186} INFO - Started process (PID=79) to work on /opt/airflow/dags/process_reviews_dag.py
[2026-06-07T16:19:03.454+0000] {processor.py:914} INFO - Processing file /opt/airflow/dags/process_reviews_dag.py for tasks to queue
[2026-06-07T16:19:03.458+0000] {logging_mixin.py:190} INFO - [2026-06-07T16:19:03.457+0000] {dagbag.py:587} INFO - Filling up the DagBag from /opt/airflow/dags/process_reviews_dag.py
[2026-06-07T16:19:04.541+0000] {processor.py:925} INFO - DAG(s) 'process_reviews_dag' retrieved from /opt/airflow/dags/process_reviews_dag.py
[2026-06-07T16:19:04.577+0000] {logging_mixin.py:190} INFO - [2026-06-07T16:19:04.577+0000] {dag.py:3211} INFO - Sync 1 DAGs
[2026-06-07T16:19:04.601+0000] {logging_mixin.py:190} INFO - [2026-06-07T16:19:04.600+0000] {dag.py:4138} INFO - Setting next_dagrun for process_reviews_dag to None, run_after=None
[2026-06-07T16:19:04.646+0000] {processor.py:208} INFO - Processing /opt/airflow/dags/process_reviews_dag.py took 1.202 seconds
[2026-06-07T16:19:35.110+0000] {processor.py:186} INFO - Started process (PID=83) to work on /opt/airflow/dags/process_reviews_dag.py
[2026-06-07T16:19:35.112+0000] {processor.py:914} INFO - Processing file /opt/airflow/dags/process_reviews_dag.py for tasks to queue
[2026-06-07T16:19:35.115+0000] {logging_mixin.py:190} INFO - [2026-06-07T16:19:35.115+0000] {dagbag.py:587} INFO - Filling up the DagBag from /opt/airflow/dags/process_reviews_dag.py
[2026-06-07T16:19:36.378+0000] {processor.py:925} INFO - DAG(s) 'process_reviews_dag' retrieved from /opt/airflow/dags/process_reviews_dag.py
[2026-06-07T16:19:36.416+0000] {logging_mixin.py:190} INFO - [2026-06-07T16:19:36.415+0000] {dag.py:3211} INFO - Sync 1 DAGs
[2026-06-07T16:19:36.439+0000] {logging_mixin.py:190} INFO - [2026-06-07T16:19:36.439+0000] {dag.py:4138} INFO - Setting next_dagrun for process_reviews_dag to None, run_after=None
[2026-06-07T16:19:36.481+0000] {processor.py:208} INFO - Processing /opt/airflow/dags/process_reviews_dag.py took 1.379 seconds
[2026-06-07T16:20:06.681+0000] {processor.py:186} INFO - Started process (PID=85) to work on /opt/airflow/dags/process_reviews_dag.py
[2026-06-07T16:20:06.683+0000] {processor.py:914} INFO - Processing file /opt/airflow/dags/process_reviews_dag.py for tasks to queue
[2026-06-07T16:20:06.686+0000] {logging_mixin.py:190} INFO - [2026-06-07T16:20:06.686+0000] {dagbag.py:587} INFO - Filling up the DagBag from /opt/airflow/dags/process_reviews_dag.py
[2026-06-07T16:20:07.290+0000] {processor.py:925} INFO - DAG(s) 'process_reviews_dag' retrieved from /opt/airflow/dags/process_reviews_dag.py
[2026-06-07T16:20:07.309+0000] {logging_mixin.py:190} INFO - [2026-06-07T16:20:07.308+0000] {dag.py:3211} INFO - Sync 1 DAGs
[2026-06-07T16:20:07.321+0000] {logging_mixin.py:190} INFO - [2026-06-07T16:20:07.321+0000] {dag.py:4138} INFO - Setting next_dagrun for process_reviews_dag to None, run_after=None
[2026-06-07T16:20:07.358+0000] {processor.py:208} INFO - Processing /opt/airflow/dags/process_reviews_dag.py took 0.687 seconds
[2026-06-07T16:20:37.617+0000] {processor.py:186} INFO - Started process (PID=87) to work on /opt/airflow/dags/process_reviews_dag.py
[2026-06-07T16:20:37.618+0000] {processor.py:914} INFO - Processing file /opt/airflow/dags/process_reviews_dag.py for tasks to queue
[2026-06-07T16:20:37.621+0000] {logging_mixin.py:190} INFO - [2026-06-07T16:20:37.620+0000] {dagbag.py:587} INFO - Filling up the DagBag from /opt/airflow/dags/process_reviews_dag.py
[2026-06-07T16:20:38.144+0000] {processor.py:925} INFO - DAG(s) 'process_reviews_dag' retrieved from /opt/airflow/dags/process_reviews_dag.py
[2026-06-07T16:20:38.167+0000] {logging_mixin.py:190} INFO - [2026-06-07T16:20:38.167+0000] {dag.py:3211} INFO - Sync 1 DAGs
[2026-06-07T16:20:38.183+0000] {logging_mixin.py:190} INFO - [2026-06-07T16:20:38.182+0000] {dag.py:4138} INFO - Setting next_dagrun for process_reviews_dag to None, run_after=None
[2026-06-07T16:20:38.214+0000] {processor.py:208} INFO - Processing /opt/airflow/dags/process_reviews_dag.py took 0.602 seconds
[2026-06-07T16:21:08.523+0000] {processor.py:186} INFO - Started process (PID=89) to work on /opt/airflow/dags/process_reviews_dag.py
[2026-06-07T16:21:08.525+0000] {processor.py:914} INFO - Processing file /opt/airflow/dags/process_reviews_dag.py for tasks to queue
[2026-06-07T16:21:08.529+0000] {logging_mixin.py:190} INFO - [2026-06-07T16:21:08.528+0000] {dagbag.py:587} INFO - Filling up the DagBag from /opt/airflow/dags/process_reviews_dag.py
[2026-06-07T16:21:09.122+0000] {processor.py:925} INFO - DAG(s) 'process_reviews_dag' retrieved from /opt/airflow/dags/process_reviews_dag.py
[2026-06-07T16:21:09.139+0000] {logging_mixin.py:190} INFO - [2026-06-07T16:21:09.139+0000] {dag.py:3211} INFO - Sync 1 DAGs
[2026-06-07T16:21:09.149+0000] {logging_mixin.py:190} INFO - [2026-06-07T16:21:09.149+0000] {dag.py:4138} INFO - Setting next_dagrun for process_reviews_dag to None, run_after=None
[2026-06-07T16:21:09.179+0000] {processor.py:208} INFO - Processing /opt/airflow/dags/process_reviews_dag.py took 0.664 seconds
[2026-06-07T16:21:39.383+0000] {processor.py:186} INFO - Started process (PID=91) to work on /opt/airflow/dags/process_reviews_dag.py
[2026-06-07T16:21:39.385+0000] {processor.py:914} INFO - Processing file /opt/airflow/dags/process_reviews_dag.py for tasks to queue
[2026-06-07T16:21:39.388+0000] {logging_mixin.py:190} INFO - [2026-06-07T16:21:39.388+0000] {dagbag.py:587} INFO - Filling up the DagBag from /opt/airflow/dags/process_reviews_dag.py
[2026-06-07T16:21:40.380+0000] {processor.py:925} INFO - DAG(s) 'process_reviews_dag' retrieved from /opt/airflow/dags/process_reviews_dag.py
[2026-06-07T16:21:40.414+0000] {logging_mixin.py:190} INFO - [2026-06-07T16:21:40.414+0000] {dag.py:3211} INFO - Sync 1 DAGs
[2026-06-07T16:21:40.435+0000] {logging_mixin.py:190} INFO - [2026-06-07T16:21:40.435+0000] {dag.py:4138} INFO - Setting next_dagrun for process_reviews_dag to None, run_after=None
[2026-06-07T16:21:40.505+0000] {processor.py:208} INFO - Processing /opt/airflow/dags/process_reviews_dag.py took 1.130 seconds
[2026-06-07T16:22:10.754+0000] {processor.py:186} INFO - Started process (PID=94) to work on /opt/airflow/dags/process_reviews_dag.py
[2026-06-07T16:22:10.755+0000] {processor.py:914} INFO - Processing file /opt/airflow/dags/process_reviews_dag.py for tasks to queue
[2026-06-07T16:22:10.759+0000] {logging_mixin.py:190} INFO - [2026-06-07T16:22:10.758+0000] {dagbag.py:587} INFO - Filling up the DagBag from /opt/airflow/dags/process_reviews_dag.py
[2026-06-07T16:22:11.719+0000] {processor.py:925} INFO - DAG(s) 'process_reviews_dag' retrieved from /opt/airflow/dags/process_reviews_dag.py
[2026-06-07T16:22:11.749+0000] {logging_mixin.py:190} INFO - [2026-06-07T16:22:11.749+0000] {dag.py:3211} INFO - Sync 1 DAGs
[2026-06-07T16:22:11.768+0000] {logging_mixin.py:190} INFO - [2026-06-07T16:22:11.767+0000] {dag.py:4138} INFO - Setting next_dagrun for process_reviews_dag to None, run_after=None
[2026-06-07T16:22:11.807+0000] {processor.py:208} INFO - Processing /opt/airflow/dags/process_reviews_dag.py took 1.061 seconds
[2026-06-07T16:22:41.994+0000] {processor.py:186} INFO - Started process (PID=96) to work on /opt/airflow/dags/process_reviews_dag.py
[2026-06-07T16:22:41.997+0000] {processor.py:914} INFO - Processing file /opt/airflow/dags/process_reviews_dag.py for tasks to queue
[2026-06-07T16:22:42.000+0000] {logging_mixin.py:190} INFO - [2026-06-07T16:22:41.999+0000] {dagbag.py:587} INFO - Filling up the DagBag from /opt/airflow/dags/process_reviews_dag.py
[2026-06-07T16:22:42.472+0000] {processor.py:925} INFO - DAG(s) 'process_reviews_dag' retrieved from /opt/airflow/dags/process_reviews_dag.py
[2026-06-07T16:22:42.488+0000] {logging_mixin.py:190} INFO - [2026-06-07T16:22:42.488+0000] {dag.py:3211} INFO - Sync 1 DAGs
[2026-06-07T16:22:42.498+0000] {logging_mixin.py:190} INFO - [2026-06-07T16:22:42.497+0000] {dag.py:4138} INFO - Setting next_dagrun for process_reviews_dag to None, run_after=None
[2026-06-07T16:22:42.528+0000] {processor.py:208} INFO - Processing /opt/airflow/dags/process_reviews_dag.py took 0.540 seconds
[2026-06-07T16:23:12.714+0000] {processor.py:186} INFO - Started process (PID=98) to work on /opt/airflow/dags/process_reviews_dag.py
[2026-06-07T16:23:12.715+0000] {processor.py:914} INFO - Processing file /opt/airflow/dags/process_reviews_dag.py for tasks to queue
[2026-06-07T16:23:12.718+0000] {logging_mixin.py:190} INFO - [2026-06-07T16:23:12.718+0000] {dagbag.py:587} INFO - Filling up the DagBag from /opt/airflow/dags/process_reviews_dag.py
[2026-06-07T16:23:13.198+0000] {processor.py:925} INFO - DAG(s) 'process_reviews_dag' retrieved from /opt/airflow/dags/process_reviews_dag.py
[2026-06-07T16:23:13.214+0000] {logging_mixin.py:190} INFO - [2026-06-07T16:23:13.214+0000] {dag.py:3211} INFO - Sync 1 DAGs
[2026-06-07T16:23:13.225+0000] {logging_mixin.py:190} INFO - [2026-06-07T16:23:13.224+0000] {dag.py:4138} INFO - Setting next_dagrun for process_reviews_dag to None, run_after=None
[2026-06-07T16:23:13.251+0000] {processor.py:208} INFO - Processing /opt/airflow/dags/process_reviews_dag.py took 0.543 seconds
[2026-06-07T16:23:43.443+0000] {processor.py:186} INFO - Started process (PID=100) to work on /opt/airflow/dags/process_reviews_dag.py
[2026-06-07T16:23:43.445+0000] {processor.py:914} INFO - Processing file /opt/airflow/dags/process_reviews_dag.py for tasks to queue
[2026-06-07T16:23:43.447+0000] {logging_mixin.py:190} INFO - [2026-06-07T16:23:43.447+0000] {dagbag.py:587} INFO - Filling up the DagBag from /opt/airflow/dags/process_reviews_dag.py
[2026-06-07T16:23:43.907+0000] {processor.py:925} INFO - DAG(s) 'process_reviews_dag' retrieved from /opt/airflow/dags/process_reviews_dag.py
[2026-06-07T16:23:43.925+0000] {logging_mixin.py:190} INFO - [2026-06-07T16:23:43.924+0000] {dag.py:3211} INFO - Sync 1 DAGs
[2026-06-07T16:23:43.949+0000] {logging_mixin.py:190} INFO - [2026-06-07T16:23:43.949+0000] {dag.py:4138} INFO - Setting next_dagrun for process_reviews_dag to None, run_after=None
[2026-06-07T16:23:43.984+0000] {processor.py:208} INFO - Processing /opt/airflow/dags/process_reviews_dag.py took 0.546 seconds
[2026-06-07T16:24:14.174+0000] {processor.py:186} INFO - Started process (PID=102) to work on /opt/airflow/dags/process_reviews_dag.py
[2026-06-07T16:24:14.178+0000] {processor.py:914} INFO - Processing file /opt/airflow/dags/process_reviews_dag.py for tasks to queue
[2026-06-07T16:24:14.182+0000] {logging_mixin.py:190} INFO - [2026-06-07T16:24:14.182+0000] {dagbag.py:587} INFO - Filling up the DagBag from /opt/airflow/dags/process_reviews_dag.py
[2026-06-07T16:24:14.764+0000] {processor.py:925} INFO - DAG(s) 'process_reviews_dag' retrieved from /opt/airflow/dags/process_reviews_dag.py
[2026-06-07T16:24:14.793+0000] {logging_mixin.py:190} INFO - [2026-06-07T16:24:14.793+0000] {dag.py:3211} INFO - Sync 1 DAGs
[2026-06-07T16:24:14.808+0000] {logging_mixin.py:190} INFO - [2026-06-07T16:24:14.808+0000] {dag.py:4138} INFO - Setting next_dagrun for process_reviews_dag to None, run_after=None
[2026-06-07T16:24:14.845+0000] {processor.py:208} INFO - Processing /opt/airflow/dags/process_reviews_dag.py took 0.681 seconds
[2026-06-07T16:24:45.083+0000] {processor.py:186} INFO - Started process (PID=104) to work on /opt/airflow/dags/process_reviews_dag.py
[2026-06-07T16:24:45.084+0000] {processor.py:914} INFO - Processing file /opt/airflow/dags/process_reviews_dag.py for tasks to queue
[2026-06-07T16:24:45.089+0000] {logging_mixin.py:190} INFO - [2026-06-07T16:24:45.089+0000] {dagbag.py:587} INFO - Filling up the DagBag from /opt/airflow/dags/process_reviews_dag.py
[2026-06-07T16:24:45.565+0000] {processor.py:925} INFO - DAG(s) 'process_reviews_dag' retrieved from /opt/airflow/dags/process_reviews_dag.py
[2026-06-07T16:24:45.592+0000] {logging_mixin.py:190} INFO - [2026-06-07T16:24:45.592+0000] {dag.py:3211} INFO - Sync 1 DAGs
[2026-06-07T16:24:45.625+0000] {logging_mixin.py:190} INFO - [2026-06-07T16:24:45.625+0000] {dag.py:4138} INFO - Setting next_dagrun for process_reviews_dag to None, run_after=None
[2026-06-07T16:24:45.662+0000] {processor.py:208} INFO - Processing /opt/airflow/dags/process_reviews_dag.py took 0.584 seconds
[2026-06-07T16:25:15.879+0000] {processor.py:186} INFO - Started process (PID=106) to work on /opt/airflow/dags/process_reviews_dag.py
[2026-06-07T16:25:15.880+0000] {processor.py:914} INFO - Processing file /opt/airflow/dags/process_reviews_dag.py for tasks to queue
[2026-06-07T16:25:15.884+0000] {logging_mixin.py:190} INFO - [2026-06-07T16:25:15.883+0000] {dagbag.py:587} INFO - Filling up the DagBag from /opt/airflow/dags/process_reviews_dag.py
[2026-06-07T16:25:17.194+0000] {processor.py:925} INFO - DAG(s) 'process_reviews_dag' retrieved from /opt/airflow/dags/process_reviews_dag.py
[2026-06-07T16:25:17.235+0000] {logging_mixin.py:190} INFO - [2026-06-07T16:25:17.234+0000] {dag.py:3211} INFO - Sync 1 DAGs
[2026-06-07T16:25:17.259+0000] {logging_mixin.py:190} INFO - [2026-06-07T16:25:17.259+0000] {dag.py:4138} INFO - Setting next_dagrun for process_reviews_dag to None, run_after=None
[2026-06-07T16:25:17.303+0000] {processor.py:208} INFO - Processing /opt/airflow/dags/process_reviews_dag.py took 1.432 seconds
[2026-06-07T16:25:47.509+0000] {processor.py:186} INFO - Started process (PID=108) to work on /opt/airflow/dags/process_reviews_dag.py
[2026-06-07T16:25:47.510+0000] {processor.py:914} INFO - Processing file /opt/airflow/dags/process_reviews_dag.py for tasks to queue
[2026-06-07T16:25:47.514+0000] {logging_mixin.py:190} INFO - [2026-06-07T16:25:47.513+0000] {dagbag.py:587} INFO - Filling up the DagBag from /opt/airflow/dags/process_reviews_dag.py
[2026-06-07T16:25:47.969+0000] {processor.py:925} INFO - DAG(s) 'process_reviews_dag' retrieved from /opt/airflow/dags/process_reviews_dag.py
[2026-06-07T16:25:47.986+0000] {logging_mixin.py:190} INFO - [2026-06-07T16:25:47.986+0000] {dag.py:3211} INFO - Sync 1 DAGs
[2026-06-07T16:25:47.996+0000] {logging_mixin.py:190} INFO - [2026-06-07T16:25:47.995+0000] {dag.py:4138} INFO - Setting next_dagrun for process_reviews_dag to None, run_after=None
[2026-06-07T16:25:48.023+0000] {processor.py:208} INFO - Processing /opt/airflow/dags/process_reviews_dag.py took 0.521 seconds
[2026-06-07T16:26:30.288+0000] {processor.py:186} INFO - Started process (PID=143) to work on /opt/airflow/dags/process_reviews_dag.py
[2026-06-07T16:26:30.290+0000] {processor.py:914} INFO - Processing file /opt/airflow/dags/process_reviews_dag.py for tasks to queue
[2026-06-07T16:26:30.293+0000] {logging_mixin.py:190} INFO - [2026-06-07T16:26:30.293+0000] {dagbag.py:587} INFO - Filling up the DagBag from /opt/airflow/dags/process_reviews_dag.py
[2026-06-07T16:26:30.762+0000] {processor.py:925} INFO - DAG(s) 'process_reviews_dag' retrieved from /opt/airflow/dags/process_reviews_dag.py
[2026-06-07T16:26:30.778+0000] {logging_mixin.py:190} INFO - [2026-06-07T16:26:30.778+0000] {dag.py:3211} INFO - Sync 1 DAGs
[2026-06-07T16:26:30.788+0000] {logging_mixin.py:190} INFO - [2026-06-07T16:26:30.788+0000] {dag.py:4138} INFO - Setting next_dagrun for process_reviews_dag to None, run_after=None
[2026-06-07T16:26:30.815+0000] {processor.py:208} INFO - Processing /opt/airflow/dags/process_reviews_dag.py took 0.533 seconds
[2026-06-07T16:27:01.466+0000] {processor.py:186} INFO - Started process (PID=167) to work on /opt/airflow/dags/process_reviews_dag.py
[2026-06-07T16:27:01.468+0000] {processor.py:914} INFO - Processing file /opt/airflow/dags/process_reviews_dag.py for tasks to queue
[2026-06-07T16:27:01.476+0000] {logging_mixin.py:190} INFO - [2026-06-07T16:27:01.471+0000] {dagbag.py:587} INFO - Filling up the DagBag from /opt/airflow/dags/process_reviews_dag.py
[2026-06-07T16:27:01.982+0000] {processor.py:925} INFO - DAG(s) 'process_reviews_dag' retrieved from /opt/airflow/dags/process_reviews_dag.py
[2026-06-07T16:27:01.999+0000] {logging_mixin.py:190} INFO - [2026-06-07T16:27:01.999+0000] {dag.py:3211} INFO - Sync 1 DAGs
[2026-06-07T16:27:02.009+0000] {logging_mixin.py:190} INFO - [2026-06-07T16:27:02.009+0000] {dag.py:4138} INFO - Setting next_dagrun for process_reviews_dag to None, run_after=None
[2026-06-07T16:27:02.038+0000] {processor.py:208} INFO - Processing /opt/airflow/dags/process_reviews_dag.py took 0.579 seconds
[2026-06-07T16:27:09.293+0000] {processor.py:186} INFO - Started process (PID=169) to work on /opt/airflow/dags/process_reviews_dag.py
[2026-06-07T16:27:09.295+0000] {processor.py:914} INFO - Processing file /opt/airflow/dags/process_reviews_dag.py for tasks to queue
[2026-06-07T16:27:09.299+0000] {logging_mixin.py:190} INFO - [2026-06-07T16:27:09.298+0000] {dagbag.py:587} INFO - Filling up the DagBag from /opt/airflow/dags/process_reviews_dag.py
[2026-06-07T16:27:09.767+0000] {processor.py:925} INFO - DAG(s) 'process_reviews_dag' retrieved from /opt/airflow/dags/process_reviews_dag.py
[2026-06-07T16:27:09.783+0000] {logging_mixin.py:190} INFO - [2026-06-07T16:27:09.783+0000] {dag.py:3211} INFO - Sync 1 DAGs
[2026-06-07T16:27:09.793+0000] {logging_mixin.py:190} INFO - [2026-06-07T16:27:09.793+0000] {dag.py:4138} INFO - Setting next_dagrun for process_reviews_dag to None, run_after=None
[2026-06-07T16:27:09.830+0000] {processor.py:208} INFO - Processing /opt/airflow/dags/process_reviews_dag.py took 0.543 seconds
[2026-06-07T16:27:13.053+0000] {processor.py:186} INFO - Started process (PID=171) to work on /opt/airflow/dags/process_reviews_dag.py
[2026-06-07T16:27:13.055+0000] {processor.py:914} INFO - Processing file /opt/airflow/dags/process_reviews_dag.py for tasks to queue
[2026-06-07T16:27:13.059+0000] {logging_mixin.py:190} INFO - [2026-06-07T16:27:13.059+0000] {dagbag.py:587} INFO - Filling up the DagBag from /opt/airflow/dags/process_reviews_dag.py
[2026-06-07T16:27:13.661+0000] {processor.py:925} INFO - DAG(s) 'process_reviews_dag' retrieved from /opt/airflow/dags/process_reviews_dag.py
[2026-06-07T16:27:13.677+0000] {logging_mixin.py:190} INFO - [2026-06-07T16:27:13.677+0000] {dag.py:3211} INFO - Sync 1 DAGs
[2026-06-07T16:27:13.687+0000] {logging_mixin.py:190} INFO - [2026-06-07T16:27:13.687+0000] {dag.py:4138} INFO - Setting next_dagrun for process_reviews_dag to None, run_after=None
[2026-06-07T16:27:13.725+0000] {processor.py:208} INFO - Processing /opt/airflow/dags/process_reviews_dag.py took 0.680 seconds
[2026-06-07T16:27:44.350+0000] {processor.py:186} INFO - Started process (PID=173) to work on /opt/airflow/dags/process_reviews_dag.py
[2026-06-07T16:27:44.352+0000] {processor.py:914} INFO - Processing file /opt/airflow/dags/process_reviews_dag.py for tasks to queue
[2026-06-07T16:27:44.356+0000] {logging_mixin.py:190} INFO - [2026-06-07T16:27:44.356+0000] {dagbag.py:587} INFO - Filling up the DagBag from /opt/airflow/dags/process_reviews_dag.py
[2026-06-07T16:27:44.825+0000] {processor.py:925} INFO - DAG(s) 'process_reviews_dag' retrieved from /opt/airflow/dags/process_reviews_dag.py
[2026-06-07T16:27:44.843+0000] {logging_mixin.py:190} INFO - [2026-06-07T16:27:44.842+0000] {dag.py:3211} INFO - Sync 1 DAGs
[2026-06-07T16:27:44.853+0000] {logging_mixin.py:190} INFO - [2026-06-07T16:27:44.852+0000] {dag.py:4138} INFO - Setting next_dagrun for process_reviews_dag to None, run_after=None
[2026-06-07T16:27:44.882+0000] {processor.py:208} INFO - Processing /opt/airflow/dags/process_reviews_dag.py took 0.539 seconds
[2026-06-07T16:28:15.053+0000] {processor.py:186} INFO - Started process (PID=175) to work on /opt/airflow/dags/process_reviews_dag.py
[2026-06-07T16:28:15.054+0000] {processor.py:914} INFO - Processing file /opt/airflow/dags/process_reviews_dag.py for tasks to queue
[2026-06-07T16:28:15.057+0000] {logging_mixin.py:190} INFO - [2026-06-07T16:28:15.057+0000] {dagbag.py:587} INFO - Filling up the DagBag from /opt/airflow/dags/process_reviews_dag.py
[2026-06-07T16:28:15.477+0000] {processor.py:925} INFO - DAG(s) 'process_reviews_dag' retrieved from /opt/airflow/dags/process_reviews_dag.py
[2026-06-07T16:28:15.492+0000] {logging_mixin.py:190} INFO - [2026-06-07T16:28:15.492+0000] {dag.py:3211} INFO - Sync 1 DAGs
[2026-06-07T16:28:15.503+0000] {logging_mixin.py:190} INFO - [2026-06-07T16:28:15.502+0000] {dag.py:4138} INFO - Setting next_dagrun for process_reviews_dag to None, run_after=None
[2026-06-07T16:28:15.535+0000] {processor.py:208} INFO - Processing /opt/airflow/dags/process_reviews_dag.py took 0.488 seconds
[2026-06-07T16:28:45.693+0000] {processor.py:186} INFO - Started process (PID=177) to work on /opt/airflow/dags/process_reviews_dag.py
[2026-06-07T16:28:45.694+0000] {processor.py:914} INFO - Processing file /opt/airflow/dags/process_reviews_dag.py for tasks to queue
[2026-06-07T16:28:45.697+0000] {logging_mixin.py:190} INFO - [2026-06-07T16:28:45.697+0000] {dagbag.py:587} INFO - Filling up the DagBag from /opt/airflow/dags/process_reviews_dag.py
[2026-06-07T16:28:46.146+0000] {processor.py:925} INFO - DAG(s) 'process_reviews_dag' retrieved from /opt/airflow/dags/process_reviews_dag.py
[2026-06-07T16:28:46.162+0000] {logging_mixin.py:190} INFO - [2026-06-07T16:28:46.162+0000] {dag.py:3211} INFO - Sync 1 DAGs
[2026-06-07T16:28:46.171+0000] {logging_mixin.py:190} INFO - [2026-06-07T16:28:46.171+0000] {dag.py:4138} INFO - Setting next_dagrun for process_reviews_dag to None, run_after=None
[2026-06-07T16:28:46.199+0000] {processor.py:208} INFO - Processing /opt/airflow/dags/process_reviews_dag.py took 0.512 seconds
[2026-06-07T16:29:16.397+0000] {processor.py:186} INFO - Started process (PID=179) to work on /opt/airflow/dags/process_reviews_dag.py
[2026-06-07T16:29:16.399+0000] {processor.py:914} INFO - Processing file /opt/airflow/dags/process_reviews_dag.py for tasks to queue
[2026-06-07T16:29:16.402+0000] {logging_mixin.py:190} INFO - [2026-06-07T16:29:16.402+0000] {dagbag.py:587} INFO - Filling up the DagBag from /opt/airflow/dags/process_reviews_dag.py
[2026-06-07T16:29:16.847+0000] {processor.py:925} INFO - DAG(s) 'process_reviews_dag' retrieved from /opt/airflow/dags/process_reviews_dag.py
[2026-06-07T16:29:16.875+0000] {logging_mixin.py:190} INFO - [2026-06-07T16:29:16.875+0000] {dag.py:3211} INFO - Sync 1 DAGs
[2026-06-07T16:29:16.884+0000] {logging_mixin.py:190} INFO - [2026-06-07T16:29:16.884+0000] {dag.py:4138} INFO - Setting next_dagrun for process_reviews_dag to None, run_after=None
[2026-06-07T16:29:16.911+0000] {processor.py:208} INFO - Processing /opt/airflow/dags/process_reviews_dag.py took 0.520 seconds
[2026-06-07T16:29:47.133+0000] {processor.py:186} INFO - Started process (PID=181) to work on /opt/airflow/dags/process_reviews_dag.py
[2026-06-07T16:29:47.134+0000] {processor.py:914} INFO - Processing file /opt/airflow/dags/process_reviews_dag.py for tasks to queue
[2026-06-07T16:29:47.138+0000] {logging_mixin.py:190} INFO - [2026-06-07T16:29:47.137+0000] {dagbag.py:587} INFO - Filling up the DagBag from /opt/airflow/dags/process_reviews_dag.py
[2026-06-07T16:29:47.742+0000] {processor.py:925} INFO - DAG(s) 'process_reviews_dag' retrieved from /opt/airflow/dags/process_reviews_dag.py
[2026-06-07T16:29:47.762+0000] {logging_mixin.py:190} INFO - [2026-06-07T16:29:47.762+0000] {dag.py:3211} INFO - Sync 1 DAGs
[2026-06-07T16:29:47.774+0000] {logging_mixin.py:190} INFO - [2026-06-07T16:29:47.774+0000] {dag.py:4138} INFO - Setting next_dagrun for process_reviews_dag to None, run_after=None
[2026-06-07T16:29:47.806+0000] {processor.py:208} INFO - Processing /opt/airflow/dags/process_reviews_dag.py took 0.682 seconds
[2026-06-07T16:30:17.958+0000] {processor.py:186} INFO - Started process (PID=183) to work on /opt/airflow/dags/process_reviews_dag.py
[2026-06-07T16:30:17.960+0000] {processor.py:914} INFO - Processing file /opt/airflow/dags/process_reviews_dag.py for tasks to queue
[2026-06-07T16:30:17.964+0000] {logging_mixin.py:190} INFO - [2026-06-07T16:30:17.963+0000] {dagbag.py:587} INFO - Filling up the DagBag from /opt/airflow/dags/process_reviews_dag.py
[2026-06-07T16:30:18.449+0000] {processor.py:925} INFO - DAG(s) 'process_reviews_dag' retrieved from /opt/airflow/dags/process_reviews_dag.py
[2026-06-07T16:30:18.466+0000] {logging_mixin.py:190} INFO - [2026-06-07T16:30:18.465+0000] {dag.py:3211} INFO - Sync 1 DAGs
[2026-06-07T16:30:18.475+0000] {logging_mixin.py:190} INFO - [2026-06-07T16:30:18.475+0000] {dag.py:4138} INFO - Setting next_dagrun for process_reviews_dag to None, run_after=None
[2026-06-07T16:30:18.508+0000] {processor.py:208} INFO - Processing /opt/airflow/dags/process_reviews_dag.py took 0.559 seconds
[2026-06-07T16:30:48.663+0000] {processor.py:186} INFO - Started process (PID=185) to work on /opt/airflow/dags/process_reviews_dag.py
[2026-06-07T16:30:48.665+0000] {processor.py:914} INFO - Processing file /opt/airflow/dags/process_reviews_dag.py for tasks to queue
[2026-06-07T16:30:48.668+0000] {logging_mixin.py:190} INFO - [2026-06-07T16:30:48.668+0000] {dagbag.py:587} INFO - Filling up the DagBag from /opt/airflow/dags/process_reviews_dag.py
[2026-06-07T16:30:49.137+0000] {processor.py:925} INFO - DAG(s) 'process_reviews_dag' retrieved from /opt/airflow/dags/process_reviews_dag.py
[2026-06-07T16:30:49.153+0000] {logging_mixin.py:190} INFO - [2026-06-07T16:30:49.153+0000] {dag.py:3211} INFO - Sync 1 DAGs
[2026-06-07T16:30:49.163+0000] {logging_mixin.py:190} INFO - [2026-06-07T16:30:49.163+0000] {dag.py:4138} INFO - Setting next_dagrun for process_reviews_dag to None, run_after=None
[2026-06-07T16:30:49.193+0000] {processor.py:208} INFO - Processing /opt/airflow/dags/process_reviews_dag.py took 0.537 seconds
[2026-06-07T16:31:19.372+0000] {processor.py:186} INFO - Started process (PID=187) to work on /opt/airflow/dags/process_reviews_dag.py
[2026-06-07T16:31:19.376+0000] {processor.py:914} INFO - Processing file /opt/airflow/dags/process_reviews_dag.py for tasks to queue
[2026-06-07T16:31:19.385+0000] {logging_mixin.py:190} INFO - [2026-06-07T16:31:19.384+0000] {dagbag.py:587} INFO - Filling up the DagBag from /opt/airflow/dags/process_reviews_dag.py
[2026-06-07T16:31:20.236+0000] {processor.py:925} INFO - DAG(s) 'process_reviews_dag' retrieved from /opt/airflow/dags/process_reviews_dag.py
[2026-06-07T16:31:20.270+0000] {logging_mixin.py:190} INFO - [2026-06-07T16:31:20.270+0000] {dag.py:3211} INFO - Sync 1 DAGs
[2026-06-07T16:31:20.290+0000] {logging_mixin.py:190} INFO - [2026-06-07T16:31:20.290+0000] {dag.py:4138} INFO - Setting next_dagrun for process_reviews_dag to None, run_after=None
[2026-06-07T16:31:20.325+0000] {processor.py:208} INFO - Processing /opt/airflow/dags/process_reviews_dag.py took 0.963 seconds
[2026-06-07T16:31:50.494+0000] {processor.py:186} INFO - Started process (PID=189) to work on /opt/airflow/dags/process_reviews_dag.py
[2026-06-07T16:31:50.495+0000] {processor.py:914} INFO - Processing file /opt/airflow/dags/process_reviews_dag.py for tasks to queue
[2026-06-07T16:31:50.499+0000] {logging_mixin.py:190} INFO - [2026-06-07T16:31:50.498+0000] {dagbag.py:587} INFO - Filling up the DagBag from /opt/airflow/dags/process_reviews_dag.py
[2026-06-07T16:31:51.083+0000] {processor.py:925} INFO - DAG(s) 'process_reviews_dag' retrieved from /opt/airflow/dags/process_reviews_dag.py
[2026-06-07T16:31:51.106+0000] {logging_mixin.py:190} INFO - [2026-06-07T16:31:51.106+0000] {dag.py:3211} INFO - Sync 1 DAGs
[2026-06-07T16:31:51.121+0000] {logging_mixin.py:190} INFO - [2026-06-07T16:31:51.120+0000] {dag.py:4138} INFO - Setting next_dagrun for process_reviews_dag to None, run_after=None
[2026-06-07T16:31:51.157+0000] {processor.py:208} INFO - Processing /opt/airflow/dags/process_reviews_dag.py took 0.671 seconds
[2026-06-07T16:32:21.338+0000] {processor.py:186} INFO - Started process (PID=191) to work on /opt/airflow/dags/process_reviews_dag.py
[2026-06-07T16:32:21.341+0000] {processor.py:914} INFO - Processing file /opt/airflow/dags/process_reviews_dag.py for tasks to queue
[2026-06-07T16:32:21.346+0000] {logging_mixin.py:190} INFO - [2026-06-07T16:32:21.346+0000] {dagbag.py:587} INFO - Filling up the DagBag from /opt/airflow/dags/process_reviews_dag.py
[2026-06-07T16:32:21.969+0000] {processor.py:925} INFO - DAG(s) 'process_reviews_dag' retrieved from /opt/airflow/dags/process_reviews_dag.py
[2026-06-07T16:32:21.991+0000] {logging_mixin.py:190} INFO - [2026-06-07T16:32:21.991+0000] {dag.py:3211} INFO - Sync 1 DAGs
[2026-06-07T16:32:22.005+0000] {logging_mixin.py:190} INFO - [2026-06-07T16:32:22.004+0000] {dag.py:4138} INFO - Setting next_dagrun for process_reviews_dag to None, run_after=None
[2026-06-07T16:32:22.034+0000] {processor.py:208} INFO - Processing /opt/airflow/dags/process_reviews_dag.py took 0.706 seconds
[2026-06-07T16:32:52.292+0000] {processor.py:186} INFO - Started process (PID=193) to work on /opt/airflow/dags/process_reviews_dag.py
[2026-06-07T16:32:52.294+0000] {processor.py:914} INFO - Processing file /opt/airflow/dags/process_reviews_dag.py for tasks to queue
[2026-06-07T16:32:52.300+0000] {logging_mixin.py:190} INFO - [2026-06-07T16:32:52.299+0000] {dagbag.py:587} INFO - Filling up the DagBag from /opt/airflow/dags/process_reviews_dag.py
[2026-06-07T16:32:52.978+0000] {processor.py:925} INFO - DAG(s) 'process_reviews_dag' retrieved from /opt/airflow/dags/process_reviews_dag.py
[2026-06-07T16:32:53.006+0000] {logging_mixin.py:190} INFO - [2026-06-07T16:32:53.006+0000] {dag.py:3211} INFO - Sync 1 DAGs
[2026-06-07T16:32:53.022+0000] {logging_mixin.py:190} INFO - [2026-06-07T16:32:53.021+0000] {dag.py:4138} INFO - Setting next_dagrun for process_reviews_dag to None, run_after=None
[2026-06-07T16:32:53.059+0000] {processor.py:208} INFO - Processing /opt/airflow/dags/process_reviews_dag.py took 0.779 seconds
[2026-06-07T16:33:23.321+0000] {processor.py:186} INFO - Started process (PID=195) to work on /opt/airflow/dags/process_reviews_dag.py
[2026-06-07T16:33:23.323+0000] {processor.py:914} INFO - Processing file /opt/airflow/dags/process_reviews_dag.py for tasks to queue
[2026-06-07T16:33:23.329+0000] {logging_mixin.py:190} INFO - [2026-06-07T16:33:23.328+0000] {dagbag.py:587} INFO - Filling up the DagBag from /opt/airflow/dags/process_reviews_dag.py
[2026-06-07T16:33:24.018+0000] {processor.py:925} INFO - DAG(s) 'process_reviews_dag' retrieved from /opt/airflow/dags/process_reviews_dag.py
[2026-06-07T16:33:24.040+0000] {logging_mixin.py:190} INFO - [2026-06-07T16:33:24.040+0000] {dag.py:3211} INFO - Sync 1 DAGs
[2026-06-07T16:33:24.052+0000] {logging_mixin.py:190} INFO - [2026-06-07T16:33:24.052+0000] {dag.py:4138} INFO - Setting next_dagrun for process_reviews_dag to None, run_after=None
[2026-06-07T16:33:24.091+0000] {processor.py:208} INFO - Processing /opt/airflow/dags/process_reviews_dag.py took 0.781 seconds
[2026-06-07T16:33:54.328+0000] {processor.py:186} INFO - Started process (PID=197) to work on /opt/airflow/dags/process_reviews_dag.py
[2026-06-07T16:33:54.329+0000] {processor.py:914} INFO - Processing file /opt/airflow/dags/process_reviews_dag.py for tasks to queue
[2026-06-07T16:33:54.333+0000] {logging_mixin.py:190} INFO - [2026-06-07T16:33:54.332+0000] {dagbag.py:587} INFO - Filling up the DagBag from /opt/airflow/dags/process_reviews_dag.py
[2026-06-07T16:33:54.872+0000] {processor.py:925} INFO - DAG(s) 'process_reviews_dag' retrieved from /opt/airflow/dags/process_reviews_dag.py
[2026-06-07T16:33:54.889+0000] {logging_mixin.py:190} INFO - [2026-06-07T16:33:54.889+0000] {dag.py:3211} INFO - Sync 1 DAGs
[2026-06-07T16:33:54.902+0000] {logging_mixin.py:190} INFO - [2026-06-07T16:33:54.901+0000] {dag.py:4138} INFO - Setting next_dagrun for process_reviews_dag to None, run_after=None
[2026-06-07T16:33:54.939+0000] {processor.py:208} INFO - Processing /opt/airflow/dags/process_reviews_dag.py took 0.618 seconds
[2026-06-07T16:34:25.150+0000] {processor.py:186} INFO - Started process (PID=199) to work on /opt/airflow/dags/process_reviews_dag.py
[2026-06-07T16:34:25.152+0000] {processor.py:914} INFO - Processing file /opt/airflow/dags/process_reviews_dag.py for tasks to queue
[2026-06-07T16:34:25.155+0000] {logging_mixin.py:190} INFO - [2026-06-07T16:34:25.154+0000] {dagbag.py:587} INFO - Filling up the DagBag from /opt/airflow/dags/process_reviews_dag.py
[2026-06-07T16:34:25.659+0000] {processor.py:925} INFO - DAG(s) 'process_reviews_dag' retrieved from /opt/airflow/dags/process_reviews_dag.py
[2026-06-07T16:34:25.677+0000] {logging_mixin.py:190} INFO - [2026-06-07T16:34:25.677+0000] {dag.py:3211} INFO - Sync 1 DAGs
[2026-06-07T16:34:25.688+0000] {logging_mixin.py:190} INFO - [2026-06-07T16:34:25.687+0000] {dag.py:4138} INFO - Setting next_dagrun for process_reviews_dag to None, run_after=None
[2026-06-07T16:34:25.724+0000] {processor.py:208} INFO - Processing /opt/airflow/dags/process_reviews_dag.py took 0.580 seconds
[2026-06-07T16:34:55.887+0000] {processor.py:186} INFO - Started process (PID=201) to work on /opt/airflow/dags/process_reviews_dag.py
[2026-06-07T16:34:55.889+0000] {processor.py:914} INFO - Processing file /opt/airflow/dags/process_reviews_dag.py for tasks to queue
[2026-06-07T16:34:55.894+0000] {logging_mixin.py:190} INFO - [2026-06-07T16:34:55.893+0000] {dagbag.py:587} INFO - Filling up the DagBag from /opt/airflow/dags/process_reviews_dag.py
[2026-06-07T16:34:56.423+0000] {processor.py:925} INFO - DAG(s) 'process_reviews_dag' retrieved from /opt/airflow/dags/process_reviews_dag.py
[2026-06-07T16:34:56.440+0000] {logging_mixin.py:190} INFO - [2026-06-07T16:34:56.440+0000] {dag.py:3211} INFO - Sync 1 DAGs
[2026-06-07T16:34:56.451+0000] {logging_mixin.py:190} INFO - [2026-06-07T16:34:56.451+0000] {dag.py:4138} INFO - Setting next_dagrun for process_reviews_dag to None, run_after=None
[2026-06-07T16:34:56.483+0000] {processor.py:208} INFO - Processing /opt/airflow/dags/process_reviews_dag.py took 0.605 seconds
[2026-06-07T16:35:26.726+0000] {processor.py:186} INFO - Started process (PID=203) to work on /opt/airflow/dags/process_reviews_dag.py
[2026-06-07T16:35:26.727+0000] {processor.py:914} INFO - Processing file /opt/airflow/dags/process_reviews_dag.py for tasks to queue
[2026-06-07T16:35:26.730+0000] {logging_mixin.py:190} INFO - [2026-06-07T16:35:26.730+0000] {dagbag.py:587} INFO - Filling up the DagBag from /opt/airflow/dags/process_reviews_dag.py
[2026-06-07T16:35:27.303+0000] {processor.py:925} INFO - DAG(s) 'process_reviews_dag' retrieved from /opt/airflow/dags/process_reviews_dag.py
[2026-06-07T16:35:27.320+0000] {logging_mixin.py:190} INFO - [2026-06-07T16:35:27.320+0000] {dag.py:3211} INFO - Sync 1 DAGs
[2026-06-07T16:35:27.331+0000] {logging_mixin.py:190} INFO - [2026-06-07T16:35:27.331+0000] {dag.py:4138} INFO - Setting next_dagrun for process_reviews_dag to None, run_after=None
[2026-06-07T16:35:27.363+0000] {processor.py:208} INFO - Processing /opt/airflow/dags/process_reviews_dag.py took 0.643 seconds
[2026-06-07T16:35:57.538+0000] {processor.py:186} INFO - Started process (PID=205) to work on /opt/airflow/dags/process_reviews_dag.py
[2026-06-07T16:35:57.541+0000] {processor.py:914} INFO - Processing file /opt/airflow/dags/process_reviews_dag.py for tasks to queue
[2026-06-07T16:35:57.545+0000] {logging_mixin.py:190} INFO - [2026-06-07T16:35:57.544+0000] {dagbag.py:587} INFO - Filling up the DagBag from /opt/airflow/dags/process_reviews_dag.py
[2026-06-07T16:35:58.071+0000] {processor.py:925} INFO - DAG(s) 'process_reviews_dag' retrieved from /opt/airflow/dags/process_reviews_dag.py
[2026-06-07T16:35:58.093+0000] {logging_mixin.py:190} INFO - [2026-06-07T16:35:58.093+0000] {dag.py:3211} INFO - Sync 1 DAGs
[2026-06-07T16:35:58.105+0000] {logging_mixin.py:190} INFO - [2026-06-07T16:35:58.105+0000] {dag.py:4138} INFO - Setting next_dagrun for process_reviews_dag to None, run_after=None
[2026-06-07T16:35:58.138+0000] {processor.py:208} INFO - Processing /opt/airflow/dags/process_reviews_dag.py took 0.606 seconds
[2026-06-07T16:36:39.347+0000] {processor.py:186} INFO - Started process (PID=53) to work on /opt/airflow/dags/process_reviews_dag.py
[2026-06-07T16:36:39.349+0000] {processor.py:914} INFO - Processing file /opt/airflow/dags/process_reviews_dag.py for tasks to queue
[2026-06-07T16:36:39.355+0000] {logging_mixin.py:190} INFO - [2026-06-07T16:36:39.354+0000] {dagbag.py:587} INFO - Filling up the DagBag from /opt/airflow/dags/process_reviews_dag.py
[2026-06-07T16:36:40.116+0000] {processor.py:925} INFO - DAG(s) 'process_reviews_dag' retrieved from /opt/airflow/dags/process_reviews_dag.py
[2026-06-07T16:36:40.141+0000] {logging_mixin.py:190} INFO - [2026-06-07T16:36:40.141+0000] {dag.py:3211} INFO - Sync 1 DAGs
[2026-06-07T16:36:40.153+0000] {logging_mixin.py:190} INFO - [2026-06-07T16:36:40.153+0000] {dag.py:4138} INFO - Setting next_dagrun for process_reviews_dag to None, run_after=None
[2026-06-07T16:36:40.178+0000] {processor.py:208} INFO - Processing /opt/airflow/dags/process_reviews_dag.py took 0.847 seconds
[2026-06-07T16:37:10.269+0000] {processor.py:186} INFO - Started process (PID=75) to work on /opt/airflow/dags/process_reviews_dag.py
[2026-06-07T16:37:10.271+0000] {processor.py:914} INFO - Processing file /opt/airflow/dags/process_reviews_dag.py for tasks to queue
[2026-06-07T16:37:10.274+0000] {logging_mixin.py:190} INFO - [2026-06-07T16:37:10.273+0000] {dagbag.py:587} INFO - Filling up the DagBag from /opt/airflow/dags/process_reviews_dag.py
[2026-06-07T16:37:10.938+0000] {processor.py:925} INFO - DAG(s) 'process_reviews_dag' retrieved from /opt/airflow/dags/process_reviews_dag.py
[2026-06-07T16:37:10.965+0000] {logging_mixin.py:190} INFO - [2026-06-07T16:37:10.965+0000] {dag.py:3211} INFO - Sync 1 DAGs
[2026-06-07T16:37:10.981+0000] {logging_mixin.py:190} INFO - [2026-06-07T16:37:10.981+0000] {dag.py:4138} INFO - Setting next_dagrun for process_reviews_dag to None, run_after=None
[2026-06-07T16:37:11.014+0000] {processor.py:208} INFO - Processing /opt/airflow/dags/process_reviews_dag.py took 0.751 seconds
[2026-06-07T16:37:41.642+0000] {processor.py:186} INFO - Started process (PID=78) to work on /opt/airflow/dags/process_reviews_dag.py
[2026-06-07T16:37:41.644+0000] {processor.py:914} INFO - Processing file /opt/airflow/dags/process_reviews_dag.py for tasks to queue
[2026-06-07T16:37:41.647+0000] {logging_mixin.py:190} INFO - [2026-06-07T16:37:41.646+0000] {dagbag.py:587} INFO - Filling up the DagBag from /opt/airflow/dags/process_reviews_dag.py
[2026-06-07T16:37:42.163+0000] {processor.py:925} INFO - DAG(s) 'process_reviews_dag' retrieved from /opt/airflow/dags/process_reviews_dag.py
[2026-06-07T16:37:42.184+0000] {logging_mixin.py:190} INFO - [2026-06-07T16:37:42.183+0000] {dag.py:3211} INFO - Sync 1 DAGs
[2026-06-07T16:37:42.194+0000] {logging_mixin.py:190} INFO - [2026-06-07T16:37:42.194+0000] {dag.py:4138} INFO - Setting next_dagrun for process_reviews_dag to None, run_after=None
[2026-06-07T16:37:42.223+0000] {processor.py:208} INFO - Processing /opt/airflow/dags/process_reviews_dag.py took 0.587 seconds
[2026-06-07T16:38:12.983+0000] {processor.py:186} INFO - Started process (PID=81) to work on /opt/airflow/dags/process_reviews_dag.py
[2026-06-07T16:38:12.984+0000] {processor.py:914} INFO - Processing file /opt/airflow/dags/process_reviews_dag.py for tasks to queue
[2026-06-07T16:38:12.988+0000] {logging_mixin.py:190} INFO - [2026-06-07T16:38:12.988+0000] {dagbag.py:587} INFO - Filling up the DagBag from /opt/airflow/dags/process_reviews_dag.py
[2026-06-07T16:38:13.528+0000] {processor.py:925} INFO - DAG(s) 'process_reviews_dag' retrieved from /opt/airflow/dags/process_reviews_dag.py
[2026-06-07T16:38:13.545+0000] {logging_mixin.py:190} INFO - [2026-06-07T16:38:13.545+0000] {dag.py:3211} INFO - Sync 1 DAGs
[2026-06-07T16:38:13.557+0000] {logging_mixin.py:190} INFO - [2026-06-07T16:38:13.557+0000] {dag.py:4138} INFO - Setting next_dagrun for process_reviews_dag to None, run_after=None
[2026-06-07T16:38:13.589+0000] {processor.py:208} INFO - Processing /opt/airflow/dags/process_reviews_dag.py took 0.615 seconds
[2026-06-07T16:38:44.052+0000] {processor.py:186} INFO - Started process (PID=84) to work on /opt/airflow/dags/process_reviews_dag.py
[2026-06-07T16:38:44.054+0000] {processor.py:914} INFO - Processing file /opt/airflow/dags/process_reviews_dag.py for tasks to queue
[2026-06-07T16:38:44.058+0000] {logging_mixin.py:190} INFO - [2026-06-07T16:38:44.057+0000] {dagbag.py:587} INFO - Filling up the DagBag from /opt/airflow/dags/process_reviews_dag.py
[2026-06-07T16:38:44.591+0000] {processor.py:925} INFO - DAG(s) 'process_reviews_dag' retrieved from /opt/airflow/dags/process_reviews_dag.py
[2026-06-07T16:38:44.608+0000] {logging_mixin.py:190} INFO - [2026-06-07T16:38:44.608+0000] {dag.py:3211} INFO - Sync 1 DAGs
[2026-06-07T16:38:44.619+0000] {logging_mixin.py:190} INFO - [2026-06-07T16:38:44.619+0000] {dag.py:4138} INFO - Setting next_dagrun for process_reviews_dag to None, run_after=None
[2026-06-07T16:38:44.650+0000] {processor.py:208} INFO - Processing /opt/airflow/dags/process_reviews_dag.py took 0.605 seconds
[2026-06-07T16:39:15.148+0000] {processor.py:186} INFO - Started process (PID=87) to work on /opt/airflow/dags/process_reviews_dag.py
[2026-06-07T16:39:15.150+0000] {processor.py:914} INFO - Processing file /opt/airflow/dags/process_reviews_dag.py for tasks to queue
[2026-06-07T16:39:15.152+0000] {logging_mixin.py:190} INFO - [2026-06-07T16:39:15.152+0000] {dagbag.py:587} INFO - Filling up the DagBag from /opt/airflow/dags/process_reviews_dag.py
[2026-06-07T16:39:15.644+0000] {processor.py:925} INFO - DAG(s) 'process_reviews_dag' retrieved from /opt/airflow/dags/process_reviews_dag.py
[2026-06-07T16:39:15.664+0000] {logging_mixin.py:190} INFO - [2026-06-07T16:39:15.664+0000] {dag.py:3211} INFO - Sync 1 DAGs
[2026-06-07T16:39:15.677+0000] {logging_mixin.py:190} INFO - [2026-06-07T16:39:15.677+0000] {dag.py:4138} INFO - Setting next_dagrun for process_reviews_dag to None, run_after=None
[2026-06-07T16:39:15.705+0000] {processor.py:208} INFO - Processing /opt/airflow/dags/process_reviews_dag.py took 0.562 seconds
[2026-06-07T16:39:46.101+0000] {processor.py:186} INFO - Started process (PID=90) to work on /opt/airflow/dags/process_reviews_dag.py
[2026-06-07T16:39:46.102+0000] {processor.py:914} INFO - Processing file /opt/airflow/dags/process_reviews_dag.py for tasks to queue
[2026-06-07T16:39:46.105+0000] {logging_mixin.py:190} INFO - [2026-06-07T16:39:46.105+0000] {dagbag.py:587} INFO - Filling up the DagBag from /opt/airflow/dags/process_reviews_dag.py
[2026-06-07T16:39:46.606+0000] {processor.py:925} INFO - DAG(s) 'process_reviews_dag' retrieved from /opt/airflow/dags/process_reviews_dag.py
[2026-06-07T16:39:46.626+0000] {logging_mixin.py:190} INFO - [2026-06-07T16:39:46.626+0000] {dag.py:3211} INFO - Sync 1 DAGs
[2026-06-07T16:39:46.636+0000] {logging_mixin.py:190} INFO - [2026-06-07T16:39:46.636+0000] {dag.py:4138} INFO - Setting next_dagrun for process_reviews_dag to None, run_after=None
[2026-06-07T16:39:46.666+0000] {processor.py:208} INFO - Processing /opt/airflow/dags/process_reviews_dag.py took 0.571 seconds
[2026-06-07T16:40:17.049+0000] {processor.py:186} INFO - Started process (PID=93) to work on /opt/airflow/dags/process_reviews_dag.py
[2026-06-07T16:40:17.051+0000] {processor.py:914} INFO - Processing file /opt/airflow/dags/process_reviews_dag.py for tasks to queue
[2026-06-07T16:40:17.054+0000] {logging_mixin.py:190} INFO - [2026-06-07T16:40:17.054+0000] {dagbag.py:587} INFO - Filling up the DagBag from /opt/airflow/dags/process_reviews_dag.py
[2026-06-07T16:40:17.554+0000] {processor.py:925} INFO - DAG(s) 'process_reviews_dag' retrieved from /opt/airflow/dags/process_reviews_dag.py
[2026-06-07T16:40:17.572+0000] {logging_mixin.py:190} INFO - [2026-06-07T16:40:17.572+0000] {dag.py:3211} INFO - Sync 1 DAGs
[2026-06-07T16:40:17.584+0000] {logging_mixin.py:190} INFO - [2026-06-07T16:40:17.584+0000] {dag.py:4138} INFO - Setting next_dagrun for process_reviews_dag to None, run_after=None
[2026-06-07T16:40:17.614+0000] {processor.py:208} INFO - Processing /opt/airflow/dags/process_reviews_dag.py took 0.572 seconds
[2026-06-07T16:40:48.019+0000] {processor.py:186} INFO - Started process (PID=96) to work on /opt/airflow/dags/process_reviews_dag.py
[2026-06-07T16:40:48.021+0000] {processor.py:914} INFO - Processing file /opt/airflow/dags/process_reviews_dag.py for tasks to queue
[2026-06-07T16:40:48.024+0000] {logging_mixin.py:190} INFO - [2026-06-07T16:40:48.024+0000] {dagbag.py:587} INFO - Filling up the DagBag from /opt/airflow/dags/process_reviews_dag.py
[2026-06-07T16:40:48.539+0000] {processor.py:925} INFO - DAG(s) 'process_reviews_dag' retrieved from /opt/airflow/dags/process_reviews_dag.py
[2026-06-07T16:40:48.556+0000] {logging_mixin.py:190} INFO - [2026-06-07T16:40:48.556+0000] {dag.py:3211} INFO - Sync 1 DAGs
[2026-06-07T16:40:48.567+0000] {logging_mixin.py:190} INFO - [2026-06-07T16:40:48.567+0000] {dag.py:4138} INFO - Setting next_dagrun for process_reviews_dag to None, run_after=None
[2026-06-07T16:40:48.595+0000] {processor.py:208} INFO - Processing /opt/airflow/dags/process_reviews_dag.py took 0.581 seconds
[2026-06-07T16:41:18.960+0000] {processor.py:186} INFO - Started process (PID=99) to work on /opt/airflow/dags/process_reviews_dag.py
[2026-06-07T16:41:18.961+0000] {processor.py:914} INFO - Processing file /opt/airflow/dags/process_reviews_dag.py for tasks to queue
[2026-06-07T16:41:18.964+0000] {logging_mixin.py:190} INFO - [2026-06-07T16:41:18.964+0000] {dagbag.py:587} INFO - Filling up the DagBag from /opt/airflow/dags/process_reviews_dag.py
[2026-06-07T16:41:19.591+0000] {processor.py:925} INFO - DAG(s) 'process_reviews_dag' retrieved from /opt/airflow/dags/process_reviews_dag.py
[2026-06-07T16:41:19.616+0000] {logging_mixin.py:190} INFO - [2026-06-07T16:41:19.615+0000] {dag.py:3211} INFO - Sync 1 DAGs
[2026-06-07T16:41:19.631+0000] {logging_mixin.py:190} INFO - [2026-06-07T16:41:19.631+0000] {dag.py:4138} INFO - Setting next_dagrun for process_reviews_dag to None, run_after=None
[2026-06-07T16:41:19.672+0000] {processor.py:208} INFO - Processing /opt/airflow/dags/process_reviews_dag.py took 0.717 seconds
[2026-06-07T16:41:49.954+0000] {processor.py:186} INFO - Started process (PID=102) to work on /opt/airflow/dags/process_reviews_dag.py
[2026-06-07T16:41:49.958+0000] {processor.py:914} INFO - Processing file /opt/airflow/dags/process_reviews_dag.py for tasks to queue
[2026-06-07T16:41:49.964+0000] {logging_mixin.py:190} INFO - [2026-06-07T16:41:49.963+0000] {dagbag.py:587} INFO - Filling up the DagBag from /opt/airflow/dags/process_reviews_dag.py
[2026-06-07T16:42:10.520+0000] {processor.py:186} INFO - Started process (PID=53) to work on /opt/airflow/dags/process_reviews_dag.py
[2026-06-07T16:42:10.524+0000] {processor.py:914} INFO - Processing file /opt/airflow/dags/process_reviews_dag.py for tasks to queue
[2026-06-07T16:42:10.534+0000] {logging_mixin.py:190} INFO - [2026-06-07T16:42:10.533+0000] {dagbag.py:587} INFO - Filling up the DagBag from /opt/airflow/dags/process_reviews_dag.py
[2026-06-07T16:42:11.143+0000] {processor.py:925} INFO - DAG(s) 'process_reviews_dag' retrieved from /opt/airflow/dags/process_reviews_dag.py
[2026-06-07T16:42:11.166+0000] {logging_mixin.py:190} INFO - [2026-06-07T16:42:11.165+0000] {dag.py:3211} INFO - Sync 1 DAGs
[2026-06-07T16:42:11.177+0000] {logging_mixin.py:190} INFO - [2026-06-07T16:42:11.177+0000] {dag.py:4138} INFO - Setting next_dagrun for process_reviews_dag to None, run_after=None
[2026-06-07T16:42:11.223+0000] {processor.py:208} INFO - Processing /opt/airflow/dags/process_reviews_dag.py took 0.719 seconds
[2026-06-07T16:42:41.345+0000] {processor.py:186} INFO - Started process (PID=75) to work on /opt/airflow/dags/process_reviews_dag.py
[2026-06-07T16:42:41.346+0000] {processor.py:914} INFO - Processing file /opt/airflow/dags/process_reviews_dag.py for tasks to queue
[2026-06-07T16:42:41.349+0000] {logging_mixin.py:190} INFO - [2026-06-07T16:42:41.349+0000] {dagbag.py:587} INFO - Filling up the DagBag from /opt/airflow/dags/process_reviews_dag.py
[2026-06-07T16:42:41.981+0000] {processor.py:925} INFO - DAG(s) 'process_reviews_dag' retrieved from /opt/airflow/dags/process_reviews_dag.py
[2026-06-07T16:42:42.000+0000] {logging_mixin.py:190} INFO - [2026-06-07T16:42:42.000+0000] {dag.py:3211} INFO - Sync 1 DAGs
[2026-06-07T16:42:42.012+0000] {logging_mixin.py:190} INFO - [2026-06-07T16:42:42.012+0000] {dag.py:4138} INFO - Setting next_dagrun for process_reviews_dag to None, run_after=None
[2026-06-07T16:42:42.044+0000] {processor.py:208} INFO - Processing /opt/airflow/dags/process_reviews_dag.py took 0.705 seconds
[2026-06-07T16:43:12.697+0000] {processor.py:186} INFO - Started process (PID=92) to work on /opt/airflow/dags/process_reviews_dag.py
[2026-06-07T16:43:12.698+0000] {processor.py:914} INFO - Processing file /opt/airflow/dags/process_reviews_dag.py for tasks to queue
[2026-06-07T16:43:12.701+0000] {logging_mixin.py:190} INFO - [2026-06-07T16:43:12.700+0000] {dagbag.py:587} INFO - Filling up the DagBag from /opt/airflow/dags/process_reviews_dag.py
[2026-06-07T16:43:13.167+0000] {processor.py:925} INFO - DAG(s) 'process_reviews_dag' retrieved from /opt/airflow/dags/process_reviews_dag.py
[2026-06-07T16:43:13.187+0000] {logging_mixin.py:190} INFO - [2026-06-07T16:43:13.187+0000] {dag.py:3211} INFO - Sync 1 DAGs
[2026-06-07T16:43:13.198+0000] {logging_mixin.py:190} INFO - [2026-06-07T16:43:13.197+0000] {dag.py:4138} INFO - Setting next_dagrun for process_reviews_dag to None, run_after=None
[2026-06-07T16:43:13.227+0000] {processor.py:208} INFO - Processing /opt/airflow/dags/process_reviews_dag.py took 0.536 seconds
[2026-06-07T16:43:43.966+0000] {processor.py:186} INFO - Started process (PID=95) to work on /opt/airflow/dags/process_reviews_dag.py
[2026-06-07T16:43:43.967+0000] {processor.py:914} INFO - Processing file /opt/airflow/dags/process_reviews_dag.py for tasks to queue
[2026-06-07T16:43:43.970+0000] {logging_mixin.py:190} INFO - [2026-06-07T16:43:43.970+0000] {dagbag.py:587} INFO - Filling up the DagBag from /opt/airflow/dags/process_reviews_dag.py
[2026-06-07T16:43:44.464+0000] {processor.py:925} INFO - DAG(s) 'process_reviews_dag' retrieved from /opt/airflow/dags/process_reviews_dag.py
[2026-06-07T16:43:44.481+0000] {logging_mixin.py:190} INFO - [2026-06-07T16:43:44.481+0000] {dag.py:3211} INFO - Sync 1 DAGs
[2026-06-07T16:43:44.492+0000] {logging_mixin.py:190} INFO - [2026-06-07T16:43:44.492+0000] {dag.py:4138} INFO - Setting next_dagrun for process_reviews_dag to None, run_after=None
[2026-06-07T16:43:44.525+0000] {processor.py:208} INFO - Processing /opt/airflow/dags/process_reviews_dag.py took 0.565 seconds
[2026-06-07T16:44:15.055+0000] {processor.py:186} INFO - Started process (PID=98) to work on /opt/airflow/dags/process_reviews_dag.py
[2026-06-07T16:44:15.056+0000] {processor.py:914} INFO - Processing file /opt/airflow/dags/process_reviews_dag.py for tasks to queue
[2026-06-07T16:44:15.059+0000] {logging_mixin.py:190} INFO - [2026-06-07T16:44:15.059+0000] {dagbag.py:587} INFO - Filling up the DagBag from /opt/airflow/dags/process_reviews_dag.py
[2026-06-07T16:44:15.593+0000] {processor.py:925} INFO - DAG(s) 'process_reviews_dag' retrieved from /opt/airflow/dags/process_reviews_dag.py
[2026-06-07T16:44:15.622+0000] {logging_mixin.py:190} INFO - [2026-06-07T16:44:15.622+0000] {dag.py:3211} INFO - Sync 1 DAGs
[2026-06-07T16:44:15.635+0000] {logging_mixin.py:190} INFO - [2026-06-07T16:44:15.635+0000] {dag.py:4138} INFO - Setting next_dagrun for process_reviews_dag to None, run_after=None
[2026-06-07T16:44:15.666+0000] {processor.py:208} INFO - Processing /opt/airflow/dags/process_reviews_dag.py took 0.617 seconds
[2026-06-07T16:44:46.115+0000] {processor.py:186} INFO - Started process (PID=109) to work on /opt/airflow/dags/process_reviews_dag.py
[2026-06-07T16:44:46.116+0000] {processor.py:914} INFO - Processing file /opt/airflow/dags/process_reviews_dag.py for tasks to queue
[2026-06-07T16:44:46.120+0000] {logging_mixin.py:190} INFO - [2026-06-07T16:44:46.120+0000] {dagbag.py:587} INFO - Filling up the DagBag from /opt/airflow/dags/process_reviews_dag.py
[2026-06-07T16:44:46.668+0000] {processor.py:925} INFO - DAG(s) 'process_reviews_dag' retrieved from /opt/airflow/dags/process_reviews_dag.py
[2026-06-07T16:44:46.687+0000] {logging_mixin.py:190} INFO - [2026-06-07T16:44:46.687+0000] {dag.py:3211} INFO - Sync 1 DAGs
[2026-06-07T16:44:46.702+0000] {logging_mixin.py:190} INFO - [2026-06-07T16:44:46.702+0000] {dag.py:4138} INFO - Setting next_dagrun for process_reviews_dag to None, run_after=None
[2026-06-07T16:44:46.734+0000] {processor.py:208} INFO - Processing /opt/airflow/dags/process_reviews_dag.py took 0.627 seconds
[2026-06-07T16:45:17.199+0000] {processor.py:186} INFO - Started process (PID=128) to work on /opt/airflow/dags/process_reviews_dag.py
[2026-06-07T16:45:17.201+0000] {processor.py:914} INFO - Processing file /opt/airflow/dags/process_reviews_dag.py for tasks to queue
[2026-06-07T16:45:17.205+0000] {logging_mixin.py:190} INFO - [2026-06-07T16:45:17.205+0000] {dagbag.py:587} INFO - Filling up the DagBag from /opt/airflow/dags/process_reviews_dag.py
[2026-06-07T16:45:17.753+0000] {processor.py:925} INFO - DAG(s) 'process_reviews_dag' retrieved from /opt/airflow/dags/process_reviews_dag.py
[2026-06-07T16:45:17.781+0000] {logging_mixin.py:190} INFO - [2026-06-07T16:45:17.781+0000] {dag.py:3211} INFO - Sync 1 DAGs
[2026-06-07T16:45:17.793+0000] {logging_mixin.py:190} INFO - [2026-06-07T16:45:17.793+0000] {dag.py:4138} INFO - Setting next_dagrun for process_reviews_dag to None, run_after=None
[2026-06-07T16:45:17.823+0000] {processor.py:208} INFO - Processing /opt/airflow/dags/process_reviews_dag.py took 0.631 seconds
[2026-06-07T16:45:48.306+0000] {processor.py:186} INFO - Started process (PID=133) to work on /opt/airflow/dags/process_reviews_dag.py
[2026-06-07T16:45:48.308+0000] {processor.py:914} INFO - Processing file /opt/airflow/dags/process_reviews_dag.py for tasks to queue
[2026-06-07T16:45:48.310+0000] {logging_mixin.py:190} INFO - [2026-06-07T16:45:48.310+0000] {dagbag.py:587} INFO - Filling up the DagBag from /opt/airflow/dags/process_reviews_dag.py
[2026-06-07T16:45:48.778+0000] {processor.py:925} INFO - DAG(s) 'process_reviews_dag' retrieved from /opt/airflow/dags/process_reviews_dag.py
[2026-06-07T16:45:48.796+0000] {logging_mixin.py:190} INFO - [2026-06-07T16:45:48.796+0000] {dag.py:3211} INFO - Sync 1 DAGs
[2026-06-07T16:45:48.808+0000] {logging_mixin.py:190} INFO - [2026-06-07T16:45:48.808+0000] {dag.py:4138} INFO - Setting next_dagrun for process_reviews_dag to None, run_after=None
[2026-06-07T16:45:48.839+0000] {processor.py:208} INFO - Processing /opt/airflow/dags/process_reviews_dag.py took 0.539 seconds
[2026-06-07T16:46:19.293+0000] {processor.py:186} INFO - Started process (PID=137) to work on /opt/airflow/dags/process_reviews_dag.py
[2026-06-07T16:46:19.295+0000] {processor.py:914} INFO - Processing file /opt/airflow/dags/process_reviews_dag.py for tasks to queue
[2026-06-07T16:46:19.298+0000] {logging_mixin.py:190} INFO - [2026-06-07T16:46:19.298+0000] {dagbag.py:587} INFO - Filling up the DagBag from /opt/airflow/dags/process_reviews_dag.py
[2026-06-07T16:46:19.816+0000] {processor.py:925} INFO - DAG(s) 'process_reviews_dag' retrieved from /opt/airflow/dags/process_reviews_dag.py
[2026-06-07T16:46:19.832+0000] {logging_mixin.py:190} INFO - [2026-06-07T16:46:19.832+0000] {dag.py:3211} INFO - Sync 1 DAGs
[2026-06-07T16:46:19.842+0000] {logging_mixin.py:190} INFO - [2026-06-07T16:46:19.842+0000] {dag.py:4138} INFO - Setting next_dagrun for process_reviews_dag to None, run_after=None
[2026-06-07T16:46:19.871+0000] {processor.py:208} INFO - Processing /opt/airflow/dags/process_reviews_dag.py took 0.586 seconds
[2026-06-07T16:46:50.149+0000] {processor.py:186} INFO - Started process (PID=140) to work on /opt/airflow/dags/process_reviews_dag.py
[2026-06-07T16:46:50.150+0000] {processor.py:914} INFO - Processing file /opt/airflow/dags/process_reviews_dag.py for tasks to queue
[2026-06-07T16:46:50.154+0000] {logging_mixin.py:190} INFO - [2026-06-07T16:46:50.154+0000] {dagbag.py:587} INFO - Filling up the DagBag from /opt/airflow/dags/process_reviews_dag.py
[2026-06-07T16:46:50.677+0000] {processor.py:925} INFO - DAG(s) 'process_reviews_dag' retrieved from /opt/airflow/dags/process_reviews_dag.py
[2026-06-07T16:46:50.694+0000] {logging_mixin.py:190} INFO - [2026-06-07T16:46:50.694+0000] {dag.py:3211} INFO - Sync 1 DAGs
[2026-06-07T16:46:50.704+0000] {logging_mixin.py:190} INFO - [2026-06-07T16:46:50.704+0000] {dag.py:4138} INFO - Setting next_dagrun for process_reviews_dag to None, run_after=None
[2026-06-07T16:46:50.730+0000] {processor.py:208} INFO - Processing /opt/airflow/dags/process_reviews_dag.py took 0.588 seconds
[2026-06-07T16:47:21.490+0000] {processor.py:186} INFO - Started process (PID=144) to work on /opt/airflow/dags/process_reviews_dag.py
[2026-06-07T16:47:21.491+0000] {processor.py:914} INFO - Processing file /opt/airflow/dags/process_reviews_dag.py for tasks to queue
[2026-06-07T16:47:21.494+0000] {logging_mixin.py:190} INFO - [2026-06-07T16:47:21.494+0000] {dagbag.py:587} INFO - Filling up the DagBag from /opt/airflow/dags/process_reviews_dag.py
[2026-06-07T16:47:21.999+0000] {processor.py:925} INFO - DAG(s) 'process_reviews_dag' retrieved from /opt/airflow/dags/process_reviews_dag.py
[2026-06-07T16:47:22.021+0000] {logging_mixin.py:190} INFO - [2026-06-07T16:47:22.020+0000] {dag.py:3211} INFO - Sync 1 DAGs
[2026-06-07T16:47:22.038+0000] {logging_mixin.py:190} INFO - [2026-06-07T16:47:22.038+0000] {dag.py:4138} INFO - Setting next_dagrun for process_reviews_dag to None, run_after=None
[2026-06-07T16:47:22.071+0000] {processor.py:208} INFO - Processing /opt/airflow/dags/process_reviews_dag.py took 0.588 seconds
[2026-06-07T16:47:50.565+0000] {processor.py:186} INFO - Started process (PID=53) to work on /opt/airflow/dags/process_reviews_dag.py
[2026-06-07T16:47:50.566+0000] {processor.py:914} INFO - Processing file /opt/airflow/dags/process_reviews_dag.py for tasks to queue
[2026-06-07T16:47:50.569+0000] {logging_mixin.py:190} INFO - [2026-06-07T16:47:50.568+0000] {dagbag.py:587} INFO - Filling up the DagBag from /opt/airflow/dags/process_reviews_dag.py
[2026-06-07T16:47:51.274+0000] {processor.py:925} INFO - DAG(s) 'process_reviews_dag' retrieved from /opt/airflow/dags/process_reviews_dag.py
[2026-06-07T16:47:51.299+0000] {logging_mixin.py:190} INFO - [2026-06-07T16:47:51.299+0000] {dag.py:3211} INFO - Sync 1 DAGs
[2026-06-07T16:47:51.319+0000] {logging_mixin.py:190} INFO - [2026-06-07T16:47:51.319+0000] {dag.py:4138} INFO - Setting next_dagrun for process_reviews_dag to None, run_after=None
[2026-06-07T16:47:51.354+0000] {processor.py:208} INFO - Processing /opt/airflow/dags/process_reviews_dag.py took 0.795 seconds
[2026-06-07T16:48:21.512+0000] {processor.py:186} INFO - Started process (PID=79) to work on /opt/airflow/dags/process_reviews_dag.py
[2026-06-07T16:48:21.513+0000] {processor.py:914} INFO - Processing file /opt/airflow/dags/process_reviews_dag.py for tasks to queue
[2026-06-07T16:48:21.516+0000] {logging_mixin.py:190} INFO - [2026-06-07T16:48:21.515+0000] {dagbag.py:587} INFO - Filling up the DagBag from /opt/airflow/dags/process_reviews_dag.py
[2026-06-07T16:48:21.980+0000] {processor.py:925} INFO - DAG(s) 'process_reviews_dag' retrieved from /opt/airflow/dags/process_reviews_dag.py
[2026-06-07T16:48:21.999+0000] {logging_mixin.py:190} INFO - [2026-06-07T16:48:21.999+0000] {dag.py:3211} INFO - Sync 1 DAGs
[2026-06-07T16:48:22.011+0000] {logging_mixin.py:190} INFO - [2026-06-07T16:48:22.011+0000] {dag.py:4138} INFO - Setting next_dagrun for process_reviews_dag to None, run_after=None
[2026-06-07T16:48:22.039+0000] {processor.py:208} INFO - Processing /opt/airflow/dags/process_reviews_dag.py took 0.533 seconds
[2026-06-07T16:48:52.932+0000] {processor.py:186} INFO - Started process (PID=97) to work on /opt/airflow/dags/process_reviews_dag.py
[2026-06-07T16:48:52.933+0000] {processor.py:914} INFO - Processing file /opt/airflow/dags/process_reviews_dag.py for tasks to queue
[2026-06-07T16:48:52.936+0000] {logging_mixin.py:190} INFO - [2026-06-07T16:48:52.936+0000] {dagbag.py:587} INFO - Filling up the DagBag from /opt/airflow/dags/process_reviews_dag.py
[2026-06-07T16:48:53.386+0000] {processor.py:925} INFO - DAG(s) 'process_reviews_dag' retrieved from /opt/airflow/dags/process_reviews_dag.py
[2026-06-07T16:48:53.408+0000] {logging_mixin.py:190} INFO - [2026-06-07T16:48:53.407+0000] {dag.py:3211} INFO - Sync 1 DAGs
[2026-06-07T16:48:53.426+0000] {logging_mixin.py:190} INFO - [2026-06-07T16:48:53.425+0000] {dag.py:4138} INFO - Setting next_dagrun for process_reviews_dag to None, run_after=None
[2026-06-07T16:48:53.463+0000] {processor.py:208} INFO - Processing /opt/airflow/dags/process_reviews_dag.py took 0.537 seconds
[2026-06-07T16:49:24.302+0000] {processor.py:186} INFO - Started process (PID=101) to work on /opt/airflow/dags/process_reviews_dag.py
[2026-06-07T16:49:24.303+0000] {processor.py:914} INFO - Processing file /opt/airflow/dags/process_reviews_dag.py for tasks to queue
[2026-06-07T16:49:24.305+0000] {logging_mixin.py:190} INFO - [2026-06-07T16:49:24.305+0000] {dagbag.py:587} INFO - Filling up the DagBag from /opt/airflow/dags/process_reviews_dag.py
[2026-06-07T16:49:24.797+0000] {processor.py:925} INFO - DAG(s) 'process_reviews_dag' retrieved from /opt/airflow/dags/process_reviews_dag.py
[2026-06-07T16:49:24.813+0000] {logging_mixin.py:190} INFO - [2026-06-07T16:49:24.813+0000] {dag.py:3211} INFO - Sync 1 DAGs
[2026-06-07T16:49:24.823+0000] {logging_mixin.py:190} INFO - [2026-06-07T16:49:24.822+0000] {dag.py:4138} INFO - Setting next_dagrun for process_reviews_dag to None, run_after=None
[2026-06-07T16:49:24.848+0000] {processor.py:208} INFO - Processing /opt/airflow/dags/process_reviews_dag.py took 0.552 seconds
[2026-06-07T16:49:55.028+0000] {processor.py:186} INFO - Started process (PID=112) to work on /opt/airflow/dags/process_reviews_dag.py
[2026-06-07T16:49:55.030+0000] {processor.py:914} INFO - Processing file /opt/airflow/dags/process_reviews_dag.py for tasks to queue
[2026-06-07T16:49:55.033+0000] {logging_mixin.py:190} INFO - [2026-06-07T16:49:55.032+0000] {dagbag.py:587} INFO - Filling up the DagBag from /opt/airflow/dags/process_reviews_dag.py
[2026-06-07T16:49:55.518+0000] {processor.py:925} INFO - DAG(s) 'process_reviews_dag' retrieved from /opt/airflow/dags/process_reviews_dag.py
[2026-06-07T16:49:55.555+0000] {logging_mixin.py:190} INFO - [2026-06-07T16:49:55.554+0000] {dag.py:3211} INFO - Sync 1 DAGs
[2026-06-07T16:49:55.572+0000] {logging_mixin.py:190} INFO - [2026-06-07T16:49:55.571+0000] {dag.py:4138} INFO - Setting next_dagrun for process_reviews_dag to None, run_after=None
[2026-06-07T16:49:55.606+0000] {processor.py:208} INFO - Processing /opt/airflow/dags/process_reviews_dag.py took 0.583 seconds
[2026-06-07T16:50:26.036+0000] {processor.py:186} INFO - Started process (PID=134) to work on /opt/airflow/dags/process_reviews_dag.py
[2026-06-07T16:50:26.038+0000] {processor.py:914} INFO - Processing file /opt/airflow/dags/process_reviews_dag.py for tasks to queue
[2026-06-07T16:50:26.041+0000] {logging_mixin.py:190} INFO - [2026-06-07T16:50:26.040+0000] {dagbag.py:587} INFO - Filling up the DagBag from /opt/airflow/dags/process_reviews_dag.py
[2026-06-07T16:50:26.453+0000] {processor.py:925} INFO - DAG(s) 'process_reviews_dag' retrieved from /opt/airflow/dags/process_reviews_dag.py
[2026-06-07T16:50:26.469+0000] {logging_mixin.py:190} INFO - [2026-06-07T16:50:26.469+0000] {dag.py:3211} INFO - Sync 1 DAGs
[2026-06-07T16:50:26.478+0000] {logging_mixin.py:190} INFO - [2026-06-07T16:50:26.478+0000] {dag.py:4138} INFO - Setting next_dagrun for process_reviews_dag to None, run_after=None
[2026-06-07T16:50:26.505+0000] {processor.py:208} INFO - Processing /opt/airflow/dags/process_reviews_dag.py took 0.478 seconds
[2026-06-07T16:50:56.909+0000] {processor.py:186} INFO - Started process (PID=138) to work on /opt/airflow/dags/process_reviews_dag.py
[2026-06-07T16:50:56.911+0000] {processor.py:914} INFO - Processing file /opt/airflow/dags/process_reviews_dag.py for tasks to queue
[2026-06-07T16:50:56.915+0000] {logging_mixin.py:190} INFO - [2026-06-07T16:50:56.914+0000] {dagbag.py:587} INFO - Filling up the DagBag from /opt/airflow/dags/process_reviews_dag.py
[2026-06-07T16:50:57.366+0000] {processor.py:925} INFO - DAG(s) 'process_reviews_dag' retrieved from /opt/airflow/dags/process_reviews_dag.py
[2026-06-07T16:50:57.384+0000] {logging_mixin.py:190} INFO - [2026-06-07T16:50:57.384+0000] {dag.py:3211} INFO - Sync 1 DAGs
[2026-06-07T16:50:57.393+0000] {logging_mixin.py:190} INFO - [2026-06-07T16:50:57.393+0000] {dag.py:4138} INFO - Setting next_dagrun for process_reviews_dag to None, run_after=None
[2026-06-07T16:50:57.421+0000] {processor.py:208} INFO - Processing /opt/airflow/dags/process_reviews_dag.py took 0.522 seconds
[2026-06-07T16:51:27.866+0000] {processor.py:186} INFO - Started process (PID=143) to work on /opt/airflow/dags/process_reviews_dag.py
[2026-06-07T16:51:27.868+0000] {processor.py:914} INFO - Processing file /opt/airflow/dags/process_reviews_dag.py for tasks to queue
[2026-06-07T16:51:27.871+0000] {logging_mixin.py:190} INFO - [2026-06-07T16:51:27.871+0000] {dagbag.py:587} INFO - Filling up the DagBag from /opt/airflow/dags/process_reviews_dag.py
[2026-06-07T16:51:28.320+0000] {processor.py:925} INFO - DAG(s) 'process_reviews_dag' retrieved from /opt/airflow/dags/process_reviews_dag.py
[2026-06-07T16:51:28.345+0000] {logging_mixin.py:190} INFO - [2026-06-07T16:51:28.345+0000] {dag.py:3211} INFO - Sync 1 DAGs
[2026-06-07T16:51:28.360+0000] {logging_mixin.py:190} INFO - [2026-06-07T16:51:28.360+0000] {dag.py:4138} INFO - Setting next_dagrun for process_reviews_dag to None, run_after=None
[2026-06-07T16:51:28.392+0000] {processor.py:208} INFO - Processing /opt/airflow/dags/process_reviews_dag.py took 0.535 seconds
[2026-06-07T16:51:58.811+0000] {processor.py:186} INFO - Started process (PID=147) to work on /opt/airflow/dags/process_reviews_dag.py
[2026-06-07T16:51:58.813+0000] {processor.py:914} INFO - Processing file /opt/airflow/dags/process_reviews_dag.py for tasks to queue
[2026-06-07T16:51:58.816+0000] {logging_mixin.py:190} INFO - [2026-06-07T16:51:58.816+0000] {dagbag.py:587} INFO - Filling up the DagBag from /opt/airflow/dags/process_reviews_dag.py
[2026-06-07T16:51:59.220+0000] {processor.py:925} INFO - DAG(s) 'process_reviews_dag' retrieved from /opt/airflow/dags/process_reviews_dag.py
[2026-06-07T16:51:59.235+0000] {logging_mixin.py:190} INFO - [2026-06-07T16:51:59.235+0000] {dag.py:3211} INFO - Sync 1 DAGs
[2026-06-07T16:51:59.244+0000] {logging_mixin.py:190} INFO - [2026-06-07T16:51:59.244+0000] {dag.py:4138} INFO - Setting next_dagrun for process_reviews_dag to None, run_after=None
[2026-06-07T16:51:59.273+0000] {processor.py:208} INFO - Processing /opt/airflow/dags/process_reviews_dag.py took 0.470 seconds
[2026-06-07T16:52:44.631+0000] {processor.py:186} INFO - Started process (PID=54) to work on /opt/airflow/dags/process_reviews_dag.py
[2026-06-07T16:52:44.632+0000] {processor.py:914} INFO - Processing file /opt/airflow/dags/process_reviews_dag.py for tasks to queue
[2026-06-07T16:52:44.636+0000] {logging_mixin.py:190} INFO - [2026-06-07T16:52:44.635+0000] {dagbag.py:587} INFO - Filling up the DagBag from /opt/airflow/dags/process_reviews_dag.py
[2026-06-07T16:52:45.200+0000] {processor.py:925} INFO - DAG(s) 'process_reviews_dag' retrieved from /opt/airflow/dags/process_reviews_dag.py
[2026-06-07T16:52:45.222+0000] {logging_mixin.py:190} INFO - [2026-06-07T16:52:45.222+0000] {dag.py:3211} INFO - Sync 1 DAGs
[2026-06-07T16:52:45.234+0000] {logging_mixin.py:190} INFO - [2026-06-07T16:52:45.234+0000] {dag.py:4138} INFO - Setting next_dagrun for process_reviews_dag to None, run_after=None
[2026-06-07T16:52:45.267+0000] {processor.py:208} INFO - Processing /opt/airflow/dags/process_reviews_dag.py took 0.641 seconds
[2026-06-07T16:53:15.680+0000] {processor.py:186} INFO - Started process (PID=80) to work on /opt/airflow/dags/process_reviews_dag.py
[2026-06-07T16:53:15.682+0000] {processor.py:914} INFO - Processing file /opt/airflow/dags/process_reviews_dag.py for tasks to queue
[2026-06-07T16:53:15.688+0000] {logging_mixin.py:190} INFO - [2026-06-07T16:53:15.687+0000] {dagbag.py:587} INFO - Filling up the DagBag from /opt/airflow/dags/process_reviews_dag.py
[2026-06-07T16:53:16.125+0000] {processor.py:925} INFO - DAG(s) 'process_reviews_dag' retrieved from /opt/airflow/dags/process_reviews_dag.py
[2026-06-07T16:53:16.142+0000] {logging_mixin.py:190} INFO - [2026-06-07T16:53:16.141+0000] {dag.py:3211} INFO - Sync 1 DAGs
[2026-06-07T16:53:16.151+0000] {logging_mixin.py:190} INFO - [2026-06-07T16:53:16.151+0000] {dag.py:4138} INFO - Setting next_dagrun for process_reviews_dag to None, run_after=None
[2026-06-07T16:53:16.178+0000] {processor.py:208} INFO - Processing /opt/airflow/dags/process_reviews_dag.py took 0.509 seconds
[2026-06-07T16:53:47.098+0000] {processor.py:186} INFO - Started process (PID=98) to work on /opt/airflow/dags/process_reviews_dag.py
[2026-06-07T16:53:47.099+0000] {processor.py:914} INFO - Processing file /opt/airflow/dags/process_reviews_dag.py for tasks to queue
[2026-06-07T16:53:47.102+0000] {logging_mixin.py:190} INFO - [2026-06-07T16:53:47.101+0000] {dagbag.py:587} INFO - Filling up the DagBag from /opt/airflow/dags/process_reviews_dag.py
[2026-06-07T16:53:47.514+0000] {processor.py:925} INFO - DAG(s) 'process_reviews_dag' retrieved from /opt/airflow/dags/process_reviews_dag.py
[2026-06-07T16:53:47.529+0000] {logging_mixin.py:190} INFO - [2026-06-07T16:53:47.529+0000] {dag.py:3211} INFO - Sync 1 DAGs
[2026-06-07T16:53:47.539+0000] {logging_mixin.py:190} INFO - [2026-06-07T16:53:47.539+0000] {dag.py:4138} INFO - Setting next_dagrun for process_reviews_dag to None, run_after=None
[2026-06-07T16:53:47.567+0000] {processor.py:208} INFO - Processing /opt/airflow/dags/process_reviews_dag.py took 0.476 seconds
[2026-06-07T16:54:18.497+0000] {processor.py:186} INFO - Started process (PID=102) to work on /opt/airflow/dags/process_reviews_dag.py
[2026-06-07T16:54:18.499+0000] {processor.py:914} INFO - Processing file /opt/airflow/dags/process_reviews_dag.py for tasks to queue
[2026-06-07T16:54:18.503+0000] {logging_mixin.py:190} INFO - [2026-06-07T16:54:18.502+0000] {dagbag.py:587} INFO - Filling up the DagBag from /opt/airflow/dags/process_reviews_dag.py
[2026-06-07T16:54:18.933+0000] {processor.py:925} INFO - DAG(s) 'process_reviews_dag' retrieved from /opt/airflow/dags/process_reviews_dag.py
[2026-06-07T16:54:18.948+0000] {logging_mixin.py:190} INFO - [2026-06-07T16:54:18.947+0000] {dag.py:3211} INFO - Sync 1 DAGs
[2026-06-07T16:54:18.957+0000] {logging_mixin.py:190} INFO - [2026-06-07T16:54:18.957+0000] {dag.py:4138} INFO - Setting next_dagrun for process_reviews_dag to None, run_after=None
[2026-06-07T16:54:18.988+0000] {processor.py:208} INFO - Processing /opt/airflow/dags/process_reviews_dag.py took 0.499 seconds
[2026-06-07T16:54:49.398+0000] {processor.py:186} INFO - Started process (PID=106) to work on /opt/airflow/dags/process_reviews_dag.py
[2026-06-07T16:54:49.399+0000] {processor.py:914} INFO - Processing file /opt/airflow/dags/process_reviews_dag.py for tasks to queue
[2026-06-07T16:54:49.403+0000] {logging_mixin.py:190} INFO - [2026-06-07T16:54:49.402+0000] {dagbag.py:587} INFO - Filling up the DagBag from /opt/airflow/dags/process_reviews_dag.py
[2026-06-07T16:54:49.929+0000] {processor.py:925} INFO - DAG(s) 'process_reviews_dag' retrieved from /opt/airflow/dags/process_reviews_dag.py
[2026-06-07T16:54:49.950+0000] {logging_mixin.py:190} INFO - [2026-06-07T16:54:49.950+0000] {dag.py:3211} INFO - Sync 1 DAGs
[2026-06-07T16:54:49.967+0000] {logging_mixin.py:190} INFO - [2026-06-07T16:54:49.967+0000] {dag.py:4138} INFO - Setting next_dagrun for process_reviews_dag to None, run_after=None
[2026-06-07T16:54:50.004+0000] {processor.py:208} INFO - Processing /opt/airflow/dags/process_reviews_dag.py took 0.613 seconds
[2026-06-07T16:55:20.325+0000] {processor.py:186} INFO - Started process (PID=110) to work on /opt/airflow/dags/process_reviews_dag.py
[2026-06-07T16:55:20.326+0000] {processor.py:914} INFO - Processing file /opt/airflow/dags/process_reviews_dag.py for tasks to queue
[2026-06-07T16:55:20.329+0000] {logging_mixin.py:190} INFO - [2026-06-07T16:55:20.329+0000] {dagbag.py:587} INFO - Filling up the DagBag from /opt/airflow/dags/process_reviews_dag.py
[2026-06-07T16:55:20.781+0000] {processor.py:925} INFO - DAG(s) 'process_reviews_dag' retrieved from /opt/airflow/dags/process_reviews_dag.py
[2026-06-07T16:55:20.796+0000] {logging_mixin.py:190} INFO - [2026-06-07T16:55:20.796+0000] {dag.py:3211} INFO - Sync 1 DAGs
[2026-06-07T16:55:20.807+0000] {logging_mixin.py:190} INFO - [2026-06-07T16:55:20.807+0000] {dag.py:4138} INFO - Setting next_dagrun for process_reviews_dag to None, run_after=None
[2026-06-07T16:55:20.835+0000] {processor.py:208} INFO - Processing /opt/airflow/dags/process_reviews_dag.py took 0.516 seconds
[2026-06-07T16:55:51.126+0000] {processor.py:186} INFO - Started process (PID=114) to work on /opt/airflow/dags/process_reviews_dag.py
[2026-06-07T16:55:51.127+0000] {processor.py:914} INFO - Processing file /opt/airflow/dags/process_reviews_dag.py for tasks to queue
[2026-06-07T16:55:51.130+0000] {logging_mixin.py:190} INFO - [2026-06-07T16:55:51.129+0000] {dagbag.py:587} INFO - Filling up the DagBag from /opt/airflow/dags/process_reviews_dag.py
[2026-06-07T16:55:51.670+0000] {processor.py:925} INFO - DAG(s) 'process_reviews_dag' retrieved from /opt/airflow/dags/process_reviews_dag.py
[2026-06-07T16:55:51.691+0000] {logging_mixin.py:190} INFO - [2026-06-07T16:55:51.690+0000] {dag.py:3211} INFO - Sync 1 DAGs
[2026-06-07T16:55:51.702+0000] {logging_mixin.py:190} INFO - [2026-06-07T16:55:51.702+0000] {dag.py:4138} INFO - Setting next_dagrun for process_reviews_dag to None, run_after=None
[2026-06-07T16:55:51.732+0000] {processor.py:208} INFO - Processing /opt/airflow/dags/process_reviews_dag.py took 0.613 seconds
[2026-06-07T16:56:22.064+0000] {processor.py:186} INFO - Started process (PID=118) to work on /opt/airflow/dags/process_reviews_dag.py
[2026-06-07T16:56:22.065+0000] {processor.py:914} INFO - Processing file /opt/airflow/dags/process_reviews_dag.py for tasks to queue
[2026-06-07T16:56:22.069+0000] {logging_mixin.py:190} INFO - [2026-06-07T16:56:22.068+0000] {dagbag.py:587} INFO - Filling up the DagBag from /opt/airflow/dags/process_reviews_dag.py
[2026-06-07T16:56:22.518+0000] {processor.py:925} INFO - DAG(s) 'process_reviews_dag' retrieved from /opt/airflow/dags/process_reviews_dag.py
[2026-06-07T16:56:22.535+0000] {logging_mixin.py:190} INFO - [2026-06-07T16:56:22.535+0000] {dag.py:3211} INFO - Sync 1 DAGs
[2026-06-07T16:56:22.545+0000] {logging_mixin.py:190} INFO - [2026-06-07T16:56:22.545+0000] {dag.py:4138} INFO - Setting next_dagrun for process_reviews_dag to None, run_after=None
[2026-06-07T16:56:22.573+0000] {processor.py:208} INFO - Processing /opt/airflow/dags/process_reviews_dag.py took 0.515 seconds
[2026-06-07T16:56:52.989+0000] {processor.py:186} INFO - Started process (PID=122) to work on /opt/airflow/dags/process_reviews_dag.py
[2026-06-07T16:56:52.991+0000] {processor.py:914} INFO - Processing file /opt/airflow/dags/process_reviews_dag.py for tasks to queue
[2026-06-07T16:56:52.994+0000] {logging_mixin.py:190} INFO - [2026-06-07T16:56:52.993+0000] {dagbag.py:587} INFO - Filling up the DagBag from /opt/airflow/dags/process_reviews_dag.py
[2026-06-07T16:56:53.508+0000] {processor.py:925} INFO - DAG(s) 'process_reviews_dag' retrieved from /opt/airflow/dags/process_reviews_dag.py
[2026-06-07T16:56:53.525+0000] {logging_mixin.py:190} INFO - [2026-06-07T16:56:53.525+0000] {dag.py:3211} INFO - Sync 1 DAGs
[2026-06-07T16:56:53.535+0000] {logging_mixin.py:190} INFO - [2026-06-07T16:56:53.535+0000] {dag.py:4138} INFO - Setting next_dagrun for process_reviews_dag to None, run_after=None
[2026-06-07T16:56:53.570+0000] {processor.py:208} INFO - Processing /opt/airflow/dags/process_reviews_dag.py took 0.587 seconds
[2026-06-07T16:57:07.613+0000] {processor.py:186} INFO - Started process (PID=53) to work on /opt/airflow/dags/process_reviews_dag.py
[2026-06-07T16:57:07.614+0000] {processor.py:914} INFO - Processing file /opt/airflow/dags/process_reviews_dag.py for tasks to queue
[2026-06-07T16:57:07.617+0000] {logging_mixin.py:190} INFO - [2026-06-07T16:57:07.617+0000] {dagbag.py:587} INFO - Filling up the DagBag from /opt/airflow/dags/process_reviews_dag.py
[2026-06-07T16:57:08.237+0000] {processor.py:925} INFO - DAG(s) 'process_reviews_dag' retrieved from /opt/airflow/dags/process_reviews_dag.py
[2026-06-07T16:57:08.261+0000] {logging_mixin.py:190} INFO - [2026-06-07T16:57:08.261+0000] {dag.py:3211} INFO - Sync 1 DAGs
[2026-06-07T16:57:08.275+0000] {logging_mixin.py:190} INFO - [2026-06-07T16:57:08.274+0000] {dag.py:4138} INFO - Setting next_dagrun for process_reviews_dag to None, run_after=None
[2026-06-07T16:57:08.302+0000] {processor.py:208} INFO - Processing /opt/airflow/dags/process_reviews_dag.py took 0.695 seconds
[2026-06-07T16:57:38.622+0000] {processor.py:186} INFO - Started process (PID=65) to work on /opt/airflow/dags/process_reviews_dag.py
[2026-06-07T16:57:38.624+0000] {processor.py:914} INFO - Processing file /opt/airflow/dags/process_reviews_dag.py for tasks to queue
[2026-06-07T16:57:38.627+0000] {logging_mixin.py:190} INFO - [2026-06-07T16:57:38.627+0000] {dagbag.py:587} INFO - Filling up the DagBag from /opt/airflow/dags/process_reviews_dag.py
[2026-06-07T16:57:39.077+0000] {processor.py:925} INFO - DAG(s) 'process_reviews_dag' retrieved from /opt/airflow/dags/process_reviews_dag.py
[2026-06-07T16:57:39.094+0000] {logging_mixin.py:190} INFO - [2026-06-07T16:57:39.094+0000] {dag.py:3211} INFO - Sync 1 DAGs
[2026-06-07T16:57:39.104+0000] {logging_mixin.py:190} INFO - [2026-06-07T16:57:39.103+0000] {dag.py:4138} INFO - Setting next_dagrun for process_reviews_dag to None, run_after=None
[2026-06-07T16:57:39.135+0000] {processor.py:208} INFO - Processing /opt/airflow/dags/process_reviews_dag.py took 0.521 seconds
[2026-06-07T16:58:10.236+0000] {processor.py:186} INFO - Started process (PID=69) to work on /opt/airflow/dags/process_reviews_dag.py
[2026-06-07T16:58:10.238+0000] {processor.py:914} INFO - Processing file /opt/airflow/dags/process_reviews_dag.py for tasks to queue
[2026-06-07T16:58:10.241+0000] {logging_mixin.py:190} INFO - [2026-06-07T16:58:10.241+0000] {dagbag.py:587} INFO - Filling up the DagBag from /opt/airflow/dags/process_reviews_dag.py
[2026-06-07T16:58:10.851+0000] {processor.py:925} INFO - DAG(s) 'process_reviews_dag' retrieved from /opt/airflow/dags/process_reviews_dag.py
[2026-06-07T16:58:10.869+0000] {logging_mixin.py:190} INFO - [2026-06-07T16:58:10.868+0000] {dag.py:3211} INFO - Sync 1 DAGs
[2026-06-07T16:58:10.880+0000] {logging_mixin.py:190} INFO - [2026-06-07T16:58:10.880+0000] {dag.py:4138} INFO - Setting next_dagrun for process_reviews_dag to None, run_after=None
[2026-06-07T16:58:10.911+0000] {processor.py:208} INFO - Processing /opt/airflow/dags/process_reviews_dag.py took 0.681 seconds
[2026-06-07T16:58:41.432+0000] {processor.py:186} INFO - Started process (PID=73) to work on /opt/airflow/dags/process_reviews_dag.py
[2026-06-07T16:58:41.433+0000] {processor.py:914} INFO - Processing file /opt/airflow/dags/process_reviews_dag.py for tasks to queue
[2026-06-07T16:58:41.436+0000] {logging_mixin.py:190} INFO - [2026-06-07T16:58:41.436+0000] {dagbag.py:587} INFO - Filling up the DagBag from /opt/airflow/dags/process_reviews_dag.py
[2026-06-07T16:58:41.916+0000] {processor.py:925} INFO - DAG(s) 'process_reviews_dag' retrieved from /opt/airflow/dags/process_reviews_dag.py
[2026-06-07T16:58:41.930+0000] {logging_mixin.py:190} INFO - [2026-06-07T16:58:41.930+0000] {dag.py:3211} INFO - Sync 1 DAGs
[2026-06-07T16:58:41.940+0000] {logging_mixin.py:190} INFO - [2026-06-07T16:58:41.939+0000] {dag.py:4138} INFO - Setting next_dagrun for process_reviews_dag to None, run_after=None
[2026-06-07T16:58:41.968+0000] {processor.py:208} INFO - Processing /opt/airflow/dags/process_reviews_dag.py took 0.542 seconds
[2026-06-07T16:59:12.332+0000] {processor.py:186} INFO - Started process (PID=77) to work on /opt/airflow/dags/process_reviews_dag.py
[2026-06-07T16:59:12.333+0000] {processor.py:914} INFO - Processing file /opt/airflow/dags/process_reviews_dag.py for tasks to queue
[2026-06-07T16:59:12.336+0000] {logging_mixin.py:190} INFO - [2026-06-07T16:59:12.335+0000] {dagbag.py:587} INFO - Filling up the DagBag from /opt/airflow/dags/process_reviews_dag.py
[2026-06-07T16:59:12.842+0000] {processor.py:925} INFO - DAG(s) 'process_reviews_dag' retrieved from /opt/airflow/dags/process_reviews_dag.py
[2026-06-07T16:59:12.862+0000] {logging_mixin.py:190} INFO - [2026-06-07T16:59:12.861+0000] {dag.py:3211} INFO - Sync 1 DAGs
[2026-06-07T16:59:12.872+0000] {logging_mixin.py:190} INFO - [2026-06-07T16:59:12.872+0000] {dag.py:4138} INFO - Setting next_dagrun for process_reviews_dag to None, run_after=None
[2026-06-07T16:59:12.902+0000] {processor.py:208} INFO - Processing /opt/airflow/dags/process_reviews_dag.py took 0.576 seconds
[2026-06-07T16:59:43.141+0000] {processor.py:186} INFO - Started process (PID=81) to work on /opt/airflow/dags/process_reviews_dag.py
[2026-06-07T16:59:43.142+0000] {processor.py:914} INFO - Processing file /opt/airflow/dags/process_reviews_dag.py for tasks to queue
[2026-06-07T16:59:43.145+0000] {logging_mixin.py:190} INFO - [2026-06-07T16:59:43.144+0000] {dagbag.py:587} INFO - Filling up the DagBag from /opt/airflow/dags/process_reviews_dag.py
[2026-06-07T16:59:43.560+0000] {processor.py:925} INFO - DAG(s) 'process_reviews_dag' retrieved from /opt/airflow/dags/process_reviews_dag.py
[2026-06-07T16:59:43.576+0000] {logging_mixin.py:190} INFO - [2026-06-07T16:59:43.576+0000] {dag.py:3211} INFO - Sync 1 DAGs
[2026-06-07T16:59:43.588+0000] {logging_mixin.py:190} INFO - [2026-06-07T16:59:43.588+0000] {dag.py:4138} INFO - Setting next_dagrun for process_reviews_dag to None, run_after=None
[2026-06-07T16:59:43.619+0000] {processor.py:208} INFO - Processing /opt/airflow/dags/process_reviews_dag.py took 0.484 seconds
[2026-06-07T17:00:14.012+0000] {processor.py:186} INFO - Started process (PID=85) to work on /opt/airflow/dags/process_reviews_dag.py
[2026-06-07T17:00:14.013+0000] {processor.py:914} INFO - Processing file /opt/airflow/dags/process_reviews_dag.py for tasks to queue
[2026-06-07T17:00:14.016+0000] {logging_mixin.py:190} INFO - [2026-06-07T17:00:14.016+0000] {dagbag.py:587} INFO - Filling up the DagBag from /opt/airflow/dags/process_reviews_dag.py
[2026-06-07T17:00:14.530+0000] {processor.py:925} INFO - DAG(s) 'process_reviews_dag' retrieved from /opt/airflow/dags/process_reviews_dag.py
[2026-06-07T17:00:14.555+0000] {logging_mixin.py:190} INFO - [2026-06-07T17:00:14.555+0000] {dag.py:3211} INFO - Sync 1 DAGs
[2026-06-07T17:00:14.569+0000] {logging_mixin.py:190} INFO - [2026-06-07T17:00:14.568+0000] {dag.py:4138} INFO - Setting next_dagrun for process_reviews_dag to None, run_after=None
[2026-06-07T17:00:14.603+0000] {processor.py:208} INFO - Processing /opt/airflow/dags/process_reviews_dag.py took 0.598 seconds
[2026-06-07T17:00:45.001+0000] {processor.py:186} INFO - Started process (PID=89) to work on /opt/airflow/dags/process_reviews_dag.py
[2026-06-07T17:00:45.004+0000] {processor.py:914} INFO - Processing file /opt/airflow/dags/process_reviews_dag.py for tasks to queue
[2026-06-07T17:00:45.007+0000] {logging_mixin.py:190} INFO - [2026-06-07T17:00:45.006+0000] {dagbag.py:587} INFO - Filling up the DagBag from /opt/airflow/dags/process_reviews_dag.py
[2026-06-07T17:00:45.582+0000] {processor.py:925} INFO - DAG(s) 'process_reviews_dag' retrieved from /opt/airflow/dags/process_reviews_dag.py
[2026-06-07T17:00:45.599+0000] {logging_mixin.py:190} INFO - [2026-06-07T17:00:45.599+0000] {dag.py:3211} INFO - Sync 1 DAGs
[2026-06-07T17:00:45.609+0000] {logging_mixin.py:190} INFO - [2026-06-07T17:00:45.609+0000] {dag.py:4138} INFO - Setting next_dagrun for process_reviews_dag to None, run_after=None
[2026-06-07T17:00:45.639+0000] {processor.py:208} INFO - Processing /opt/airflow/dags/process_reviews_dag.py took 0.644 seconds
[2026-06-07T17:01:15.930+0000] {processor.py:186} INFO - Started process (PID=93) to work on /opt/airflow/dags/process_reviews_dag.py
[2026-06-07T17:01:15.932+0000] {processor.py:914} INFO - Processing file /opt/airflow/dags/process_reviews_dag.py for tasks to queue
[2026-06-07T17:01:15.935+0000] {logging_mixin.py:190} INFO - [2026-06-07T17:01:15.934+0000] {dagbag.py:587} INFO - Filling up the DagBag from /opt/airflow/dags/process_reviews_dag.py
[2026-06-07T17:01:16.473+0000] {processor.py:925} INFO - DAG(s) 'process_reviews_dag' retrieved from /opt/airflow/dags/process_reviews_dag.py
[2026-06-07T17:01:16.495+0000] {logging_mixin.py:190} INFO - [2026-06-07T17:01:16.495+0000] {dag.py:3211} INFO - Sync 1 DAGs
[2026-06-07T17:01:16.508+0000] {logging_mixin.py:190} INFO - [2026-06-07T17:01:16.508+0000] {dag.py:4138} INFO - Setting next_dagrun for process_reviews_dag to None, run_after=None
[2026-06-07T17:01:16.544+0000] {processor.py:208} INFO - Processing /opt/airflow/dags/process_reviews_dag.py took 0.621 seconds
[2026-06-07T17:01:46.800+0000] {processor.py:186} INFO - Started process (PID=97) to work on /opt/airflow/dags/process_reviews_dag.py
[2026-06-07T17:01:46.802+0000] {processor.py:914} INFO - Processing file /opt/airflow/dags/process_reviews_dag.py for tasks to queue
[2026-06-07T17:01:46.805+0000] {logging_mixin.py:190} INFO - [2026-06-07T17:01:46.804+0000] {dagbag.py:587} INFO - Filling up the DagBag from /opt/airflow/dags/process_reviews_dag.py
[2026-06-07T17:01:47.432+0000] {processor.py:925} INFO - DAG(s) 'process_reviews_dag' retrieved from /opt/airflow/dags/process_reviews_dag.py
[2026-06-07T17:01:47.448+0000] {logging_mixin.py:190} INFO - [2026-06-07T17:01:47.448+0000] {dag.py:3211} INFO - Sync 1 DAGs
[2026-06-07T17:01:47.458+0000] {logging_mixin.py:190} INFO - [2026-06-07T17:01:47.458+0000] {dag.py:4138} INFO - Setting next_dagrun for process_reviews_dag to None, run_after=None
[2026-06-07T17:01:47.489+0000] {processor.py:208} INFO - Processing /opt/airflow/dags/process_reviews_dag.py took 0.695 seconds
[2026-06-07T17:02:17.782+0000] {processor.py:186} INFO - Started process (PID=101) to work on /opt/airflow/dags/process_reviews_dag.py
[2026-06-07T17:02:17.783+0000] {processor.py:914} INFO - Processing file /opt/airflow/dags/process_reviews_dag.py for tasks to queue
[2026-06-07T17:02:17.787+0000] {logging_mixin.py:190} INFO - [2026-06-07T17:02:17.787+0000] {dagbag.py:587} INFO - Filling up the DagBag from /opt/airflow/dags/process_reviews_dag.py
[2026-06-07T17:02:18.370+0000] {processor.py:925} INFO - DAG(s) 'process_reviews_dag' retrieved from /opt/airflow/dags/process_reviews_dag.py
[2026-06-07T17:02:18.389+0000] {logging_mixin.py:190} INFO - [2026-06-07T17:02:18.389+0000] {dag.py:3211} INFO - Sync 1 DAGs
[2026-06-07T17:02:18.400+0000] {logging_mixin.py:190} INFO - [2026-06-07T17:02:18.400+0000] {dag.py:4138} INFO - Setting next_dagrun for process_reviews_dag to None, run_after=None
[2026-06-07T17:02:18.432+0000] {processor.py:208} INFO - Processing /opt/airflow/dags/process_reviews_dag.py took 0.655 seconds
[2026-06-07T17:02:48.647+0000] {processor.py:186} INFO - Started process (PID=105) to work on /opt/airflow/dags/process_reviews_dag.py
[2026-06-07T17:02:48.650+0000] {processor.py:914} INFO - Processing file /opt/airflow/dags/process_reviews_dag.py for tasks to queue
[2026-06-07T17:02:48.653+0000] {logging_mixin.py:190} INFO - [2026-06-07T17:02:48.652+0000] {dagbag.py:587} INFO - Filling up the DagBag from /opt/airflow/dags/process_reviews_dag.py
[2026-06-07T17:02:49.262+0000] {processor.py:925} INFO - DAG(s) 'process_reviews_dag' retrieved from /opt/airflow/dags/process_reviews_dag.py
[2026-06-07T17:02:49.280+0000] {logging_mixin.py:190} INFO - [2026-06-07T17:02:49.280+0000] {dag.py:3211} INFO - Sync 1 DAGs
[2026-06-07T17:02:49.291+0000] {logging_mixin.py:190} INFO - [2026-06-07T17:02:49.291+0000] {dag.py:4138} INFO - Setting next_dagrun for process_reviews_dag to None, run_after=None
[2026-06-07T17:02:49.321+0000] {processor.py:208} INFO - Processing /opt/airflow/dags/process_reviews_dag.py took 0.681 seconds
[2026-06-07T17:03:12.472+0000] {processor.py:186} INFO - Started process (PID=54) to work on /opt/airflow/dags/process_reviews_dag.py
[2026-06-07T17:03:12.474+0000] {processor.py:914} INFO - Processing file /opt/airflow/dags/process_reviews_dag.py for tasks to queue
[2026-06-07T17:03:12.478+0000] {logging_mixin.py:190} INFO - [2026-06-07T17:03:12.477+0000] {dagbag.py:587} INFO - Filling up the DagBag from /opt/airflow/dags/process_reviews_dag.py
[2026-06-07T17:03:13.008+0000] {processor.py:925} INFO - DAG(s) 'process_reviews_dag' retrieved from /opt/airflow/dags/process_reviews_dag.py
[2026-06-07T17:03:13.027+0000] {logging_mixin.py:190} INFO - [2026-06-07T17:03:13.027+0000] {dag.py:3211} INFO - Sync 1 DAGs
[2026-06-07T17:03:13.038+0000] {logging_mixin.py:190} INFO - [2026-06-07T17:03:13.037+0000] {dag.py:4138} INFO - Setting next_dagrun for process_reviews_dag to None, run_after=None
[2026-06-07T17:03:13.070+0000] {processor.py:208} INFO - Processing /opt/airflow/dags/process_reviews_dag.py took 0.603 seconds
[2026-06-07T17:03:43.582+0000] {processor.py:186} INFO - Started process (PID=65) to work on /opt/airflow/dags/process_reviews_dag.py
[2026-06-07T17:03:43.584+0000] {processor.py:914} INFO - Processing file /opt/airflow/dags/process_reviews_dag.py for tasks to queue
[2026-06-07T17:03:43.587+0000] {logging_mixin.py:190} INFO - [2026-06-07T17:03:43.586+0000] {dagbag.py:587} INFO - Filling up the DagBag from /opt/airflow/dags/process_reviews_dag.py
[2026-06-07T17:03:43.995+0000] {processor.py:925} INFO - DAG(s) 'process_reviews_dag' retrieved from /opt/airflow/dags/process_reviews_dag.py
[2026-06-07T17:03:44.016+0000] {logging_mixin.py:190} INFO - [2026-06-07T17:03:44.015+0000] {dag.py:3211} INFO - Sync 1 DAGs
[2026-06-07T17:03:44.029+0000] {logging_mixin.py:190} INFO - [2026-06-07T17:03:44.028+0000] {dag.py:4138} INFO - Setting next_dagrun for process_reviews_dag to None, run_after=None
[2026-06-07T17:03:44.062+0000] {processor.py:208} INFO - Processing /opt/airflow/dags/process_reviews_dag.py took 0.486 seconds
[2026-06-07T17:04:14.852+0000] {processor.py:186} INFO - Started process (PID=69) to work on /opt/airflow/dags/process_reviews_dag.py
[2026-06-07T17:04:14.854+0000] {processor.py:914} INFO - Processing file /opt/airflow/dags/process_reviews_dag.py for tasks to queue
[2026-06-07T17:04:14.856+0000] {logging_mixin.py:190} INFO - [2026-06-07T17:04:14.856+0000] {dagbag.py:587} INFO - Filling up the DagBag from /opt/airflow/dags/process_reviews_dag.py
[2026-06-07T17:04:15.273+0000] {processor.py:925} INFO - DAG(s) 'process_reviews_dag' retrieved from /opt/airflow/dags/process_reviews_dag.py
[2026-06-07T17:04:15.291+0000] {logging_mixin.py:190} INFO - [2026-06-07T17:04:15.290+0000] {dag.py:3211} INFO - Sync 1 DAGs
[2026-06-07T17:04:15.302+0000] {logging_mixin.py:190} INFO - [2026-06-07T17:04:15.301+0000] {dag.py:4138} INFO - Setting next_dagrun for process_reviews_dag to None, run_after=None
[2026-06-07T17:04:15.333+0000] {processor.py:208} INFO - Processing /opt/airflow/dags/process_reviews_dag.py took 0.487 seconds
[2026-06-07T17:04:46.235+0000] {processor.py:186} INFO - Started process (PID=73) to work on /opt/airflow/dags/process_reviews_dag.py
[2026-06-07T17:04:46.236+0000] {processor.py:914} INFO - Processing file /opt/airflow/dags/process_reviews_dag.py for tasks to queue
[2026-06-07T17:04:46.240+0000] {logging_mixin.py:190} INFO - [2026-06-07T17:04:46.239+0000] {dagbag.py:587} INFO - Filling up the DagBag from /opt/airflow/dags/process_reviews_dag.py
[2026-06-07T17:04:46.671+0000] {processor.py:925} INFO - DAG(s) 'process_reviews_dag' retrieved from /opt/airflow/dags/process_reviews_dag.py
[2026-06-07T17:04:46.687+0000] {logging_mixin.py:190} INFO - [2026-06-07T17:04:46.687+0000] {dag.py:3211} INFO - Sync 1 DAGs
[2026-06-07T17:04:46.697+0000] {logging_mixin.py:190} INFO - [2026-06-07T17:04:46.697+0000] {dag.py:4138} INFO - Setting next_dagrun for process_reviews_dag to None, run_after=None
[2026-06-07T17:04:46.726+0000] {processor.py:208} INFO - Processing /opt/airflow/dags/process_reviews_dag.py took 0.499 seconds
[2026-06-07T17:05:17.058+0000] {processor.py:186} INFO - Started process (PID=77) to work on /opt/airflow/dags/process_reviews_dag.py
[2026-06-07T17:05:17.060+0000] {processor.py:914} INFO - Processing file /opt/airflow/dags/process_reviews_dag.py for tasks to queue
[2026-06-07T17:05:17.063+0000] {logging_mixin.py:190} INFO - [2026-06-07T17:05:17.062+0000] {dagbag.py:587} INFO - Filling up the DagBag from /opt/airflow/dags/process_reviews_dag.py
[2026-06-07T17:05:17.572+0000] {processor.py:925} INFO - DAG(s) 'process_reviews_dag' retrieved from /opt/airflow/dags/process_reviews_dag.py
[2026-06-07T17:05:17.590+0000] {logging_mixin.py:190} INFO - [2026-06-07T17:05:17.590+0000] {dag.py:3211} INFO - Sync 1 DAGs
[2026-06-07T17:05:17.600+0000] {logging_mixin.py:190} INFO - [2026-06-07T17:05:17.600+0000] {dag.py:4138} INFO - Setting next_dagrun for process_reviews_dag to None, run_after=None
[2026-06-07T17:05:17.631+0000] {processor.py:208} INFO - Processing /opt/airflow/dags/process_reviews_dag.py took 0.578 seconds
[2026-06-07T17:05:48.057+0000] {processor.py:186} INFO - Started process (PID=95) to work on /opt/airflow/dags/process_reviews_dag.py
[2026-06-07T17:05:48.058+0000] {processor.py:914} INFO - Processing file /opt/airflow/dags/process_reviews_dag.py for tasks to queue
[2026-06-07T17:05:48.061+0000] {logging_mixin.py:190} INFO - [2026-06-07T17:05:48.061+0000] {dagbag.py:587} INFO - Filling up the DagBag from /opt/airflow/dags/process_reviews_dag.py
[2026-06-07T17:05:48.545+0000] {processor.py:925} INFO - DAG(s) 'process_reviews_dag' retrieved from /opt/airflow/dags/process_reviews_dag.py
[2026-06-07T17:05:48.563+0000] {logging_mixin.py:190} INFO - [2026-06-07T17:05:48.563+0000] {dag.py:3211} INFO - Sync 1 DAGs
[2026-06-07T17:05:48.575+0000] {logging_mixin.py:190} INFO - [2026-06-07T17:05:48.574+0000] {dag.py:4138} INFO - Setting next_dagrun for process_reviews_dag to None, run_after=None
[2026-06-07T17:05:48.607+0000] {processor.py:208} INFO - Processing /opt/airflow/dags/process_reviews_dag.py took 0.555 seconds
[2026-06-07T17:06:18.809+0000] {processor.py:186} INFO - Started process (PID=113) to work on /opt/airflow/dags/process_reviews_dag.py
[2026-06-07T17:06:18.811+0000] {processor.py:914} INFO - Processing file /opt/airflow/dags/process_reviews_dag.py for tasks to queue
[2026-06-07T17:06:18.813+0000] {logging_mixin.py:190} INFO - [2026-06-07T17:06:18.813+0000] {dagbag.py:587} INFO - Filling up the DagBag from /opt/airflow/dags/process_reviews_dag.py
[2026-06-07T17:06:19.309+0000] {processor.py:925} INFO - DAG(s) 'process_reviews_dag' retrieved from /opt/airflow/dags/process_reviews_dag.py
[2026-06-07T17:06:19.327+0000] {logging_mixin.py:190} INFO - [2026-06-07T17:06:19.327+0000] {dag.py:3211} INFO - Sync 1 DAGs
[2026-06-07T17:06:19.338+0000] {logging_mixin.py:190} INFO - [2026-06-07T17:06:19.338+0000] {dag.py:4138} INFO - Setting next_dagrun for process_reviews_dag to None, run_after=None
[2026-06-07T17:06:19.368+0000] {processor.py:208} INFO - Processing /opt/airflow/dags/process_reviews_dag.py took 0.565 seconds
[2026-06-07T17:06:49.636+0000] {processor.py:186} INFO - Started process (PID=117) to work on /opt/airflow/dags/process_reviews_dag.py
[2026-06-07T17:06:49.639+0000] {processor.py:914} INFO - Processing file /opt/airflow/dags/process_reviews_dag.py for tasks to queue
[2026-06-07T17:06:49.642+0000] {logging_mixin.py:190} INFO - [2026-06-07T17:06:49.642+0000] {dagbag.py:587} INFO - Filling up the DagBag from /opt/airflow/dags/process_reviews_dag.py
[2026-06-07T17:06:50.234+0000] {processor.py:925} INFO - DAG(s) 'process_reviews_dag' retrieved from /opt/airflow/dags/process_reviews_dag.py
[2026-06-07T17:06:50.305+0000] {logging_mixin.py:190} INFO - [2026-06-07T17:06:50.304+0000] {dag.py:3211} INFO - Sync 1 DAGs
[2026-06-07T17:06:50.330+0000] {logging_mixin.py:190} INFO - [2026-06-07T17:06:50.329+0000] {dag.py:4138} INFO - Setting next_dagrun for process_reviews_dag to None, run_after=None
[2026-06-07T17:06:50.395+0000] {processor.py:208} INFO - Processing /opt/airflow/dags/process_reviews_dag.py took 0.766 seconds
[2026-06-07T17:07:20.593+0000] {processor.py:186} INFO - Started process (PID=121) to work on /opt/airflow/dags/process_reviews_dag.py
[2026-06-07T17:07:20.594+0000] {processor.py:914} INFO - Processing file /opt/airflow/dags/process_reviews_dag.py for tasks to queue
[2026-06-07T17:07:20.597+0000] {logging_mixin.py:190} INFO - [2026-06-07T17:07:20.597+0000] {dagbag.py:587} INFO - Filling up the DagBag from /opt/airflow/dags/process_reviews_dag.py
[2026-06-07T17:07:21.055+0000] {processor.py:925} INFO - DAG(s) 'process_reviews_dag' retrieved from /opt/airflow/dags/process_reviews_dag.py
[2026-06-07T17:07:21.074+0000] {logging_mixin.py:190} INFO - [2026-06-07T17:07:21.074+0000] {dag.py:3211} INFO - Sync 1 DAGs
[2026-06-07T17:07:21.085+0000] {logging_mixin.py:190} INFO - [2026-06-07T17:07:21.085+0000] {dag.py:4138} INFO - Setting next_dagrun for process_reviews_dag to None, run_after=None
[2026-06-07T17:07:21.114+0000] {processor.py:208} INFO - Processing /opt/airflow/dags/process_reviews_dag.py took 0.528 seconds
[2026-06-07T17:07:51.480+0000] {processor.py:186} INFO - Started process (PID=125) to work on /opt/airflow/dags/process_reviews_dag.py
[2026-06-07T17:07:51.481+0000] {processor.py:914} INFO - Processing file /opt/airflow/dags/process_reviews_dag.py for tasks to queue
[2026-06-07T17:07:51.484+0000] {logging_mixin.py:190} INFO - [2026-06-07T17:07:51.484+0000] {dagbag.py:587} INFO - Filling up the DagBag from /opt/airflow/dags/process_reviews_dag.py
[2026-06-07T17:07:51.954+0000] {processor.py:925} INFO - DAG(s) 'process_reviews_dag' retrieved from /opt/airflow/dags/process_reviews_dag.py
[2026-06-07T17:07:51.972+0000] {logging_mixin.py:190} INFO - [2026-06-07T17:07:51.972+0000] {dag.py:3211} INFO - Sync 1 DAGs
[2026-06-07T17:07:51.982+0000] {logging_mixin.py:190} INFO - [2026-06-07T17:07:51.981+0000] {dag.py:4138} INFO - Setting next_dagrun for process_reviews_dag to None, run_after=None
[2026-06-07T17:07:52.012+0000] {processor.py:208} INFO - Processing /opt/airflow/dags/process_reviews_dag.py took 0.539 seconds
[2026-06-07T17:08:23.375+0000] {processor.py:186} INFO - Started process (PID=129) to work on /opt/airflow/dags/process_reviews_dag.py
[2026-06-07T17:08:23.376+0000] {processor.py:914} INFO - Processing file /opt/airflow/dags/process_reviews_dag.py for tasks to queue
[2026-06-07T17:08:23.380+0000] {logging_mixin.py:190} INFO - [2026-06-07T17:08:23.379+0000] {dagbag.py:587} INFO - Filling up the DagBag from /opt/airflow/dags/process_reviews_dag.py
[2026-06-07T17:08:23.875+0000] {processor.py:925} INFO - DAG(s) 'process_reviews_dag' retrieved from /opt/airflow/dags/process_reviews_dag.py
[2026-06-07T17:08:23.893+0000] {logging_mixin.py:190} INFO - [2026-06-07T17:08:23.892+0000] {dag.py:3211} INFO - Sync 1 DAGs
[2026-06-07T17:08:23.904+0000] {logging_mixin.py:190} INFO - [2026-06-07T17:08:23.903+0000] {dag.py:4138} INFO - Setting next_dagrun for process_reviews_dag to None, run_after=None
[2026-06-07T17:08:23.935+0000] {processor.py:208} INFO - Processing /opt/airflow/dags/process_reviews_dag.py took 0.568 seconds
[2026-06-07T17:08:54.339+0000] {processor.py:186} INFO - Started process (PID=133) to work on /opt/airflow/dags/process_reviews_dag.py
[2026-06-07T17:08:54.341+0000] {processor.py:914} INFO - Processing file /opt/airflow/dags/process_reviews_dag.py for tasks to queue
[2026-06-07T17:08:54.344+0000] {logging_mixin.py:190} INFO - [2026-06-07T17:08:54.343+0000] {dagbag.py:587} INFO - Filling up the DagBag from /opt/airflow/dags/process_reviews_dag.py
[2026-06-07T17:08:54.807+0000] {processor.py:925} INFO - DAG(s) 'process_reviews_dag' retrieved from /opt/airflow/dags/process_reviews_dag.py
[2026-06-07T17:08:54.828+0000] {logging_mixin.py:190} INFO - [2026-06-07T17:08:54.827+0000] {dag.py:3211} INFO - Sync 1 DAGs
[2026-06-07T17:08:54.839+0000] {logging_mixin.py:190} INFO - [2026-06-07T17:08:54.838+0000] {dag.py:4138} INFO - Setting next_dagrun for process_reviews_dag to None, run_after=None
[2026-06-07T17:08:54.875+0000] {processor.py:208} INFO - Processing /opt/airflow/dags/process_reviews_dag.py took 0.541 seconds
[2026-06-07T17:09:25.233+0000] {processor.py:186} INFO - Started process (PID=137) to work on /opt/airflow/dags/process_reviews_dag.py
[2026-06-07T17:09:25.234+0000] {processor.py:914} INFO - Processing file /opt/airflow/dags/process_reviews_dag.py for tasks to queue
[2026-06-07T17:09:25.237+0000] {logging_mixin.py:190} INFO - [2026-06-07T17:09:25.236+0000] {dagbag.py:587} INFO - Filling up the DagBag from /opt/airflow/dags/process_reviews_dag.py
[2026-06-07T17:09:25.747+0000] {processor.py:925} INFO - DAG(s) 'process_reviews_dag' retrieved from /opt/airflow/dags/process_reviews_dag.py
[2026-06-07T17:09:25.762+0000] {logging_mixin.py:190} INFO - [2026-06-07T17:09:25.762+0000] {dag.py:3211} INFO - Sync 1 DAGs
[2026-06-07T17:09:25.772+0000] {logging_mixin.py:190} INFO - [2026-06-07T17:09:25.772+0000] {dag.py:4138} INFO - Setting next_dagrun for process_reviews_dag to None, run_after=None
[2026-06-07T17:09:25.801+0000] {processor.py:208} INFO - Processing /opt/airflow/dags/process_reviews_dag.py took 0.574 seconds
[2026-06-07T17:09:56.193+0000] {processor.py:186} INFO - Started process (PID=141) to work on /opt/airflow/dags/process_reviews_dag.py
[2026-06-07T17:09:56.195+0000] {processor.py:914} INFO - Processing file /opt/airflow/dags/process_reviews_dag.py for tasks to queue
[2026-06-07T17:09:56.198+0000] {logging_mixin.py:190} INFO - [2026-06-07T17:09:56.198+0000] {dagbag.py:587} INFO - Filling up the DagBag from /opt/airflow/dags/process_reviews_dag.py
[2026-06-07T17:09:56.707+0000] {processor.py:925} INFO - DAG(s) 'process_reviews_dag' retrieved from /opt/airflow/dags/process_reviews_dag.py
[2026-06-07T17:09:56.723+0000] {logging_mixin.py:190} INFO - [2026-06-07T17:09:56.723+0000] {dag.py:3211} INFO - Sync 1 DAGs
[2026-06-07T17:09:56.734+0000] {logging_mixin.py:190} INFO - [2026-06-07T17:09:56.734+0000] {dag.py:4138} INFO - Setting next_dagrun for process_reviews_dag to None, run_after=None
[2026-06-07T17:09:56.762+0000] {processor.py:208} INFO - Processing /opt/airflow/dags/process_reviews_dag.py took 0.575 seconds
[2026-06-07T17:10:26.882+0000] {processor.py:186} INFO - Started process (PID=145) to work on /opt/airflow/dags/process_reviews_dag.py
[2026-06-07T17:10:26.883+0000] {processor.py:914} INFO - Processing file /opt/airflow/dags/process_reviews_dag.py for tasks to queue
[2026-06-07T17:10:26.886+0000] {logging_mixin.py:190} INFO - [2026-06-07T17:10:26.885+0000] {dagbag.py:587} INFO - Filling up the DagBag from /opt/airflow/dags/process_reviews_dag.py
[2026-06-07T17:10:27.384+0000] {processor.py:925} INFO - DAG(s) 'process_reviews_dag' retrieved from /opt/airflow/dags/process_reviews_dag.py
[2026-06-07T17:10:27.405+0000] {logging_mixin.py:190} INFO - [2026-06-07T17:10:27.405+0000] {dag.py:3211} INFO - Sync 1 DAGs
[2026-06-07T17:10:27.418+0000] {logging_mixin.py:190} INFO - [2026-06-07T17:10:27.417+0000] {dag.py:4138} INFO - Setting next_dagrun for process_reviews_dag to None, run_after=None
[2026-06-07T17:10:27.455+0000] {processor.py:208} INFO - Processing /opt/airflow/dags/process_reviews_dag.py took 0.579 seconds
[2026-06-07T17:10:57.613+0000] {processor.py:186} INFO - Started process (PID=149) to work on /opt/airflow/dags/process_reviews_dag.py
[2026-06-07T17:10:57.614+0000] {processor.py:914} INFO - Processing file /opt/airflow/dags/process_reviews_dag.py for tasks to queue
[2026-06-07T17:10:57.618+0000] {logging_mixin.py:190} INFO - [2026-06-07T17:10:57.618+0000] {dagbag.py:587} INFO - Filling up the DagBag from /opt/airflow/dags/process_reviews_dag.py
[2026-06-07T17:10:58.135+0000] {processor.py:925} INFO - DAG(s) 'process_reviews_dag' retrieved from /opt/airflow/dags/process_reviews_dag.py
[2026-06-07T17:10:58.154+0000] {logging_mixin.py:190} INFO - [2026-06-07T17:10:58.154+0000] {dag.py:3211} INFO - Sync 1 DAGs
[2026-06-07T17:10:58.170+0000] {logging_mixin.py:190} INFO - [2026-06-07T17:10:58.169+0000] {dag.py:4138} INFO - Setting next_dagrun for process_reviews_dag to None, run_after=None
[2026-06-07T17:10:58.202+0000] {processor.py:208} INFO - Processing /opt/airflow/dags/process_reviews_dag.py took 0.598 seconds
[2026-06-07T17:11:28.383+0000] {processor.py:186} INFO - Started process (PID=159) to work on /opt/airflow/dags/process_reviews_dag.py
[2026-06-07T17:11:28.384+0000] {processor.py:914} INFO - Processing file /opt/airflow/dags/process_reviews_dag.py for tasks to queue
[2026-06-07T17:11:28.387+0000] {logging_mixin.py:190} INFO - [2026-06-07T17:11:28.386+0000] {dagbag.py:587} INFO - Filling up the DagBag from /opt/airflow/dags/process_reviews_dag.py
[2026-06-07T17:11:28.933+0000] {processor.py:925} INFO - DAG(s) 'process_reviews_dag' retrieved from /opt/airflow/dags/process_reviews_dag.py
[2026-06-07T17:11:28.951+0000] {logging_mixin.py:190} INFO - [2026-06-07T17:11:28.951+0000] {dag.py:3211} INFO - Sync 1 DAGs
[2026-06-07T17:11:28.961+0000] {logging_mixin.py:190} INFO - [2026-06-07T17:11:28.960+0000] {dag.py:4138} INFO - Setting next_dagrun for process_reviews_dag to None, run_after=None
[2026-06-07T17:11:28.995+0000] {processor.py:208} INFO - Processing /opt/airflow/dags/process_reviews_dag.py took 0.619 seconds
[2026-06-07T17:12:15.475+0000] {processor.py:186} INFO - Started process (PID=54) to work on /opt/airflow/dags/process_reviews_dag.py
[2026-06-07T17:12:15.476+0000] {processor.py:914} INFO - Processing file /opt/airflow/dags/process_reviews_dag.py for tasks to queue
[2026-06-07T17:12:15.480+0000] {logging_mixin.py:190} INFO - [2026-06-07T17:12:15.479+0000] {dagbag.py:587} INFO - Filling up the DagBag from /opt/airflow/dags/process_reviews_dag.py
[2026-06-07T17:12:16.065+0000] {processor.py:925} INFO - DAG(s) 'process_reviews_dag' retrieved from /opt/airflow/dags/process_reviews_dag.py
[2026-06-07T17:12:16.093+0000] {logging_mixin.py:190} INFO - [2026-06-07T17:12:16.093+0000] {dag.py:3211} INFO - Sync 1 DAGs
[2026-06-07T17:12:16.105+0000] {logging_mixin.py:190} INFO - [2026-06-07T17:12:16.105+0000] {dag.py:4138} INFO - Setting next_dagrun for process_reviews_dag to None, run_after=None
[2026-06-07T17:12:16.134+0000] {processor.py:208} INFO - Processing /opt/airflow/dags/process_reviews_dag.py took 0.665 seconds
[2026-06-07T17:12:46.395+0000] {processor.py:186} INFO - Started process (PID=76) to work on /opt/airflow/dags/process_reviews_dag.py
[2026-06-07T17:12:46.397+0000] {processor.py:914} INFO - Processing file /opt/airflow/dags/process_reviews_dag.py for tasks to queue
[2026-06-07T17:12:46.401+0000] {logging_mixin.py:190} INFO - [2026-06-07T17:12:46.400+0000] {dagbag.py:587} INFO - Filling up the DagBag from /opt/airflow/dags/process_reviews_dag.py
[2026-06-07T17:12:46.902+0000] {processor.py:925} INFO - DAG(s) 'process_reviews_dag' retrieved from /opt/airflow/dags/process_reviews_dag.py
[2026-06-07T17:12:46.920+0000] {logging_mixin.py:190} INFO - [2026-06-07T17:12:46.919+0000] {dag.py:3211} INFO - Sync 1 DAGs
[2026-06-07T17:12:46.929+0000] {logging_mixin.py:190} INFO - [2026-06-07T17:12:46.929+0000] {dag.py:4138} INFO - Setting next_dagrun for process_reviews_dag to None, run_after=None
[2026-06-07T17:12:46.963+0000] {processor.py:208} INFO - Processing /opt/airflow/dags/process_reviews_dag.py took 0.574 seconds
[2026-06-07T17:13:17.985+0000] {processor.py:186} INFO - Started process (PID=80) to work on /opt/airflow/dags/process_reviews_dag.py
[2026-06-07T17:13:17.986+0000] {processor.py:914} INFO - Processing file /opt/airflow/dags/process_reviews_dag.py for tasks to queue
[2026-06-07T17:13:17.991+0000] {logging_mixin.py:190} INFO - [2026-06-07T17:13:17.990+0000] {dagbag.py:587} INFO - Filling up the DagBag from /opt/airflow/dags/process_reviews_dag.py
[2026-06-07T17:13:18.480+0000] {processor.py:925} INFO - DAG(s) 'process_reviews_dag' retrieved from /opt/airflow/dags/process_reviews_dag.py
[2026-06-07T17:13:18.497+0000] {logging_mixin.py:190} INFO - [2026-06-07T17:13:18.496+0000] {dag.py:3211} INFO - Sync 1 DAGs
[2026-06-07T17:13:18.506+0000] {logging_mixin.py:190} INFO - [2026-06-07T17:13:18.506+0000] {dag.py:4138} INFO - Setting next_dagrun for process_reviews_dag to None, run_after=None
[2026-06-07T17:13:18.539+0000] {processor.py:208} INFO - Processing /opt/airflow/dags/process_reviews_dag.py took 0.561 seconds
[2026-06-07T17:13:49.188+0000] {processor.py:186} INFO - Started process (PID=84) to work on /opt/airflow/dags/process_reviews_dag.py
[2026-06-07T17:13:49.189+0000] {processor.py:914} INFO - Processing file /opt/airflow/dags/process_reviews_dag.py for tasks to queue
[2026-06-07T17:13:49.191+0000] {logging_mixin.py:190} INFO - [2026-06-07T17:13:49.191+0000] {dagbag.py:587} INFO - Filling up the DagBag from /opt/airflow/dags/process_reviews_dag.py
[2026-06-07T17:13:49.671+0000] {processor.py:925} INFO - DAG(s) 'process_reviews_dag' retrieved from /opt/airflow/dags/process_reviews_dag.py
[2026-06-07T17:13:49.686+0000] {logging_mixin.py:190} INFO - [2026-06-07T17:13:49.686+0000] {dag.py:3211} INFO - Sync 1 DAGs
[2026-06-07T17:13:49.700+0000] {logging_mixin.py:190} INFO - [2026-06-07T17:13:49.700+0000] {dag.py:4138} INFO - Setting next_dagrun for process_reviews_dag to None, run_after=None
[2026-06-07T17:13:49.730+0000] {processor.py:208} INFO - Processing /opt/airflow/dags/process_reviews_dag.py took 0.548 seconds
[2026-06-07T17:14:20.021+0000] {processor.py:186} INFO - Started process (PID=88) to work on /opt/airflow/dags/process_reviews_dag.py
[2026-06-07T17:14:20.022+0000] {processor.py:914} INFO - Processing file /opt/airflow/dags/process_reviews_dag.py for tasks to queue
[2026-06-07T17:14:20.026+0000] {logging_mixin.py:190} INFO - [2026-06-07T17:14:20.025+0000] {dagbag.py:587} INFO - Filling up the DagBag from /opt/airflow/dags/process_reviews_dag.py
[2026-06-07T17:14:20.527+0000] {processor.py:925} INFO - DAG(s) 'process_reviews_dag' retrieved from /opt/airflow/dags/process_reviews_dag.py
[2026-06-07T17:14:20.543+0000] {logging_mixin.py:190} INFO - [2026-06-07T17:14:20.543+0000] {dag.py:3211} INFO - Sync 1 DAGs
[2026-06-07T17:14:20.553+0000] {logging_mixin.py:190} INFO - [2026-06-07T17:14:20.552+0000] {dag.py:4138} INFO - Setting next_dagrun for process_reviews_dag to None, run_after=None
[2026-06-07T17:14:20.582+0000] {processor.py:208} INFO - Processing /opt/airflow/dags/process_reviews_dag.py took 0.566 seconds
[2026-06-07T17:14:50.815+0000] {processor.py:186} INFO - Started process (PID=92) to work on /opt/airflow/dags/process_reviews_dag.py
[2026-06-07T17:14:50.817+0000] {processor.py:914} INFO - Processing file /opt/airflow/dags/process_reviews_dag.py for tasks to queue
[2026-06-07T17:14:50.820+0000] {logging_mixin.py:190} INFO - [2026-06-07T17:14:50.820+0000] {dagbag.py:587} INFO - Filling up the DagBag from /opt/airflow/dags/process_reviews_dag.py
[2026-06-07T17:14:51.241+0000] {processor.py:925} INFO - DAG(s) 'process_reviews_dag' retrieved from /opt/airflow/dags/process_reviews_dag.py
[2026-06-07T17:14:51.256+0000] {logging_mixin.py:190} INFO - [2026-06-07T17:14:51.256+0000] {dag.py:3211} INFO - Sync 1 DAGs
[2026-06-07T17:14:51.267+0000] {logging_mixin.py:190} INFO - [2026-06-07T17:14:51.267+0000] {dag.py:4138} INFO - Setting next_dagrun for process_reviews_dag to None, run_after=None
[2026-06-07T17:14:51.294+0000] {processor.py:208} INFO - Processing /opt/airflow/dags/process_reviews_dag.py took 0.485 seconds
[2026-06-07T17:15:21.684+0000] {processor.py:186} INFO - Started process (PID=96) to work on /opt/airflow/dags/process_reviews_dag.py
[2026-06-07T17:15:21.686+0000] {processor.py:914} INFO - Processing file /opt/airflow/dags/process_reviews_dag.py for tasks to queue
[2026-06-07T17:15:21.688+0000] {logging_mixin.py:190} INFO - [2026-06-07T17:15:21.688+0000] {dagbag.py:587} INFO - Filling up the DagBag from /opt/airflow/dags/process_reviews_dag.py
[2026-06-07T17:15:22.151+0000] {processor.py:925} INFO - DAG(s) 'process_reviews_dag' retrieved from /opt/airflow/dags/process_reviews_dag.py
[2026-06-07T17:15:22.170+0000] {logging_mixin.py:190} INFO - [2026-06-07T17:15:22.169+0000] {dag.py:3211} INFO - Sync 1 DAGs
[2026-06-07T17:15:22.179+0000] {logging_mixin.py:190} INFO - [2026-06-07T17:15:22.179+0000] {dag.py:4138} INFO - Setting next_dagrun for process_reviews_dag to None, run_after=None
[2026-06-07T17:15:22.210+0000] {processor.py:208} INFO - Processing /opt/airflow/dags/process_reviews_dag.py took 0.532 seconds
[2026-06-07T17:15:52.625+0000] {processor.py:186} INFO - Started process (PID=100) to work on /opt/airflow/dags/process_reviews_dag.py
[2026-06-07T17:15:52.626+0000] {processor.py:914} INFO - Processing file /opt/airflow/dags/process_reviews_dag.py for tasks to queue
[2026-06-07T17:15:52.629+0000] {logging_mixin.py:190} INFO - [2026-06-07T17:15:52.628+0000] {dagbag.py:587} INFO - Filling up the DagBag from /opt/airflow/dags/process_reviews_dag.py
[2026-06-07T17:15:53.088+0000] {processor.py:925} INFO - DAG(s) 'process_reviews_dag' retrieved from /opt/airflow/dags/process_reviews_dag.py
[2026-06-07T17:15:53.106+0000] {logging_mixin.py:190} INFO - [2026-06-07T17:15:53.106+0000] {dag.py:3211} INFO - Sync 1 DAGs
[2026-06-07T17:15:53.117+0000] {logging_mixin.py:190} INFO - [2026-06-07T17:15:53.117+0000] {dag.py:4138} INFO - Setting next_dagrun for process_reviews_dag to None, run_after=None
[2026-06-07T17:15:53.143+0000] {processor.py:208} INFO - Processing /opt/airflow/dags/process_reviews_dag.py took 0.524 seconds
[2026-06-07T17:16:32.307+0000] {processor.py:186} INFO - Started process (PID=126) to work on /opt/airflow/dags/process_reviews_dag.py
[2026-06-07T17:16:32.308+0000] {processor.py:914} INFO - Processing file /opt/airflow/dags/process_reviews_dag.py for tasks to queue
[2026-06-07T17:16:32.311+0000] {logging_mixin.py:190} INFO - [2026-06-07T17:16:32.310+0000] {dagbag.py:587} INFO - Filling up the DagBag from /opt/airflow/dags/process_reviews_dag.py
[2026-06-07T17:16:32.830+0000] {processor.py:925} INFO - DAG(s) 'process_reviews_dag' retrieved from /opt/airflow/dags/process_reviews_dag.py
[2026-06-07T17:16:32.846+0000] {logging_mixin.py:190} INFO - [2026-06-07T17:16:32.846+0000] {dag.py:3211} INFO - Sync 1 DAGs
[2026-06-07T17:16:32.855+0000] {logging_mixin.py:190} INFO - [2026-06-07T17:16:32.855+0000] {dag.py:4138} INFO - Setting next_dagrun for process_reviews_dag to None, run_after=None
[2026-06-07T17:16:32.884+0000] {processor.py:208} INFO - Processing /opt/airflow/dags/process_reviews_dag.py took 0.584 seconds
[2026-06-07T17:17:15.703+0000] {processor.py:186} INFO - Started process (PID=163) to work on /opt/airflow/dags/process_reviews_dag.py
[2026-06-07T17:17:15.704+0000] {processor.py:914} INFO - Processing file /opt/airflow/dags/process_reviews_dag.py for tasks to queue
[2026-06-07T17:17:15.708+0000] {logging_mixin.py:190} INFO - [2026-06-07T17:17:15.707+0000] {dagbag.py:587} INFO - Filling up the DagBag from /opt/airflow/dags/process_reviews_dag.py
[2026-06-07T17:17:16.196+0000] {processor.py:925} INFO - DAG(s) 'process_reviews_dag' retrieved from /opt/airflow/dags/process_reviews_dag.py
[2026-06-07T17:17:16.212+0000] {logging_mixin.py:190} INFO - [2026-06-07T17:17:16.212+0000] {dag.py:3211} INFO - Sync 1 DAGs
[2026-06-07T17:17:16.222+0000] {logging_mixin.py:190} INFO - [2026-06-07T17:17:16.221+0000] {dag.py:4138} INFO - Setting next_dagrun for process_reviews_dag to None, run_after=None
[2026-06-07T17:17:16.250+0000] {processor.py:208} INFO - Processing /opt/airflow/dags/process_reviews_dag.py took 0.555 seconds
[2026-06-07T17:17:46.825+0000] {processor.py:186} INFO - Started process (PID=181) to work on /opt/airflow/dags/process_reviews_dag.py
[2026-06-07T17:17:46.828+0000] {processor.py:914} INFO - Processing file /opt/airflow/dags/process_reviews_dag.py for tasks to queue
[2026-06-07T17:17:46.832+0000] {logging_mixin.py:190} INFO - [2026-06-07T17:17:46.831+0000] {dagbag.py:587} INFO - Filling up the DagBag from /opt/airflow/dags/process_reviews_dag.py
[2026-06-07T17:17:47.292+0000] {processor.py:925} INFO - DAG(s) 'process_reviews_dag' retrieved from /opt/airflow/dags/process_reviews_dag.py
[2026-06-07T17:17:47.312+0000] {logging_mixin.py:190} INFO - [2026-06-07T17:17:47.312+0000] {dag.py:3211} INFO - Sync 1 DAGs
[2026-06-07T17:17:47.323+0000] {logging_mixin.py:190} INFO - [2026-06-07T17:17:47.323+0000] {dag.py:4138} INFO - Setting next_dagrun for process_reviews_dag to None, run_after=None
[2026-06-07T17:17:47.351+0000] {processor.py:208} INFO - Processing /opt/airflow/dags/process_reviews_dag.py took 0.535 seconds
[2026-06-07T17:18:17.668+0000] {processor.py:186} INFO - Started process (PID=185) to work on /opt/airflow/dags/process_reviews_dag.py
[2026-06-07T17:18:17.669+0000] {processor.py:914} INFO - Processing file /opt/airflow/dags/process_reviews_dag.py for tasks to queue
[2026-06-07T17:18:17.673+0000] {logging_mixin.py:190} INFO - [2026-06-07T17:18:17.673+0000] {dagbag.py:587} INFO - Filling up the DagBag from /opt/airflow/dags/process_reviews_dag.py
[2026-06-07T17:18:18.205+0000] {processor.py:925} INFO - DAG(s) 'process_reviews_dag' retrieved from /opt/airflow/dags/process_reviews_dag.py
[2026-06-07T17:18:18.226+0000] {logging_mixin.py:190} INFO - [2026-06-07T17:18:18.225+0000] {dag.py:3211} INFO - Sync 1 DAGs
[2026-06-07T17:18:18.241+0000] {logging_mixin.py:190} INFO - [2026-06-07T17:18:18.241+0000] {dag.py:4138} INFO - Setting next_dagrun for process_reviews_dag to None, run_after=None
[2026-06-07T17:18:18.270+0000] {processor.py:208} INFO - Processing /opt/airflow/dags/process_reviews_dag.py took 0.610 seconds
[2026-06-07T17:18:48.539+0000] {processor.py:186} INFO - Started process (PID=189) to work on /opt/airflow/dags/process_reviews_dag.py
[2026-06-07T17:18:48.541+0000] {processor.py:914} INFO - Processing file /opt/airflow/dags/process_reviews_dag.py for tasks to queue
[2026-06-07T17:18:48.544+0000] {logging_mixin.py:190} INFO - [2026-06-07T17:18:48.543+0000] {dagbag.py:587} INFO - Filling up the DagBag from /opt/airflow/dags/process_reviews_dag.py
[2026-06-07T17:18:49.005+0000] {processor.py:925} INFO - DAG(s) 'process_reviews_dag' retrieved from /opt/airflow/dags/process_reviews_dag.py
[2026-06-07T17:18:49.023+0000] {logging_mixin.py:190} INFO - [2026-06-07T17:18:49.023+0000] {dag.py:3211} INFO - Sync 1 DAGs
[2026-06-07T17:18:49.033+0000] {logging_mixin.py:190} INFO - [2026-06-07T17:18:49.033+0000] {dag.py:4138} INFO - Setting next_dagrun for process_reviews_dag to None, run_after=None
[2026-06-07T17:18:49.065+0000] {processor.py:208} INFO - Processing /opt/airflow/dags/process_reviews_dag.py took 0.532 seconds
[2026-06-07T17:19:19.316+0000] {processor.py:186} INFO - Started process (PID=193) to work on /opt/airflow/dags/process_reviews_dag.py
[2026-06-07T17:19:19.318+0000] {processor.py:914} INFO - Processing file /opt/airflow/dags/process_reviews_dag.py for tasks to queue
[2026-06-07T17:19:19.321+0000] {logging_mixin.py:190} INFO - [2026-06-07T17:19:19.321+0000] {dagbag.py:587} INFO - Filling up the DagBag from /opt/airflow/dags/process_reviews_dag.py
[2026-06-07T17:19:19.851+0000] {processor.py:925} INFO - DAG(s) 'process_reviews_dag' retrieved from /opt/airflow/dags/process_reviews_dag.py
[2026-06-07T17:19:19.875+0000] {logging_mixin.py:190} INFO - [2026-06-07T17:19:19.875+0000] {dag.py:3211} INFO - Sync 1 DAGs
[2026-06-07T17:19:19.886+0000] {logging_mixin.py:190} INFO - [2026-06-07T17:19:19.886+0000] {dag.py:4138} INFO - Setting next_dagrun for process_reviews_dag to None, run_after=None
[2026-06-07T17:19:19.910+0000] {processor.py:208} INFO - Processing /opt/airflow/dags/process_reviews_dag.py took 0.600 seconds
[2026-06-07T17:19:50.197+0000] {processor.py:186} INFO - Started process (PID=197) to work on /opt/airflow/dags/process_reviews_dag.py
[2026-06-07T17:19:50.198+0000] {processor.py:914} INFO - Processing file /opt/airflow/dags/process_reviews_dag.py for tasks to queue
[2026-06-07T17:19:50.203+0000] {logging_mixin.py:190} INFO - [2026-06-07T17:19:50.201+0000] {dagbag.py:587} INFO - Filling up the DagBag from /opt/airflow/dags/process_reviews_dag.py
[2026-06-07T17:19:50.785+0000] {processor.py:925} INFO - DAG(s) 'process_reviews_dag' retrieved from /opt/airflow/dags/process_reviews_dag.py
[2026-06-07T17:19:50.806+0000] {logging_mixin.py:190} INFO - [2026-06-07T17:19:50.806+0000] {dag.py:3211} INFO - Sync 1 DAGs
[2026-06-07T17:19:50.820+0000] {logging_mixin.py:190} INFO - [2026-06-07T17:19:50.819+0000] {dag.py:4138} INFO - Setting next_dagrun for process_reviews_dag to None, run_after=None
[2026-06-07T17:19:50.855+0000] {processor.py:208} INFO - Processing /opt/airflow/dags/process_reviews_dag.py took 0.665 seconds
[2026-06-07T17:20:21.076+0000] {processor.py:186} INFO - Started process (PID=201) to work on /opt/airflow/dags/process_reviews_dag.py
[2026-06-07T17:20:21.078+0000] {processor.py:914} INFO - Processing file /opt/airflow/dags/process_reviews_dag.py for tasks to queue
[2026-06-07T17:20:21.081+0000] {logging_mixin.py:190} INFO - [2026-06-07T17:20:21.080+0000] {dagbag.py:587} INFO - Filling up the DagBag from /opt/airflow/dags/process_reviews_dag.py
[2026-06-07T17:20:21.577+0000] {processor.py:925} INFO - DAG(s) 'process_reviews_dag' retrieved from /opt/airflow/dags/process_reviews_dag.py
[2026-06-07T17:20:21.594+0000] {logging_mixin.py:190} INFO - [2026-06-07T17:20:21.594+0000] {dag.py:3211} INFO - Sync 1 DAGs
[2026-06-07T17:20:21.604+0000] {logging_mixin.py:190} INFO - [2026-06-07T17:20:21.604+0000] {dag.py:4138} INFO - Setting next_dagrun for process_reviews_dag to None, run_after=None
[2026-06-07T17:20:21.633+0000] {processor.py:208} INFO - Processing /opt/airflow/dags/process_reviews_dag.py took 0.563 seconds
[2026-06-07T17:20:51.816+0000] {processor.py:186} INFO - Started process (PID=205) to work on /opt/airflow/dags/process_reviews_dag.py
[2026-06-07T17:20:51.818+0000] {processor.py:914} INFO - Processing file /opt/airflow/dags/process_reviews_dag.py for tasks to queue
[2026-06-07T17:20:51.821+0000] {logging_mixin.py:190} INFO - [2026-06-07T17:20:51.821+0000] {dagbag.py:587} INFO - Filling up the DagBag from /opt/airflow/dags/process_reviews_dag.py
[2026-06-07T17:20:52.260+0000] {processor.py:925} INFO - DAG(s) 'process_reviews_dag' retrieved from /opt/airflow/dags/process_reviews_dag.py
[2026-06-07T17:20:52.278+0000] {logging_mixin.py:190} INFO - [2026-06-07T17:20:52.278+0000] {dag.py:3211} INFO - Sync 1 DAGs
[2026-06-07T17:20:52.289+0000] {logging_mixin.py:190} INFO - [2026-06-07T17:20:52.289+0000] {dag.py:4138} INFO - Setting next_dagrun for process_reviews_dag to None, run_after=None
[2026-06-07T17:20:52.326+0000] {processor.py:208} INFO - Processing /opt/airflow/dags/process_reviews_dag.py took 0.515 seconds
[2026-06-07T17:21:22.568+0000] {processor.py:186} INFO - Started process (PID=209) to work on /opt/airflow/dags/process_reviews_dag.py
[2026-06-07T17:21:22.569+0000] {processor.py:914} INFO - Processing file /opt/airflow/dags/process_reviews_dag.py for tasks to queue
[2026-06-07T17:21:22.572+0000] {logging_mixin.py:190} INFO - [2026-06-07T17:21:22.572+0000] {dagbag.py:587} INFO - Filling up the DagBag from /opt/airflow/dags/process_reviews_dag.py
[2026-06-07T17:21:23.212+0000] {processor.py:925} INFO - DAG(s) 'process_reviews_dag' retrieved from /opt/airflow/dags/process_reviews_dag.py
[2026-06-07T17:21:23.231+0000] {logging_mixin.py:190} INFO - [2026-06-07T17:21:23.231+0000] {dag.py:3211} INFO - Sync 1 DAGs
[2026-06-07T17:21:23.243+0000] {logging_mixin.py:190} INFO - [2026-06-07T17:21:23.242+0000] {dag.py:4138} INFO - Setting next_dagrun for process_reviews_dag to None, run_after=None
[2026-06-07T17:21:23.268+0000] {processor.py:208} INFO - Processing /opt/airflow/dags/process_reviews_dag.py took 0.706 seconds
[2026-06-07T17:21:53.547+0000] {processor.py:186} INFO - Started process (PID=213) to work on /opt/airflow/dags/process_reviews_dag.py
[2026-06-07T17:21:53.548+0000] {processor.py:914} INFO - Processing file /opt/airflow/dags/process_reviews_dag.py for tasks to queue
[2026-06-07T17:21:53.552+0000] {logging_mixin.py:190} INFO - [2026-06-07T17:21:53.552+0000] {dagbag.py:587} INFO - Filling up the DagBag from /opt/airflow/dags/process_reviews_dag.py
[2026-06-07T17:21:54.025+0000] {processor.py:925} INFO - DAG(s) 'process_reviews_dag' retrieved from /opt/airflow/dags/process_reviews_dag.py
[2026-06-07T17:21:54.045+0000] {logging_mixin.py:190} INFO - [2026-06-07T17:21:54.045+0000] {dag.py:3211} INFO - Sync 1 DAGs
[2026-06-07T17:21:54.056+0000] {logging_mixin.py:190} INFO - [2026-06-07T17:21:54.055+0000] {dag.py:4138} INFO - Setting next_dagrun for process_reviews_dag to None, run_after=None
[2026-06-07T17:21:54.104+0000] {processor.py:208} INFO - Processing /opt/airflow/dags/process_reviews_dag.py took 0.566 seconds
[2026-06-07T17:22:24.301+0000] {processor.py:186} INFO - Started process (PID=217) to work on /opt/airflow/dags/process_reviews_dag.py
[2026-06-07T17:22:24.302+0000] {processor.py:914} INFO - Processing file /opt/airflow/dags/process_reviews_dag.py for tasks to queue
[2026-06-07T17:22:24.305+0000] {logging_mixin.py:190} INFO - [2026-06-07T17:22:24.305+0000] {dagbag.py:587} INFO - Filling up the DagBag from /opt/airflow/dags/process_reviews_dag.py
[2026-06-07T17:22:24.769+0000] {processor.py:925} INFO - DAG(s) 'process_reviews_dag' retrieved from /opt/airflow/dags/process_reviews_dag.py
[2026-06-07T17:22:24.787+0000] {logging_mixin.py:190} INFO - [2026-06-07T17:22:24.787+0000] {dag.py:3211} INFO - Sync 1 DAGs
[2026-06-07T17:22:24.798+0000] {logging_mixin.py:190} INFO - [2026-06-07T17:22:24.798+0000] {dag.py:4138} INFO - Setting next_dagrun for process_reviews_dag to None, run_after=None
[2026-06-07T17:22:24.834+0000] {processor.py:208} INFO - Processing /opt/airflow/dags/process_reviews_dag.py took 0.539 seconds
[2026-06-07T17:22:55.019+0000] {processor.py:186} INFO - Started process (PID=221) to work on /opt/airflow/dags/process_reviews_dag.py
[2026-06-07T17:22:55.021+0000] {processor.py:914} INFO - Processing file /opt/airflow/dags/process_reviews_dag.py for tasks to queue
[2026-06-07T17:22:55.024+0000] {logging_mixin.py:190} INFO - [2026-06-07T17:22:55.024+0000] {dagbag.py:587} INFO - Filling up the DagBag from /opt/airflow/dags/process_reviews_dag.py
[2026-06-07T17:22:55.588+0000] {processor.py:925} INFO - DAG(s) 'process_reviews_dag' retrieved from /opt/airflow/dags/process_reviews_dag.py
[2026-06-07T17:22:55.608+0000] {logging_mixin.py:190} INFO - [2026-06-07T17:22:55.608+0000] {dag.py:3211} INFO - Sync 1 DAGs
[2026-06-07T17:22:55.622+0000] {logging_mixin.py:190} INFO - [2026-06-07T17:22:55.622+0000] {dag.py:4138} INFO - Setting next_dagrun for process_reviews_dag to None, run_after=None
[2026-06-07T17:22:55.659+0000] {processor.py:208} INFO - Processing /opt/airflow/dags/process_reviews_dag.py took 0.648 seconds
[2026-06-07T17:23:25.820+0000] {processor.py:186} INFO - Started process (PID=225) to work on /opt/airflow/dags/process_reviews_dag.py
[2026-06-07T17:23:25.822+0000] {processor.py:914} INFO - Processing file /opt/airflow/dags/process_reviews_dag.py for tasks to queue
[2026-06-07T17:23:25.824+0000] {logging_mixin.py:190} INFO - [2026-06-07T17:23:25.824+0000] {dagbag.py:587} INFO - Filling up the DagBag from /opt/airflow/dags/process_reviews_dag.py
[2026-06-07T17:23:26.404+0000] {processor.py:925} INFO - DAG(s) 'process_reviews_dag' retrieved from /opt/airflow/dags/process_reviews_dag.py
[2026-06-07T17:23:26.425+0000] {logging_mixin.py:190} INFO - [2026-06-07T17:23:26.425+0000] {dag.py:3211} INFO - Sync 1 DAGs
[2026-06-07T17:23:26.440+0000] {logging_mixin.py:190} INFO - [2026-06-07T17:23:26.439+0000] {dag.py:4138} INFO - Setting next_dagrun for process_reviews_dag to None, run_after=None
[2026-06-07T17:23:26.488+0000] {processor.py:208} INFO - Processing /opt/airflow/dags/process_reviews_dag.py took 0.679 seconds
[2026-06-07T17:23:56.702+0000] {processor.py:186} INFO - Started process (PID=229) to work on /opt/airflow/dags/process_reviews_dag.py
[2026-06-07T17:23:56.704+0000] {processor.py:914} INFO - Processing file /opt/airflow/dags/process_reviews_dag.py for tasks to queue
[2026-06-07T17:23:56.707+0000] {logging_mixin.py:190} INFO - [2026-06-07T17:23:56.707+0000] {dagbag.py:587} INFO - Filling up the DagBag from /opt/airflow/dags/process_reviews_dag.py
[2026-06-07T17:23:57.207+0000] {processor.py:925} INFO - DAG(s) 'process_reviews_dag' retrieved from /opt/airflow/dags/process_reviews_dag.py
[2026-06-07T17:23:57.234+0000] {logging_mixin.py:190} INFO - [2026-06-07T17:23:57.234+0000] {dag.py:3211} INFO - Sync 1 DAGs
[2026-06-07T17:23:57.258+0000] {logging_mixin.py:190} INFO - [2026-06-07T17:23:57.258+0000] {dag.py:4138} INFO - Setting next_dagrun for process_reviews_dag to None, run_after=None
[2026-06-07T17:23:57.286+0000] {processor.py:208} INFO - Processing /opt/airflow/dags/process_reviews_dag.py took 0.589 seconds
[2026-06-07T17:24:27.517+0000] {processor.py:186} INFO - Started process (PID=233) to work on /opt/airflow/dags/process_reviews_dag.py
[2026-06-07T17:24:27.518+0000] {processor.py:914} INFO - Processing file /opt/airflow/dags/process_reviews_dag.py for tasks to queue
[2026-06-07T17:24:27.521+0000] {logging_mixin.py:190} INFO - [2026-06-07T17:24:27.520+0000] {dagbag.py:587} INFO - Filling up the DagBag from /opt/airflow/dags/process_reviews_dag.py
[2026-06-07T17:24:27.934+0000] {processor.py:925} INFO - DAG(s) 'process_reviews_dag' retrieved from /opt/airflow/dags/process_reviews_dag.py
[2026-06-07T17:24:27.950+0000] {logging_mixin.py:190} INFO - [2026-06-07T17:24:27.950+0000] {dag.py:3211} INFO - Sync 1 DAGs
[2026-06-07T17:24:27.959+0000] {logging_mixin.py:190} INFO - [2026-06-07T17:24:27.959+0000] {dag.py:4138} INFO - Setting next_dagrun for process_reviews_dag to None, run_after=None
[2026-06-07T17:24:27.990+0000] {processor.py:208} INFO - Processing /opt/airflow/dags/process_reviews_dag.py took 0.479 seconds
[2026-06-07T17:24:58.131+0000] {processor.py:186} INFO - Started process (PID=237) to work on /opt/airflow/dags/process_reviews_dag.py
[2026-06-07T17:24:58.133+0000] {processor.py:914} INFO - Processing file /opt/airflow/dags/process_reviews_dag.py for tasks to queue
[2026-06-07T17:24:58.135+0000] {logging_mixin.py:190} INFO - [2026-06-07T17:24:58.135+0000] {dagbag.py:587} INFO - Filling up the DagBag from /opt/airflow/dags/process_reviews_dag.py
[2026-06-07T17:24:58.548+0000] {processor.py:925} INFO - DAG(s) 'process_reviews_dag' retrieved from /opt/airflow/dags/process_reviews_dag.py
[2026-06-07T17:24:58.564+0000] {logging_mixin.py:190} INFO - [2026-06-07T17:24:58.564+0000] {dag.py:3211} INFO - Sync 1 DAGs
[2026-06-07T17:24:58.573+0000] {logging_mixin.py:190} INFO - [2026-06-07T17:24:58.573+0000] {dag.py:4138} INFO - Setting next_dagrun for process_reviews_dag to None, run_after=None
[2026-06-07T17:24:58.601+0000] {processor.py:208} INFO - Processing /opt/airflow/dags/process_reviews_dag.py took 0.476 seconds
[2026-06-07T17:25:28.729+0000] {processor.py:186} INFO - Started process (PID=241) to work on /opt/airflow/dags/process_reviews_dag.py
[2026-06-07T17:25:28.731+0000] {processor.py:914} INFO - Processing file /opt/airflow/dags/process_reviews_dag.py for tasks to queue
[2026-06-07T17:25:28.733+0000] {logging_mixin.py:190} INFO - [2026-06-07T17:25:28.733+0000] {dagbag.py:587} INFO - Filling up the DagBag from /opt/airflow/dags/process_reviews_dag.py
[2026-06-07T17:25:29.207+0000] {processor.py:925} INFO - DAG(s) 'process_reviews_dag' retrieved from /opt/airflow/dags/process_reviews_dag.py
[2026-06-07T17:25:29.224+0000] {logging_mixin.py:190} INFO - [2026-06-07T17:25:29.224+0000] {dag.py:3211} INFO - Sync 1 DAGs
[2026-06-07T17:25:29.234+0000] {logging_mixin.py:190} INFO - [2026-06-07T17:25:29.234+0000] {dag.py:4138} INFO - Setting next_dagrun for process_reviews_dag to None, run_after=None
[2026-06-07T17:25:29.262+0000] {processor.py:208} INFO - Processing /opt/airflow/dags/process_reviews_dag.py took 0.539 seconds
[2026-06-07T17:26:00.601+0000] {processor.py:186} INFO - Started process (PID=245) to work on /opt/airflow/dags/process_reviews_dag.py
[2026-06-07T17:26:00.603+0000] {processor.py:914} INFO - Processing file /opt/airflow/dags/process_reviews_dag.py for tasks to queue
[2026-06-07T17:26:00.606+0000] {logging_mixin.py:190} INFO - [2026-06-07T17:26:00.606+0000] {dagbag.py:587} INFO - Filling up the DagBag from /opt/airflow/dags/process_reviews_dag.py
[2026-06-07T17:26:01.072+0000] {processor.py:925} INFO - DAG(s) 'process_reviews_dag' retrieved from /opt/airflow/dags/process_reviews_dag.py
[2026-06-07T17:26:01.088+0000] {logging_mixin.py:190} INFO - [2026-06-07T17:26:01.088+0000] {dag.py:3211} INFO - Sync 1 DAGs
[2026-06-07T17:26:01.099+0000] {logging_mixin.py:190} INFO - [2026-06-07T17:26:01.098+0000] {dag.py:4138} INFO - Setting next_dagrun for process_reviews_dag to None, run_after=None
[2026-06-07T17:26:01.129+0000] {processor.py:208} INFO - Processing /opt/airflow/dags/process_reviews_dag.py took 0.534 seconds
[2026-06-07T17:26:31.509+0000] {processor.py:186} INFO - Started process (PID=249) to work on /opt/airflow/dags/process_reviews_dag.py
[2026-06-07T17:26:31.510+0000] {processor.py:914} INFO - Processing file /opt/airflow/dags/process_reviews_dag.py for tasks to queue
[2026-06-07T17:26:31.513+0000] {logging_mixin.py:190} INFO - [2026-06-07T17:26:31.513+0000] {dagbag.py:587} INFO - Filling up the DagBag from /opt/airflow/dags/process_reviews_dag.py
[2026-06-07T17:26:32.011+0000] {processor.py:925} INFO - DAG(s) 'process_reviews_dag' retrieved from /opt/airflow/dags/process_reviews_dag.py
[2026-06-07T17:26:32.026+0000] {logging_mixin.py:190} INFO - [2026-06-07T17:26:32.026+0000] {dag.py:3211} INFO - Sync 1 DAGs
[2026-06-07T17:26:32.035+0000] {logging_mixin.py:190} INFO - [2026-06-07T17:26:32.035+0000] {dag.py:4138} INFO - Setting next_dagrun for process_reviews_dag to None, run_after=None
[2026-06-07T17:26:32.063+0000] {processor.py:208} INFO - Processing /opt/airflow/dags/process_reviews_dag.py took 0.559 seconds
[2026-06-07T17:27:02.425+0000] {processor.py:186} INFO - Started process (PID=253) to work on /opt/airflow/dags/process_reviews_dag.py
[2026-06-07T17:27:02.426+0000] {processor.py:914} INFO - Processing file /opt/airflow/dags/process_reviews_dag.py for tasks to queue
[2026-06-07T17:27:02.429+0000] {logging_mixin.py:190} INFO - [2026-06-07T17:27:02.429+0000] {dagbag.py:587} INFO - Filling up the DagBag from /opt/airflow/dags/process_reviews_dag.py
[2026-06-07T17:27:02.896+0000] {processor.py:925} INFO - DAG(s) 'process_reviews_dag' retrieved from /opt/airflow/dags/process_reviews_dag.py
[2026-06-07T17:27:02.914+0000] {logging_mixin.py:190} INFO - [2026-06-07T17:27:02.913+0000] {dag.py:3211} INFO - Sync 1 DAGs
[2026-06-07T17:27:02.924+0000] {logging_mixin.py:190} INFO - [2026-06-07T17:27:02.924+0000] {dag.py:4138} INFO - Setting next_dagrun for process_reviews_dag to None, run_after=None
[2026-06-07T17:27:02.952+0000] {processor.py:208} INFO - Processing /opt/airflow/dags/process_reviews_dag.py took 0.533 seconds
[2026-06-07T17:27:33.478+0000] {processor.py:186} INFO - Started process (PID=257) to work on /opt/airflow/dags/process_reviews_dag.py
[2026-06-07T17:27:33.480+0000] {processor.py:914} INFO - Processing file /opt/airflow/dags/process_reviews_dag.py for tasks to queue
[2026-06-07T17:27:33.484+0000] {logging_mixin.py:190} INFO - [2026-06-07T17:27:33.483+0000] {dagbag.py:587} INFO - Filling up the DagBag from /opt/airflow/dags/process_reviews_dag.py
[2026-06-07T17:27:34.296+0000] {processor.py:925} INFO - DAG(s) 'process_reviews_dag' retrieved from /opt/airflow/dags/process_reviews_dag.py
[2026-06-07T17:27:34.341+0000] {logging_mixin.py:190} INFO - [2026-06-07T17:27:34.339+0000] {dag.py:3211} INFO - Sync 1 DAGs
[2026-06-07T17:27:34.368+0000] {logging_mixin.py:190} INFO - [2026-06-07T17:27:34.367+0000] {dag.py:4138} INFO - Setting next_dagrun for process_reviews_dag to None, run_after=None
[2026-06-07T17:27:34.425+0000] {processor.py:208} INFO - Processing /opt/airflow/dags/process_reviews_dag.py took 0.955 seconds
[2026-06-07T17:28:05.470+0000] {processor.py:186} INFO - Started process (PID=261) to work on /opt/airflow/dags/process_reviews_dag.py
[2026-06-07T17:28:05.471+0000] {processor.py:914} INFO - Processing file /opt/airflow/dags/process_reviews_dag.py for tasks to queue
[2026-06-07T17:28:05.476+0000] {logging_mixin.py:190} INFO - [2026-06-07T17:28:05.475+0000] {dagbag.py:587} INFO - Filling up the DagBag from /opt/airflow/dags/process_reviews_dag.py
[2026-06-07T17:28:06.088+0000] {processor.py:925} INFO - DAG(s) 'process_reviews_dag' retrieved from /opt/airflow/dags/process_reviews_dag.py
[2026-06-07T17:28:06.108+0000] {logging_mixin.py:190} INFO - [2026-06-07T17:28:06.108+0000] {dag.py:3211} INFO - Sync 1 DAGs
[2026-06-07T17:28:06.121+0000] {logging_mixin.py:190} INFO - [2026-06-07T17:28:06.121+0000] {dag.py:4138} INFO - Setting next_dagrun for process_reviews_dag to None, run_after=None
[2026-06-07T17:28:06.155+0000] {processor.py:208} INFO - Processing /opt/airflow/dags/process_reviews_dag.py took 0.691 seconds
[2026-06-07T17:28:36.424+0000] {processor.py:186} INFO - Started process (PID=265) to work on /opt/airflow/dags/process_reviews_dag.py
[2026-06-07T17:28:36.425+0000] {processor.py:914} INFO - Processing file /opt/airflow/dags/process_reviews_dag.py for tasks to queue
[2026-06-07T17:28:36.428+0000] {logging_mixin.py:190} INFO - [2026-06-07T17:28:36.428+0000] {dagbag.py:587} INFO - Filling up the DagBag from /opt/airflow/dags/process_reviews_dag.py
[2026-06-07T17:28:36.929+0000] {processor.py:925} INFO - DAG(s) 'process_reviews_dag' retrieved from /opt/airflow/dags/process_reviews_dag.py
[2026-06-07T17:28:36.948+0000] {logging_mixin.py:190} INFO - [2026-06-07T17:28:36.947+0000] {dag.py:3211} INFO - Sync 1 DAGs
[2026-06-07T17:28:36.961+0000] {logging_mixin.py:190} INFO - [2026-06-07T17:28:36.961+0000] {dag.py:4138} INFO - Setting next_dagrun for process_reviews_dag to None, run_after=None
[2026-06-07T17:28:36.992+0000] {processor.py:208} INFO - Processing /opt/airflow/dags/process_reviews_dag.py took 0.574 seconds
[2026-06-07T17:29:07.322+0000] {processor.py:186} INFO - Started process (PID=269) to work on /opt/airflow/dags/process_reviews_dag.py
[2026-06-07T17:29:07.324+0000] {processor.py:914} INFO - Processing file /opt/airflow/dags/process_reviews_dag.py for tasks to queue
[2026-06-07T17:29:07.327+0000] {logging_mixin.py:190} INFO - [2026-06-07T17:29:07.327+0000] {dagbag.py:587} INFO - Filling up the DagBag from /opt/airflow/dags/process_reviews_dag.py
[2026-06-07T17:29:07.873+0000] {processor.py:925} INFO - DAG(s) 'process_reviews_dag' retrieved from /opt/airflow/dags/process_reviews_dag.py
[2026-06-07T17:29:07.891+0000] {logging_mixin.py:190} INFO - [2026-06-07T17:29:07.891+0000] {dag.py:3211} INFO - Sync 1 DAGs
[2026-06-07T17:29:07.902+0000] {logging_mixin.py:190} INFO - [2026-06-07T17:29:07.901+0000] {dag.py:4138} INFO - Setting next_dagrun for process_reviews_dag to None, run_after=None
[2026-06-07T17:29:07.932+0000] {processor.py:208} INFO - Processing /opt/airflow/dags/process_reviews_dag.py took 0.615 seconds
[2026-06-07T17:29:38.166+0000] {processor.py:186} INFO - Started process (PID=273) to work on /opt/airflow/dags/process_reviews_dag.py
[2026-06-07T17:29:38.167+0000] {processor.py:914} INFO - Processing file /opt/airflow/dags/process_reviews_dag.py for tasks to queue
[2026-06-07T17:29:38.170+0000] {logging_mixin.py:190} INFO - [2026-06-07T17:29:38.170+0000] {dagbag.py:587} INFO - Filling up the DagBag from /opt/airflow/dags/process_reviews_dag.py
[2026-06-07T17:29:38.657+0000] {processor.py:925} INFO - DAG(s) 'process_reviews_dag' retrieved from /opt/airflow/dags/process_reviews_dag.py
[2026-06-07T17:29:38.698+0000] {logging_mixin.py:190} INFO - [2026-06-07T17:29:38.698+0000] {dag.py:3211} INFO - Sync 1 DAGs
[2026-06-07T17:29:38.710+0000] {logging_mixin.py:190} INFO - [2026-06-07T17:29:38.710+0000] {dag.py:4138} INFO - Setting next_dagrun for process_reviews_dag to None, run_after=None
[2026-06-07T17:29:38.741+0000] {processor.py:208} INFO - Processing /opt/airflow/dags/process_reviews_dag.py took 0.581 seconds
[2026-06-07T17:30:08.963+0000] {processor.py:186} INFO - Started process (PID=277) to work on /opt/airflow/dags/process_reviews_dag.py
[2026-06-07T17:30:08.964+0000] {processor.py:914} INFO - Processing file /opt/airflow/dags/process_reviews_dag.py for tasks to queue
[2026-06-07T17:30:08.968+0000] {logging_mixin.py:190} INFO - [2026-06-07T17:30:08.967+0000] {dagbag.py:587} INFO - Filling up the DagBag from /opt/airflow/dags/process_reviews_dag.py
[2026-06-07T17:30:09.459+0000] {processor.py:925} INFO - DAG(s) 'process_reviews_dag' retrieved from /opt/airflow/dags/process_reviews_dag.py
[2026-06-07T17:30:09.475+0000] {logging_mixin.py:190} INFO - [2026-06-07T17:30:09.475+0000] {dag.py:3211} INFO - Sync 1 DAGs
[2026-06-07T17:30:09.485+0000] {logging_mixin.py:190} INFO - [2026-06-07T17:30:09.485+0000] {dag.py:4138} INFO - Setting next_dagrun for process_reviews_dag to None, run_after=None
[2026-06-07T17:30:09.514+0000] {processor.py:208} INFO - Processing /opt/airflow/dags/process_reviews_dag.py took 0.556 seconds
[2026-06-07T17:30:39.782+0000] {processor.py:186} INFO - Started process (PID=281) to work on /opt/airflow/dags/process_reviews_dag.py
[2026-06-07T17:30:39.784+0000] {processor.py:914} INFO - Processing file /opt/airflow/dags/process_reviews_dag.py for tasks to queue
[2026-06-07T17:30:39.788+0000] {logging_mixin.py:190} INFO - [2026-06-07T17:30:39.787+0000] {dagbag.py:587} INFO - Filling up the DagBag from /opt/airflow/dags/process_reviews_dag.py
[2026-06-07T17:30:40.405+0000] {processor.py:925} INFO - DAG(s) 'process_reviews_dag' retrieved from /opt/airflow/dags/process_reviews_dag.py
[2026-06-07T17:30:40.425+0000] {logging_mixin.py:190} INFO - [2026-06-07T17:30:40.425+0000] {dag.py:3211} INFO - Sync 1 DAGs
[2026-06-07T17:30:40.439+0000] {logging_mixin.py:190} INFO - [2026-06-07T17:30:40.439+0000] {dag.py:4138} INFO - Setting next_dagrun for process_reviews_dag to None, run_after=None
[2026-06-07T17:30:40.474+0000] {processor.py:208} INFO - Processing /opt/airflow/dags/process_reviews_dag.py took 0.700 seconds
[2026-06-07T17:31:10.830+0000] {processor.py:186} INFO - Started process (PID=285) to work on /opt/airflow/dags/process_reviews_dag.py
[2026-06-07T17:31:10.832+0000] {processor.py:914} INFO - Processing file /opt/airflow/dags/process_reviews_dag.py for tasks to queue
[2026-06-07T17:31:10.835+0000] {logging_mixin.py:190} INFO - [2026-06-07T17:31:10.835+0000] {dagbag.py:587} INFO - Filling up the DagBag from /opt/airflow/dags/process_reviews_dag.py
[2026-06-07T17:31:11.276+0000] {processor.py:925} INFO - DAG(s) 'process_reviews_dag' retrieved from /opt/airflow/dags/process_reviews_dag.py
[2026-06-07T17:31:11.292+0000] {logging_mixin.py:190} INFO - [2026-06-07T17:31:11.292+0000] {dag.py:3211} INFO - Sync 1 DAGs
[2026-06-07T17:31:11.304+0000] {logging_mixin.py:190} INFO - [2026-06-07T17:31:11.304+0000] {dag.py:4138} INFO - Setting next_dagrun for process_reviews_dag to None, run_after=None
[2026-06-07T17:31:11.332+0000] {processor.py:208} INFO - Processing /opt/airflow/dags/process_reviews_dag.py took 0.508 seconds
[2026-06-07T17:31:41.831+0000] {processor.py:186} INFO - Started process (PID=289) to work on /opt/airflow/dags/process_reviews_dag.py
[2026-06-07T17:31:41.834+0000] {processor.py:914} INFO - Processing file /opt/airflow/dags/process_reviews_dag.py for tasks to queue
[2026-06-07T17:31:41.837+0000] {logging_mixin.py:190} INFO - [2026-06-07T17:31:41.837+0000] {dagbag.py:587} INFO - Filling up the DagBag from /opt/airflow/dags/process_reviews_dag.py
[2026-06-07T17:31:42.393+0000] {processor.py:925} INFO - DAG(s) 'process_reviews_dag' retrieved from /opt/airflow/dags/process_reviews_dag.py
[2026-06-07T17:31:42.410+0000] {logging_mixin.py:190} INFO - [2026-06-07T17:31:42.410+0000] {dag.py:3211} INFO - Sync 1 DAGs
[2026-06-07T17:31:42.422+0000] {logging_mixin.py:190} INFO - [2026-06-07T17:31:42.422+0000] {dag.py:4138} INFO - Setting next_dagrun for process_reviews_dag to None, run_after=None
[2026-06-07T17:31:42.456+0000] {processor.py:208} INFO - Processing /opt/airflow/dags/process_reviews_dag.py took 0.634 seconds
[2026-06-07T17:32:12.682+0000] {processor.py:186} INFO - Started process (PID=293) to work on /opt/airflow/dags/process_reviews_dag.py
[2026-06-07T17:32:12.683+0000] {processor.py:914} INFO - Processing file /opt/airflow/dags/process_reviews_dag.py for tasks to queue
[2026-06-07T17:32:12.686+0000] {logging_mixin.py:190} INFO - [2026-06-07T17:32:12.686+0000] {dagbag.py:587} INFO - Filling up the DagBag from /opt/airflow/dags/process_reviews_dag.py
[2026-06-07T17:32:13.192+0000] {processor.py:925} INFO - DAG(s) 'process_reviews_dag' retrieved from /opt/airflow/dags/process_reviews_dag.py
[2026-06-07T17:32:13.210+0000] {logging_mixin.py:190} INFO - [2026-06-07T17:32:13.209+0000] {dag.py:3211} INFO - Sync 1 DAGs
[2026-06-07T17:32:13.222+0000] {logging_mixin.py:190} INFO - [2026-06-07T17:32:13.222+0000] {dag.py:4138} INFO - Setting next_dagrun for process_reviews_dag to None, run_after=None
[2026-06-07T17:32:13.252+0000] {processor.py:208} INFO - Processing /opt/airflow/dags/process_reviews_dag.py took 0.577 seconds
[2026-06-07T17:32:43.464+0000] {processor.py:186} INFO - Started process (PID=297) to work on /opt/airflow/dags/process_reviews_dag.py
[2026-06-07T17:32:43.466+0000] {processor.py:914} INFO - Processing file /opt/airflow/dags/process_reviews_dag.py for tasks to queue
[2026-06-07T17:32:43.469+0000] {logging_mixin.py:190} INFO - [2026-06-07T17:32:43.469+0000] {dagbag.py:587} INFO - Filling up the DagBag from /opt/airflow/dags/process_reviews_dag.py
[2026-06-07T17:32:43.953+0000] {processor.py:925} INFO - DAG(s) 'process_reviews_dag' retrieved from /opt/airflow/dags/process_reviews_dag.py
[2026-06-07T17:32:43.971+0000] {logging_mixin.py:190} INFO - [2026-06-07T17:32:43.971+0000] {dag.py:3211} INFO - Sync 1 DAGs
[2026-06-07T17:32:43.982+0000] {logging_mixin.py:190} INFO - [2026-06-07T17:32:43.981+0000] {dag.py:4138} INFO - Setting next_dagrun for process_reviews_dag to None, run_after=None
[2026-06-07T17:32:44.008+0000] {processor.py:208} INFO - Processing /opt/airflow/dags/process_reviews_dag.py took 0.550 seconds
[2026-06-07T17:33:14.423+0000] {processor.py:186} INFO - Started process (PID=301) to work on /opt/airflow/dags/process_reviews_dag.py
[2026-06-07T17:33:14.425+0000] {processor.py:914} INFO - Processing file /opt/airflow/dags/process_reviews_dag.py for tasks to queue
[2026-06-07T17:33:14.428+0000] {logging_mixin.py:190} INFO - [2026-06-07T17:33:14.428+0000] {dagbag.py:587} INFO - Filling up the DagBag from /opt/airflow/dags/process_reviews_dag.py
[2026-06-07T17:33:15.073+0000] {processor.py:925} INFO - DAG(s) 'process_reviews_dag' retrieved from /opt/airflow/dags/process_reviews_dag.py
[2026-06-07T17:33:15.104+0000] {logging_mixin.py:190} INFO - [2026-06-07T17:33:15.104+0000] {dag.py:3211} INFO - Sync 1 DAGs
[2026-06-07T17:33:15.120+0000] {logging_mixin.py:190} INFO - [2026-06-07T17:33:15.120+0000] {dag.py:4138} INFO - Setting next_dagrun for process_reviews_dag to None, run_after=None
[2026-06-07T17:33:15.153+0000] {processor.py:208} INFO - Processing /opt/airflow/dags/process_reviews_dag.py took 0.738 seconds
[2026-06-07T17:33:46.271+0000] {processor.py:186} INFO - Started process (PID=305) to work on /opt/airflow/dags/process_reviews_dag.py
[2026-06-07T17:33:46.272+0000] {processor.py:914} INFO - Processing file /opt/airflow/dags/process_reviews_dag.py for tasks to queue
[2026-06-07T17:33:46.275+0000] {logging_mixin.py:190} INFO - [2026-06-07T17:33:46.275+0000] {dagbag.py:587} INFO - Filling up the DagBag from /opt/airflow/dags/process_reviews_dag.py
[2026-06-07T17:33:46.798+0000] {processor.py:925} INFO - DAG(s) 'process_reviews_dag' retrieved from /opt/airflow/dags/process_reviews_dag.py
[2026-06-07T17:33:46.818+0000] {logging_mixin.py:190} INFO - [2026-06-07T17:33:46.818+0000] {dag.py:3211} INFO - Sync 1 DAGs
[2026-06-07T17:33:46.831+0000] {logging_mixin.py:190} INFO - [2026-06-07T17:33:46.831+0000] {dag.py:4138} INFO - Setting next_dagrun for process_reviews_dag to None, run_after=None
[2026-06-07T17:33:46.864+0000] {processor.py:208} INFO - Processing /opt/airflow/dags/process_reviews_dag.py took 0.599 seconds
[2026-06-07T17:34:17.446+0000] {processor.py:186} INFO - Started process (PID=309) to work on /opt/airflow/dags/process_reviews_dag.py
[2026-06-07T17:34:17.448+0000] {processor.py:914} INFO - Processing file /opt/airflow/dags/process_reviews_dag.py for tasks to queue
[2026-06-07T17:34:17.452+0000] {logging_mixin.py:190} INFO - [2026-06-07T17:34:17.451+0000] {dagbag.py:587} INFO - Filling up the DagBag from /opt/airflow/dags/process_reviews_dag.py
[2026-06-07T17:34:18.025+0000] {processor.py:925} INFO - DAG(s) 'process_reviews_dag' retrieved from /opt/airflow/dags/process_reviews_dag.py
[2026-06-07T17:34:18.049+0000] {logging_mixin.py:190} INFO - [2026-06-07T17:34:18.049+0000] {dag.py:3211} INFO - Sync 1 DAGs
[2026-06-07T17:34:18.064+0000] {logging_mixin.py:190} INFO - [2026-06-07T17:34:18.064+0000] {dag.py:4138} INFO - Setting next_dagrun for process_reviews_dag to None, run_after=None
[2026-06-07T17:34:18.095+0000] {processor.py:208} INFO - Processing /opt/airflow/dags/process_reviews_dag.py took 0.655 seconds
[2026-06-07T17:34:48.974+0000] {processor.py:186} INFO - Started process (PID=313) to work on /opt/airflow/dags/process_reviews_dag.py
[2026-06-07T17:34:48.976+0000] {processor.py:914} INFO - Processing file /opt/airflow/dags/process_reviews_dag.py for tasks to queue
[2026-06-07T17:34:48.980+0000] {logging_mixin.py:190} INFO - [2026-06-07T17:34:48.979+0000] {dagbag.py:587} INFO - Filling up the DagBag from /opt/airflow/dags/process_reviews_dag.py
[2026-06-07T17:34:49.473+0000] {processor.py:925} INFO - DAG(s) 'process_reviews_dag' retrieved from /opt/airflow/dags/process_reviews_dag.py
[2026-06-07T17:34:49.489+0000] {logging_mixin.py:190} INFO - [2026-06-07T17:34:49.489+0000] {dag.py:3211} INFO - Sync 1 DAGs
[2026-06-07T17:34:49.500+0000] {logging_mixin.py:190} INFO - [2026-06-07T17:34:49.499+0000] {dag.py:4138} INFO - Setting next_dagrun for process_reviews_dag to None, run_after=None
[2026-06-07T17:34:49.530+0000] {processor.py:208} INFO - Processing /opt/airflow/dags/process_reviews_dag.py took 0.561 seconds
[2026-06-07T17:35:20.600+0000] {processor.py:186} INFO - Started process (PID=317) to work on /opt/airflow/dags/process_reviews_dag.py
[2026-06-07T17:35:20.601+0000] {processor.py:914} INFO - Processing file /opt/airflow/dags/process_reviews_dag.py for tasks to queue
[2026-06-07T17:35:20.605+0000] {logging_mixin.py:190} INFO - [2026-06-07T17:35:20.604+0000] {dagbag.py:587} INFO - Filling up the DagBag from /opt/airflow/dags/process_reviews_dag.py
[2026-06-07T17:35:21.184+0000] {processor.py:925} INFO - DAG(s) 'process_reviews_dag' retrieved from /opt/airflow/dags/process_reviews_dag.py
[2026-06-07T17:35:21.200+0000] {logging_mixin.py:190} INFO - [2026-06-07T17:35:21.200+0000] {dag.py:3211} INFO - Sync 1 DAGs
[2026-06-07T17:35:21.210+0000] {logging_mixin.py:190} INFO - [2026-06-07T17:35:21.210+0000] {dag.py:4138} INFO - Setting next_dagrun for process_reviews_dag to None, run_after=None
[2026-06-07T17:35:21.241+0000] {processor.py:208} INFO - Processing /opt/airflow/dags/process_reviews_dag.py took 0.647 seconds
[2026-06-07T17:35:51.663+0000] {processor.py:186} INFO - Started process (PID=321) to work on /opt/airflow/dags/process_reviews_dag.py
[2026-06-07T17:35:51.664+0000] {processor.py:914} INFO - Processing file /opt/airflow/dags/process_reviews_dag.py for tasks to queue
[2026-06-07T17:35:51.667+0000] {logging_mixin.py:190} INFO - [2026-06-07T17:35:51.667+0000] {dagbag.py:587} INFO - Filling up the DagBag from /opt/airflow/dags/process_reviews_dag.py
[2026-06-07T17:35:52.231+0000] {processor.py:925} INFO - DAG(s) 'process_reviews_dag' retrieved from /opt/airflow/dags/process_reviews_dag.py
[2026-06-07T17:35:52.248+0000] {logging_mixin.py:190} INFO - [2026-06-07T17:35:52.248+0000] {dag.py:3211} INFO - Sync 1 DAGs
[2026-06-07T17:35:52.258+0000] {logging_mixin.py:190} INFO - [2026-06-07T17:35:52.258+0000] {dag.py:4138} INFO - Setting next_dagrun for process_reviews_dag to None, run_after=None
[2026-06-07T17:35:52.290+0000] {processor.py:208} INFO - Processing /opt/airflow/dags/process_reviews_dag.py took 0.634 seconds
[2026-06-07T17:36:22.725+0000] {processor.py:186} INFO - Started process (PID=325) to work on /opt/airflow/dags/process_reviews_dag.py
[2026-06-07T17:36:22.727+0000] {processor.py:914} INFO - Processing file /opt/airflow/dags/process_reviews_dag.py for tasks to queue
[2026-06-07T17:36:22.730+0000] {logging_mixin.py:190} INFO - [2026-06-07T17:36:22.729+0000] {dagbag.py:587} INFO - Filling up the DagBag from /opt/airflow/dags/process_reviews_dag.py
[2026-06-07T17:36:23.286+0000] {processor.py:925} INFO - DAG(s) 'process_reviews_dag' retrieved from /opt/airflow/dags/process_reviews_dag.py
[2026-06-07T17:36:23.304+0000] {logging_mixin.py:190} INFO - [2026-06-07T17:36:23.303+0000] {dag.py:3211} INFO - Sync 1 DAGs
[2026-06-07T17:36:23.316+0000] {logging_mixin.py:190} INFO - [2026-06-07T17:36:23.315+0000] {dag.py:4138} INFO - Setting next_dagrun for process_reviews_dag to None, run_after=None
[2026-06-07T17:36:23.346+0000] {processor.py:208} INFO - Processing /opt/airflow/dags/process_reviews_dag.py took 0.627 seconds
[2026-06-07T17:36:53.786+0000] {processor.py:186} INFO - Started process (PID=329) to work on /opt/airflow/dags/process_reviews_dag.py
[2026-06-07T17:36:53.787+0000] {processor.py:914} INFO - Processing file /opt/airflow/dags/process_reviews_dag.py for tasks to queue
[2026-06-07T17:36:53.791+0000] {logging_mixin.py:190} INFO - [2026-06-07T17:36:53.790+0000] {dagbag.py:587} INFO - Filling up the DagBag from /opt/airflow/dags/process_reviews_dag.py
[2026-06-07T17:36:54.270+0000] {processor.py:925} INFO - DAG(s) 'process_reviews_dag' retrieved from /opt/airflow/dags/process_reviews_dag.py
[2026-06-07T17:36:54.288+0000] {logging_mixin.py:190} INFO - [2026-06-07T17:36:54.287+0000] {dag.py:3211} INFO - Sync 1 DAGs
[2026-06-07T17:36:54.298+0000] {logging_mixin.py:190} INFO - [2026-06-07T17:36:54.297+0000] {dag.py:4138} INFO - Setting next_dagrun for process_reviews_dag to None, run_after=None
[2026-06-07T17:36:54.327+0000] {processor.py:208} INFO - Processing /opt/airflow/dags/process_reviews_dag.py took 0.548 seconds
[2026-06-07T17:37:24.747+0000] {processor.py:186} INFO - Started process (PID=333) to work on /opt/airflow/dags/process_reviews_dag.py
[2026-06-07T17:37:24.748+0000] {processor.py:914} INFO - Processing file /opt/airflow/dags/process_reviews_dag.py for tasks to queue
[2026-06-07T17:37:24.752+0000] {logging_mixin.py:190} INFO - [2026-06-07T17:37:24.751+0000] {dagbag.py:587} INFO - Filling up the DagBag from /opt/airflow/dags/process_reviews_dag.py
[2026-06-07T17:37:25.249+0000] {processor.py:925} INFO - DAG(s) 'process_reviews_dag' retrieved from /opt/airflow/dags/process_reviews_dag.py
[2026-06-07T17:37:25.270+0000] {logging_mixin.py:190} INFO - [2026-06-07T17:37:25.269+0000] {dag.py:3211} INFO - Sync 1 DAGs
[2026-06-07T17:37:25.280+0000] {logging_mixin.py:190} INFO - [2026-06-07T17:37:25.280+0000] {dag.py:4138} INFO - Setting next_dagrun for process_reviews_dag to None, run_after=None
[2026-06-07T17:37:25.310+0000] {processor.py:208} INFO - Processing /opt/airflow/dags/process_reviews_dag.py took 0.568 seconds
[2026-06-07T17:37:55.704+0000] {processor.py:186} INFO - Started process (PID=337) to work on /opt/airflow/dags/process_reviews_dag.py
[2026-06-07T17:37:55.705+0000] {processor.py:914} INFO - Processing file /opt/airflow/dags/process_reviews_dag.py for tasks to queue
[2026-06-07T17:37:55.709+0000] {logging_mixin.py:190} INFO - [2026-06-07T17:37:55.709+0000] {dagbag.py:587} INFO - Filling up the DagBag from /opt/airflow/dags/process_reviews_dag.py
[2026-06-07T17:37:56.194+0000] {processor.py:925} INFO - DAG(s) 'process_reviews_dag' retrieved from /opt/airflow/dags/process_reviews_dag.py
[2026-06-07T17:37:56.211+0000] {logging_mixin.py:190} INFO - [2026-06-07T17:37:56.211+0000] {dag.py:3211} INFO - Sync 1 DAGs
[2026-06-07T17:37:56.221+0000] {logging_mixin.py:190} INFO - [2026-06-07T17:37:56.221+0000] {dag.py:4138} INFO - Setting next_dagrun for process_reviews_dag to None, run_after=None
[2026-06-07T17:37:56.249+0000] {processor.py:208} INFO - Processing /opt/airflow/dags/process_reviews_dag.py took 0.555 seconds
[2026-06-07T17:38:26.701+0000] {processor.py:186} INFO - Started process (PID=341) to work on /opt/airflow/dags/process_reviews_dag.py
[2026-06-07T17:38:26.702+0000] {processor.py:914} INFO - Processing file /opt/airflow/dags/process_reviews_dag.py for tasks to queue
[2026-06-07T17:38:26.705+0000] {logging_mixin.py:190} INFO - [2026-06-07T17:38:26.705+0000] {dagbag.py:587} INFO - Filling up the DagBag from /opt/airflow/dags/process_reviews_dag.py
[2026-06-07T17:38:27.187+0000] {processor.py:925} INFO - DAG(s) 'process_reviews_dag' retrieved from /opt/airflow/dags/process_reviews_dag.py
[2026-06-07T17:38:27.204+0000] {logging_mixin.py:190} INFO - [2026-06-07T17:38:27.204+0000] {dag.py:3211} INFO - Sync 1 DAGs
[2026-06-07T17:38:27.215+0000] {logging_mixin.py:190} INFO - [2026-06-07T17:38:27.215+0000] {dag.py:4138} INFO - Setting next_dagrun for process_reviews_dag to None, run_after=None
[2026-06-07T17:38:27.243+0000] {processor.py:208} INFO - Processing /opt/airflow/dags/process_reviews_dag.py took 0.549 seconds
[2026-06-07T17:38:57.626+0000] {processor.py:186} INFO - Started process (PID=345) to work on /opt/airflow/dags/process_reviews_dag.py
[2026-06-07T17:38:57.627+0000] {processor.py:914} INFO - Processing file /opt/airflow/dags/process_reviews_dag.py for tasks to queue
[2026-06-07T17:38:57.631+0000] {logging_mixin.py:190} INFO - [2026-06-07T17:38:57.630+0000] {dagbag.py:587} INFO - Filling up the DagBag from /opt/airflow/dags/process_reviews_dag.py
[2026-06-07T17:38:58.200+0000] {processor.py:925} INFO - DAG(s) 'process_reviews_dag' retrieved from /opt/airflow/dags/process_reviews_dag.py
[2026-06-07T17:38:58.221+0000] {logging_mixin.py:190} INFO - [2026-06-07T17:38:58.220+0000] {dag.py:3211} INFO - Sync 1 DAGs
[2026-06-07T17:38:58.233+0000] {logging_mixin.py:190} INFO - [2026-06-07T17:38:58.232+0000] {dag.py:4138} INFO - Setting next_dagrun for process_reviews_dag to None, run_after=None
[2026-06-07T17:38:58.262+0000] {processor.py:208} INFO - Processing /opt/airflow/dags/process_reviews_dag.py took 0.644 seconds
[2026-06-07T17:39:28.711+0000] {processor.py:186} INFO - Started process (PID=349) to work on /opt/airflow/dags/process_reviews_dag.py
[2026-06-07T17:39:28.713+0000] {processor.py:914} INFO - Processing file /opt/airflow/dags/process_reviews_dag.py for tasks to queue
[2026-06-07T17:39:28.716+0000] {logging_mixin.py:190} INFO - [2026-06-07T17:39:28.716+0000] {dagbag.py:587} INFO - Filling up the DagBag from /opt/airflow/dags/process_reviews_dag.py
[2026-06-07T17:39:29.370+0000] {processor.py:925} INFO - DAG(s) 'process_reviews_dag' retrieved from /opt/airflow/dags/process_reviews_dag.py
[2026-06-07T17:39:29.391+0000] {logging_mixin.py:190} INFO - [2026-06-07T17:39:29.391+0000] {dag.py:3211} INFO - Sync 1 DAGs
[2026-06-07T17:39:29.406+0000] {logging_mixin.py:190} INFO - [2026-06-07T17:39:29.405+0000] {dag.py:4138} INFO - Setting next_dagrun for process_reviews_dag to None, run_after=None
[2026-06-07T17:39:29.437+0000] {processor.py:208} INFO - Processing /opt/airflow/dags/process_reviews_dag.py took 0.732 seconds
[2026-06-07T17:39:59.797+0000] {processor.py:186} INFO - Started process (PID=353) to work on /opt/airflow/dags/process_reviews_dag.py
[2026-06-07T17:39:59.799+0000] {processor.py:914} INFO - Processing file /opt/airflow/dags/process_reviews_dag.py for tasks to queue
[2026-06-07T17:39:59.803+0000] {logging_mixin.py:190} INFO - [2026-06-07T17:39:59.802+0000] {dagbag.py:587} INFO - Filling up the DagBag from /opt/airflow/dags/process_reviews_dag.py
[2026-06-07T17:40:00.345+0000] {processor.py:925} INFO - DAG(s) 'process_reviews_dag' retrieved from /opt/airflow/dags/process_reviews_dag.py
[2026-06-07T17:40:00.363+0000] {logging_mixin.py:190} INFO - [2026-06-07T17:40:00.362+0000] {dag.py:3211} INFO - Sync 1 DAGs
[2026-06-07T17:40:00.374+0000] {logging_mixin.py:190} INFO - [2026-06-07T17:40:00.374+0000] {dag.py:4138} INFO - Setting next_dagrun for process_reviews_dag to None, run_after=None
[2026-06-07T17:40:00.407+0000] {processor.py:208} INFO - Processing /opt/airflow/dags/process_reviews_dag.py took 0.617 seconds
[2026-06-07T17:40:30.876+0000] {processor.py:186} INFO - Started process (PID=357) to work on /opt/airflow/dags/process_reviews_dag.py
[2026-06-07T17:40:30.877+0000] {processor.py:914} INFO - Processing file /opt/airflow/dags/process_reviews_dag.py for tasks to queue
[2026-06-07T17:40:30.883+0000] {logging_mixin.py:190} INFO - [2026-06-07T17:40:30.882+0000] {dagbag.py:587} INFO - Filling up the DagBag from /opt/airflow/dags/process_reviews_dag.py
[2026-06-07T17:40:31.504+0000] {processor.py:925} INFO - DAG(s) 'process_reviews_dag' retrieved from /opt/airflow/dags/process_reviews_dag.py
[2026-06-07T17:40:31.523+0000] {logging_mixin.py:190} INFO - [2026-06-07T17:40:31.523+0000] {dag.py:3211} INFO - Sync 1 DAGs
[2026-06-07T17:40:31.536+0000] {logging_mixin.py:190} INFO - [2026-06-07T17:40:31.536+0000] {dag.py:4138} INFO - Setting next_dagrun for process_reviews_dag to None, run_after=None
[2026-06-07T17:40:31.569+0000] {processor.py:208} INFO - Processing /opt/airflow/dags/process_reviews_dag.py took 0.699 seconds
[2026-06-07T17:41:02.060+0000] {processor.py:186} INFO - Started process (PID=361) to work on /opt/airflow/dags/process_reviews_dag.py
[2026-06-07T17:41:02.061+0000] {processor.py:914} INFO - Processing file /opt/airflow/dags/process_reviews_dag.py for tasks to queue
[2026-06-07T17:41:02.065+0000] {logging_mixin.py:190} INFO - [2026-06-07T17:41:02.064+0000] {dagbag.py:587} INFO - Filling up the DagBag from /opt/airflow/dags/process_reviews_dag.py
[2026-06-07T17:41:02.639+0000] {processor.py:925} INFO - DAG(s) 'process_reviews_dag' retrieved from /opt/airflow/dags/process_reviews_dag.py
[2026-06-07T17:41:02.659+0000] {logging_mixin.py:190} INFO - [2026-06-07T17:41:02.659+0000] {dag.py:3211} INFO - Sync 1 DAGs
[2026-06-07T17:41:02.671+0000] {logging_mixin.py:190} INFO - [2026-06-07T17:41:02.671+0000] {dag.py:4138} INFO - Setting next_dagrun for process_reviews_dag to None, run_after=None
[2026-06-07T17:41:02.700+0000] {processor.py:208} INFO - Processing /opt/airflow/dags/process_reviews_dag.py took 0.646 seconds
[2026-06-07T17:41:33.137+0000] {processor.py:186} INFO - Started process (PID=365) to work on /opt/airflow/dags/process_reviews_dag.py
[2026-06-07T17:41:33.138+0000] {processor.py:914} INFO - Processing file /opt/airflow/dags/process_reviews_dag.py for tasks to queue
[2026-06-07T17:41:33.141+0000] {logging_mixin.py:190} INFO - [2026-06-07T17:41:33.141+0000] {dagbag.py:587} INFO - Filling up the DagBag from /opt/airflow/dags/process_reviews_dag.py
[2026-06-07T17:41:33.732+0000] {processor.py:925} INFO - DAG(s) 'process_reviews_dag' retrieved from /opt/airflow/dags/process_reviews_dag.py
[2026-06-07T17:41:33.752+0000] {logging_mixin.py:190} INFO - [2026-06-07T17:41:33.752+0000] {dag.py:3211} INFO - Sync 1 DAGs
[2026-06-07T17:41:33.765+0000] {logging_mixin.py:190} INFO - [2026-06-07T17:41:33.765+0000] {dag.py:4138} INFO - Setting next_dagrun for process_reviews_dag to None, run_after=None
[2026-06-07T17:41:33.798+0000] {processor.py:208} INFO - Processing /opt/airflow/dags/process_reviews_dag.py took 0.667 seconds
[2026-06-07T17:42:04.214+0000] {processor.py:186} INFO - Started process (PID=369) to work on /opt/airflow/dags/process_reviews_dag.py
[2026-06-07T17:42:04.216+0000] {processor.py:914} INFO - Processing file /opt/airflow/dags/process_reviews_dag.py for tasks to queue
[2026-06-07T17:42:04.220+0000] {logging_mixin.py:190} INFO - [2026-06-07T17:42:04.219+0000] {dagbag.py:587} INFO - Filling up the DagBag from /opt/airflow/dags/process_reviews_dag.py
[2026-06-07T17:42:04.806+0000] {processor.py:925} INFO - DAG(s) 'process_reviews_dag' retrieved from /opt/airflow/dags/process_reviews_dag.py
[2026-06-07T17:42:04.828+0000] {logging_mixin.py:190} INFO - [2026-06-07T17:42:04.828+0000] {dag.py:3211} INFO - Sync 1 DAGs
[2026-06-07T17:42:04.841+0000] {logging_mixin.py:190} INFO - [2026-06-07T17:42:04.841+0000] {dag.py:4138} INFO - Setting next_dagrun for process_reviews_dag to None, run_after=None
[2026-06-07T17:42:04.874+0000] {processor.py:208} INFO - Processing /opt/airflow/dags/process_reviews_dag.py took 0.669 seconds
[2026-06-07T17:42:35.272+0000] {processor.py:186} INFO - Started process (PID=373) to work on /opt/airflow/dags/process_reviews_dag.py
[2026-06-07T17:42:35.274+0000] {processor.py:914} INFO - Processing file /opt/airflow/dags/process_reviews_dag.py for tasks to queue
[2026-06-07T17:42:35.278+0000] {logging_mixin.py:190} INFO - [2026-06-07T17:42:35.277+0000] {dagbag.py:587} INFO - Filling up the DagBag from /opt/airflow/dags/process_reviews_dag.py
[2026-06-07T17:42:36.004+0000] {processor.py:925} INFO - DAG(s) 'process_reviews_dag' retrieved from /opt/airflow/dags/process_reviews_dag.py
[2026-06-07T17:42:36.030+0000] {logging_mixin.py:190} INFO - [2026-06-07T17:42:36.030+0000] {dag.py:3211} INFO - Sync 1 DAGs
[2026-06-07T17:42:36.046+0000] {logging_mixin.py:190} INFO - [2026-06-07T17:42:36.046+0000] {dag.py:4138} INFO - Setting next_dagrun for process_reviews_dag to None, run_after=None
[2026-06-07T17:42:36.104+0000] {processor.py:208} INFO - Processing /opt/airflow/dags/process_reviews_dag.py took 0.839 seconds
[2026-06-07T17:43:06.550+0000] {processor.py:186} INFO - Started process (PID=377) to work on /opt/airflow/dags/process_reviews_dag.py
[2026-06-07T17:43:06.551+0000] {processor.py:914} INFO - Processing file /opt/airflow/dags/process_reviews_dag.py for tasks to queue
[2026-06-07T17:43:06.554+0000] {logging_mixin.py:190} INFO - [2026-06-07T17:43:06.554+0000] {dagbag.py:587} INFO - Filling up the DagBag from /opt/airflow/dags/process_reviews_dag.py
[2026-06-07T17:43:07.057+0000] {processor.py:925} INFO - DAG(s) 'process_reviews_dag' retrieved from /opt/airflow/dags/process_reviews_dag.py
[2026-06-07T17:43:07.073+0000] {logging_mixin.py:190} INFO - [2026-06-07T17:43:07.073+0000] {dag.py:3211} INFO - Sync 1 DAGs
[2026-06-07T17:43:07.084+0000] {logging_mixin.py:190} INFO - [2026-06-07T17:43:07.084+0000] {dag.py:4138} INFO - Setting next_dagrun for process_reviews_dag to None, run_after=None
[2026-06-07T17:43:07.116+0000] {processor.py:208} INFO - Processing /opt/airflow/dags/process_reviews_dag.py took 0.573 seconds
[2026-06-07T17:43:37.493+0000] {processor.py:186} INFO - Started process (PID=381) to work on /opt/airflow/dags/process_reviews_dag.py
[2026-06-07T17:43:37.496+0000] {processor.py:914} INFO - Processing file /opt/airflow/dags/process_reviews_dag.py for tasks to queue
[2026-06-07T17:43:37.500+0000] {logging_mixin.py:190} INFO - [2026-06-07T17:43:37.499+0000] {dagbag.py:587} INFO - Filling up the DagBag from /opt/airflow/dags/process_reviews_dag.py
[2026-06-07T17:43:38.039+0000] {processor.py:925} INFO - DAG(s) 'process_reviews_dag' retrieved from /opt/airflow/dags/process_reviews_dag.py
[2026-06-07T17:43:38.057+0000] {logging_mixin.py:190} INFO - [2026-06-07T17:43:38.057+0000] {dag.py:3211} INFO - Sync 1 DAGs
[2026-06-07T17:43:38.071+0000] {logging_mixin.py:190} INFO - [2026-06-07T17:43:38.070+0000] {dag.py:4138} INFO - Setting next_dagrun for process_reviews_dag to None, run_after=None
[2026-06-07T17:43:38.108+0000] {processor.py:208} INFO - Processing /opt/airflow/dags/process_reviews_dag.py took 0.621 seconds
[2026-06-07T17:44:08.643+0000] {processor.py:186} INFO - Started process (PID=385) to work on /opt/airflow/dags/process_reviews_dag.py
[2026-06-07T17:44:08.645+0000] {processor.py:914} INFO - Processing file /opt/airflow/dags/process_reviews_dag.py for tasks to queue
[2026-06-07T17:44:08.649+0000] {logging_mixin.py:190} INFO - [2026-06-07T17:44:08.648+0000] {dagbag.py:587} INFO - Filling up the DagBag from /opt/airflow/dags/process_reviews_dag.py
[2026-06-07T17:44:09.345+0000] {processor.py:925} INFO - DAG(s) 'process_reviews_dag' retrieved from /opt/airflow/dags/process_reviews_dag.py
[2026-06-07T17:44:09.369+0000] {logging_mixin.py:190} INFO - [2026-06-07T17:44:09.369+0000] {dag.py:3211} INFO - Sync 1 DAGs
[2026-06-07T17:44:09.385+0000] {logging_mixin.py:190} INFO - [2026-06-07T17:44:09.383+0000] {dag.py:4138} INFO - Setting next_dagrun for process_reviews_dag to None, run_after=None
[2026-06-07T17:44:09.422+0000] {processor.py:208} INFO - Processing /opt/airflow/dags/process_reviews_dag.py took 0.787 seconds
[2026-06-07T17:44:39.904+0000] {processor.py:186} INFO - Started process (PID=389) to work on /opt/airflow/dags/process_reviews_dag.py
[2026-06-07T17:44:39.906+0000] {processor.py:914} INFO - Processing file /opt/airflow/dags/process_reviews_dag.py for tasks to queue
[2026-06-07T17:44:39.910+0000] {logging_mixin.py:190} INFO - [2026-06-07T17:44:39.909+0000] {dagbag.py:587} INFO - Filling up the DagBag from /opt/airflow/dags/process_reviews_dag.py
[2026-06-07T17:44:40.483+0000] {processor.py:925} INFO - DAG(s) 'process_reviews_dag' retrieved from /opt/airflow/dags/process_reviews_dag.py
[2026-06-07T17:44:40.502+0000] {logging_mixin.py:190} INFO - [2026-06-07T17:44:40.501+0000] {dag.py:3211} INFO - Sync 1 DAGs
[2026-06-07T17:44:40.515+0000] {logging_mixin.py:190} INFO - [2026-06-07T17:44:40.515+0000] {dag.py:4138} INFO - Setting next_dagrun for process_reviews_dag to None, run_after=None
[2026-06-07T17:44:40.550+0000] {processor.py:208} INFO - Processing /opt/airflow/dags/process_reviews_dag.py took 0.651 seconds
[2026-06-07T17:45:10.948+0000] {processor.py:186} INFO - Started process (PID=393) to work on /opt/airflow/dags/process_reviews_dag.py
[2026-06-07T17:45:10.949+0000] {processor.py:914} INFO - Processing file /opt/airflow/dags/process_reviews_dag.py for tasks to queue
[2026-06-07T17:45:10.952+0000] {logging_mixin.py:190} INFO - [2026-06-07T17:45:10.952+0000] {dagbag.py:587} INFO - Filling up the DagBag from /opt/airflow/dags/process_reviews_dag.py
[2026-06-07T17:45:11.424+0000] {processor.py:925} INFO - DAG(s) 'process_reviews_dag' retrieved from /opt/airflow/dags/process_reviews_dag.py
[2026-06-07T17:45:11.439+0000] {logging_mixin.py:190} INFO - [2026-06-07T17:45:11.439+0000] {dag.py:3211} INFO - Sync 1 DAGs
[2026-06-07T17:45:11.451+0000] {logging_mixin.py:190} INFO - [2026-06-07T17:45:11.450+0000] {dag.py:4138} INFO - Setting next_dagrun for process_reviews_dag to None, run_after=None
[2026-06-07T17:45:11.484+0000] {processor.py:208} INFO - Processing /opt/airflow/dags/process_reviews_dag.py took 0.542 seconds
[2026-06-07T17:45:41.928+0000] {processor.py:186} INFO - Started process (PID=397) to work on /opt/airflow/dags/process_reviews_dag.py
[2026-06-07T17:45:41.929+0000] {processor.py:914} INFO - Processing file /opt/airflow/dags/process_reviews_dag.py for tasks to queue
[2026-06-07T17:45:41.932+0000] {logging_mixin.py:190} INFO - [2026-06-07T17:45:41.932+0000] {dagbag.py:587} INFO - Filling up the DagBag from /opt/airflow/dags/process_reviews_dag.py
[2026-06-07T17:45:42.446+0000] {processor.py:925} INFO - DAG(s) 'process_reviews_dag' retrieved from /opt/airflow/dags/process_reviews_dag.py
[2026-06-07T17:45:42.467+0000] {logging_mixin.py:190} INFO - [2026-06-07T17:45:42.467+0000] {dag.py:3211} INFO - Sync 1 DAGs
[2026-06-07T17:45:42.479+0000] {logging_mixin.py:190} INFO - [2026-06-07T17:45:42.479+0000] {dag.py:4138} INFO - Setting next_dagrun for process_reviews_dag to None, run_after=None
[2026-06-07T17:45:42.512+0000] {processor.py:208} INFO - Processing /opt/airflow/dags/process_reviews_dag.py took 0.590 seconds
[2026-06-07T17:46:12.961+0000] {processor.py:186} INFO - Started process (PID=401) to work on /opt/airflow/dags/process_reviews_dag.py
[2026-06-07T17:46:12.962+0000] {processor.py:914} INFO - Processing file /opt/airflow/dags/process_reviews_dag.py for tasks to queue
[2026-06-07T17:46:12.965+0000] {logging_mixin.py:190} INFO - [2026-06-07T17:46:12.965+0000] {dagbag.py:587} INFO - Filling up the DagBag from /opt/airflow/dags/process_reviews_dag.py
[2026-06-07T17:46:13.513+0000] {processor.py:925} INFO - DAG(s) 'process_reviews_dag' retrieved from /opt/airflow/dags/process_reviews_dag.py
[2026-06-07T17:46:13.529+0000] {logging_mixin.py:190} INFO - [2026-06-07T17:46:13.529+0000] {dag.py:3211} INFO - Sync 1 DAGs
[2026-06-07T17:46:13.540+0000] {logging_mixin.py:190} INFO - [2026-06-07T17:46:13.539+0000] {dag.py:4138} INFO - Setting next_dagrun for process_reviews_dag to None, run_after=None
[2026-06-07T17:46:13.571+0000] {processor.py:208} INFO - Processing /opt/airflow/dags/process_reviews_dag.py took 0.616 seconds
[2026-06-07T17:46:44.033+0000] {processor.py:186} INFO - Started process (PID=405) to work on /opt/airflow/dags/process_reviews_dag.py
[2026-06-07T17:46:44.035+0000] {processor.py:914} INFO - Processing file /opt/airflow/dags/process_reviews_dag.py for tasks to queue
[2026-06-07T17:46:44.039+0000] {logging_mixin.py:190} INFO - [2026-06-07T17:46:44.038+0000] {dagbag.py:587} INFO - Filling up the DagBag from /opt/airflow/dags/process_reviews_dag.py
[2026-06-07T17:46:44.531+0000] {processor.py:925} INFO - DAG(s) 'process_reviews_dag' retrieved from /opt/airflow/dags/process_reviews_dag.py
[2026-06-07T17:46:44.550+0000] {logging_mixin.py:190} INFO - [2026-06-07T17:46:44.550+0000] {dag.py:3211} INFO - Sync 1 DAGs
[2026-06-07T17:46:44.560+0000] {logging_mixin.py:190} INFO - [2026-06-07T17:46:44.560+0000] {dag.py:4138} INFO - Setting next_dagrun for process_reviews_dag to None, run_after=None
[2026-06-07T17:46:44.591+0000] {processor.py:208} INFO - Processing /opt/airflow/dags/process_reviews_dag.py took 0.564 seconds
[2026-06-07T17:47:14.845+0000] {processor.py:186} INFO - Started process (PID=409) to work on /opt/airflow/dags/process_reviews_dag.py
[2026-06-07T17:47:14.847+0000] {processor.py:914} INFO - Processing file /opt/airflow/dags/process_reviews_dag.py for tasks to queue
[2026-06-07T17:47:14.850+0000] {logging_mixin.py:190} INFO - [2026-06-07T17:47:14.850+0000] {dagbag.py:587} INFO - Filling up the DagBag from /opt/airflow/dags/process_reviews_dag.py
[2026-06-07T17:47:15.332+0000] {processor.py:925} INFO - DAG(s) 'process_reviews_dag' retrieved from /opt/airflow/dags/process_reviews_dag.py
[2026-06-07T17:47:15.350+0000] {logging_mixin.py:190} INFO - [2026-06-07T17:47:15.350+0000] {dag.py:3211} INFO - Sync 1 DAGs
[2026-06-07T17:47:15.364+0000] {logging_mixin.py:190} INFO - [2026-06-07T17:47:15.363+0000] {dag.py:4138} INFO - Setting next_dagrun for process_reviews_dag to None, run_after=None
[2026-06-07T17:47:15.394+0000] {processor.py:208} INFO - Processing /opt/airflow/dags/process_reviews_dag.py took 0.555 seconds
[2026-06-07T17:47:45.701+0000] {processor.py:186} INFO - Started process (PID=413) to work on /opt/airflow/dags/process_reviews_dag.py
[2026-06-07T17:47:45.702+0000] {processor.py:914} INFO - Processing file /opt/airflow/dags/process_reviews_dag.py for tasks to queue
[2026-06-07T17:47:45.707+0000] {logging_mixin.py:190} INFO - [2026-06-07T17:47:45.706+0000] {dagbag.py:587} INFO - Filling up the DagBag from /opt/airflow/dags/process_reviews_dag.py
[2026-06-07T17:47:46.200+0000] {processor.py:925} INFO - DAG(s) 'process_reviews_dag' retrieved from /opt/airflow/dags/process_reviews_dag.py
[2026-06-07T17:47:46.217+0000] {logging_mixin.py:190} INFO - [2026-06-07T17:47:46.216+0000] {dag.py:3211} INFO - Sync 1 DAGs
[2026-06-07T17:47:46.227+0000] {logging_mixin.py:190} INFO - [2026-06-07T17:47:46.226+0000] {dag.py:4138} INFO - Setting next_dagrun for process_reviews_dag to None, run_after=None
[2026-06-07T17:47:46.258+0000] {processor.py:208} INFO - Processing /opt/airflow/dags/process_reviews_dag.py took 0.565 seconds
[2026-06-07T17:48:17.301+0000] {processor.py:186} INFO - Started process (PID=417) to work on /opt/airflow/dags/process_reviews_dag.py
[2026-06-07T17:48:17.302+0000] {processor.py:914} INFO - Processing file /opt/airflow/dags/process_reviews_dag.py for tasks to queue
[2026-06-07T17:48:17.305+0000] {logging_mixin.py:190} INFO - [2026-06-07T17:48:17.305+0000] {dagbag.py:587} INFO - Filling up the DagBag from /opt/airflow/dags/process_reviews_dag.py
[2026-06-07T17:48:17.850+0000] {processor.py:925} INFO - DAG(s) 'process_reviews_dag' retrieved from /opt/airflow/dags/process_reviews_dag.py
[2026-06-07T17:48:17.868+0000] {logging_mixin.py:190} INFO - [2026-06-07T17:48:17.868+0000] {dag.py:3211} INFO - Sync 1 DAGs
[2026-06-07T17:48:17.879+0000] {logging_mixin.py:190} INFO - [2026-06-07T17:48:17.878+0000] {dag.py:4138} INFO - Setting next_dagrun for process_reviews_dag to None, run_after=None
[2026-06-07T17:48:17.909+0000] {processor.py:208} INFO - Processing /opt/airflow/dags/process_reviews_dag.py took 0.614 seconds
[2026-06-07T17:48:48.120+0000] {processor.py:186} INFO - Started process (PID=421) to work on /opt/airflow/dags/process_reviews_dag.py
[2026-06-07T17:48:48.121+0000] {processor.py:914} INFO - Processing file /opt/airflow/dags/process_reviews_dag.py for tasks to queue
[2026-06-07T17:48:48.124+0000] {logging_mixin.py:190} INFO - [2026-06-07T17:48:48.124+0000] {dagbag.py:587} INFO - Filling up the DagBag from /opt/airflow/dags/process_reviews_dag.py
[2026-06-07T17:48:48.707+0000] {processor.py:925} INFO - DAG(s) 'process_reviews_dag' retrieved from /opt/airflow/dags/process_reviews_dag.py
[2026-06-07T17:48:48.727+0000] {logging_mixin.py:190} INFO - [2026-06-07T17:48:48.726+0000] {dag.py:3211} INFO - Sync 1 DAGs
[2026-06-07T17:48:48.740+0000] {logging_mixin.py:190} INFO - [2026-06-07T17:48:48.739+0000] {dag.py:4138} INFO - Setting next_dagrun for process_reviews_dag to None, run_after=None
[2026-06-07T17:48:48.774+0000] {processor.py:208} INFO - Processing /opt/airflow/dags/process_reviews_dag.py took 0.661 seconds
[2026-06-07T17:49:19.028+0000] {processor.py:186} INFO - Started process (PID=425) to work on /opt/airflow/dags/process_reviews_dag.py
[2026-06-07T17:49:19.029+0000] {processor.py:914} INFO - Processing file /opt/airflow/dags/process_reviews_dag.py for tasks to queue
[2026-06-07T17:49:19.033+0000] {logging_mixin.py:190} INFO - [2026-06-07T17:49:19.032+0000] {dagbag.py:587} INFO - Filling up the DagBag from /opt/airflow/dags/process_reviews_dag.py
[2026-06-07T17:49:19.513+0000] {processor.py:925} INFO - DAG(s) 'process_reviews_dag' retrieved from /opt/airflow/dags/process_reviews_dag.py
[2026-06-07T17:49:19.532+0000] {logging_mixin.py:190} INFO - [2026-06-07T17:49:19.532+0000] {dag.py:3211} INFO - Sync 1 DAGs
[2026-06-07T17:49:19.550+0000] {logging_mixin.py:190} INFO - [2026-06-07T17:49:19.550+0000] {dag.py:4138} INFO - Setting next_dagrun for process_reviews_dag to None, run_after=None
[2026-06-07T17:49:19.586+0000] {processor.py:208} INFO - Processing /opt/airflow/dags/process_reviews_dag.py took 0.565 seconds
[2026-06-07T17:49:49.828+0000] {processor.py:186} INFO - Started process (PID=429) to work on /opt/airflow/dags/process_reviews_dag.py
[2026-06-07T17:49:49.830+0000] {processor.py:914} INFO - Processing file /opt/airflow/dags/process_reviews_dag.py for tasks to queue
[2026-06-07T17:49:49.833+0000] {logging_mixin.py:190} INFO - [2026-06-07T17:49:49.833+0000] {dagbag.py:587} INFO - Filling up the DagBag from /opt/airflow/dags/process_reviews_dag.py
[2026-06-07T17:49:50.412+0000] {processor.py:925} INFO - DAG(s) 'process_reviews_dag' retrieved from /opt/airflow/dags/process_reviews_dag.py
[2026-06-07T17:49:50.432+0000] {logging_mixin.py:190} INFO - [2026-06-07T17:49:50.432+0000] {dag.py:3211} INFO - Sync 1 DAGs
[2026-06-07T17:49:50.444+0000] {logging_mixin.py:190} INFO - [2026-06-07T17:49:50.444+0000] {dag.py:4138} INFO - Setting next_dagrun for process_reviews_dag to None, run_after=None
[2026-06-07T17:49:50.474+0000] {processor.py:208} INFO - Processing /opt/airflow/dags/process_reviews_dag.py took 0.656 seconds
[2026-06-07T17:50:20.645+0000] {processor.py:186} INFO - Started process (PID=433) to work on /opt/airflow/dags/process_reviews_dag.py
[2026-06-07T17:50:20.647+0000] {processor.py:914} INFO - Processing file /opt/airflow/dags/process_reviews_dag.py for tasks to queue
[2026-06-07T17:50:20.650+0000] {logging_mixin.py:190} INFO - [2026-06-07T17:50:20.649+0000] {dagbag.py:587} INFO - Filling up the DagBag from /opt/airflow/dags/process_reviews_dag.py
[2026-06-07T17:50:21.206+0000] {processor.py:925} INFO - DAG(s) 'process_reviews_dag' retrieved from /opt/airflow/dags/process_reviews_dag.py
[2026-06-07T17:50:21.235+0000] {logging_mixin.py:190} INFO - [2026-06-07T17:50:21.235+0000] {dag.py:3211} INFO - Sync 1 DAGs
[2026-06-07T17:50:21.252+0000] {logging_mixin.py:190} INFO - [2026-06-07T17:50:21.252+0000] {dag.py:4138} INFO - Setting next_dagrun for process_reviews_dag to None, run_after=None
[2026-06-07T17:50:21.293+0000] {processor.py:208} INFO - Processing /opt/airflow/dags/process_reviews_dag.py took 0.655 seconds
[2026-06-07T17:50:51.523+0000] {processor.py:186} INFO - Started process (PID=437) to work on /opt/airflow/dags/process_reviews_dag.py
[2026-06-07T17:50:51.524+0000] {processor.py:914} INFO - Processing file /opt/airflow/dags/process_reviews_dag.py for tasks to queue
[2026-06-07T17:50:51.527+0000] {logging_mixin.py:190} INFO - [2026-06-07T17:50:51.527+0000] {dagbag.py:587} INFO - Filling up the DagBag from /opt/airflow/dags/process_reviews_dag.py
[2026-06-07T17:50:52.012+0000] {processor.py:925} INFO - DAG(s) 'process_reviews_dag' retrieved from /opt/airflow/dags/process_reviews_dag.py
[2026-06-07T17:50:52.031+0000] {logging_mixin.py:190} INFO - [2026-06-07T17:50:52.030+0000] {dag.py:3211} INFO - Sync 1 DAGs
[2026-06-07T17:50:52.042+0000] {logging_mixin.py:190} INFO - [2026-06-07T17:50:52.041+0000] {dag.py:4138} INFO - Setting next_dagrun for process_reviews_dag to None, run_after=None
[2026-06-07T17:50:52.070+0000] {processor.py:208} INFO - Processing /opt/airflow/dags/process_reviews_dag.py took 0.553 seconds
[2026-06-07T17:51:22.338+0000] {processor.py:186} INFO - Started process (PID=441) to work on /opt/airflow/dags/process_reviews_dag.py
[2026-06-07T17:51:22.339+0000] {processor.py:914} INFO - Processing file /opt/airflow/dags/process_reviews_dag.py for tasks to queue
[2026-06-07T17:51:22.342+0000] {logging_mixin.py:190} INFO - [2026-06-07T17:51:22.342+0000] {dagbag.py:587} INFO - Filling up the DagBag from /opt/airflow/dags/process_reviews_dag.py
[2026-06-07T17:51:23.024+0000] {processor.py:925} INFO - DAG(s) 'process_reviews_dag' retrieved from /opt/airflow/dags/process_reviews_dag.py
[2026-06-07T17:51:23.046+0000] {logging_mixin.py:190} INFO - [2026-06-07T17:51:23.045+0000] {dag.py:3211} INFO - Sync 1 DAGs
[2026-06-07T17:51:23.062+0000] {logging_mixin.py:190} INFO - [2026-06-07T17:51:23.062+0000] {dag.py:4138} INFO - Setting next_dagrun for process_reviews_dag to None, run_after=None
[2026-06-07T17:51:23.091+0000] {processor.py:208} INFO - Processing /opt/airflow/dags/process_reviews_dag.py took 0.759 seconds
[2026-06-07T17:51:53.266+0000] {processor.py:186} INFO - Started process (PID=445) to work on /opt/airflow/dags/process_reviews_dag.py
[2026-06-07T17:51:53.268+0000] {processor.py:914} INFO - Processing file /opt/airflow/dags/process_reviews_dag.py for tasks to queue
[2026-06-07T17:51:53.274+0000] {logging_mixin.py:190} INFO - [2026-06-07T17:51:53.273+0000] {dagbag.py:587} INFO - Filling up the DagBag from /opt/airflow/dags/process_reviews_dag.py
[2026-06-07T17:51:53.944+0000] {processor.py:925} INFO - DAG(s) 'process_reviews_dag' retrieved from /opt/airflow/dags/process_reviews_dag.py
[2026-06-07T17:51:53.971+0000] {logging_mixin.py:190} INFO - [2026-06-07T17:51:53.970+0000] {dag.py:3211} INFO - Sync 1 DAGs
[2026-06-07T17:51:53.990+0000] {logging_mixin.py:190} INFO - [2026-06-07T17:51:53.990+0000] {dag.py:4138} INFO - Setting next_dagrun for process_reviews_dag to None, run_after=None
[2026-06-07T17:51:54.027+0000] {processor.py:208} INFO - Processing /opt/airflow/dags/process_reviews_dag.py took 0.769 seconds
[2026-06-07T17:52:24.233+0000] {processor.py:186} INFO - Started process (PID=449) to work on /opt/airflow/dags/process_reviews_dag.py
[2026-06-07T17:52:24.235+0000] {processor.py:914} INFO - Processing file /opt/airflow/dags/process_reviews_dag.py for tasks to queue
[2026-06-07T17:52:24.238+0000] {logging_mixin.py:190} INFO - [2026-06-07T17:52:24.238+0000] {dagbag.py:587} INFO - Filling up the DagBag from /opt/airflow/dags/process_reviews_dag.py
[2026-06-07T17:52:24.822+0000] {processor.py:925} INFO - DAG(s) 'process_reviews_dag' retrieved from /opt/airflow/dags/process_reviews_dag.py
[2026-06-07T17:52:24.842+0000] {logging_mixin.py:190} INFO - [2026-06-07T17:52:24.842+0000] {dag.py:3211} INFO - Sync 1 DAGs
[2026-06-07T17:52:24.857+0000] {logging_mixin.py:190} INFO - [2026-06-07T17:52:24.857+0000] {dag.py:4138} INFO - Setting next_dagrun for process_reviews_dag to None, run_after=None
[2026-06-07T17:52:24.891+0000] {processor.py:208} INFO - Processing /opt/airflow/dags/process_reviews_dag.py took 0.666 seconds
[2026-06-07T17:52:55.097+0000] {processor.py:186} INFO - Started process (PID=453) to work on /opt/airflow/dags/process_reviews_dag.py
[2026-06-07T17:52:55.099+0000] {processor.py:914} INFO - Processing file /opt/airflow/dags/process_reviews_dag.py for tasks to queue
[2026-06-07T17:52:55.103+0000] {logging_mixin.py:190} INFO - [2026-06-07T17:52:55.102+0000] {dagbag.py:587} INFO - Filling up the DagBag from /opt/airflow/dags/process_reviews_dag.py
[2026-06-07T17:52:55.602+0000] {processor.py:925} INFO - DAG(s) 'process_reviews_dag' retrieved from /opt/airflow/dags/process_reviews_dag.py
[2026-06-07T17:52:55.619+0000] {logging_mixin.py:190} INFO - [2026-06-07T17:52:55.619+0000] {dag.py:3211} INFO - Sync 1 DAGs
[2026-06-07T17:52:55.632+0000] {logging_mixin.py:190} INFO - [2026-06-07T17:52:55.631+0000] {dag.py:4138} INFO - Setting next_dagrun for process_reviews_dag to None, run_after=None
[2026-06-07T17:52:55.665+0000] {processor.py:208} INFO - Processing /opt/airflow/dags/process_reviews_dag.py took 0.574 seconds
[2026-06-07T17:53:25.966+0000] {processor.py:186} INFO - Started process (PID=457) to work on /opt/airflow/dags/process_reviews_dag.py
[2026-06-07T17:53:25.968+0000] {processor.py:914} INFO - Processing file /opt/airflow/dags/process_reviews_dag.py for tasks to queue
[2026-06-07T17:53:25.971+0000] {logging_mixin.py:190} INFO - [2026-06-07T17:53:25.971+0000] {dagbag.py:587} INFO - Filling up the DagBag from /opt/airflow/dags/process_reviews_dag.py
[2026-06-07T17:53:26.533+0000] {processor.py:925} INFO - DAG(s) 'process_reviews_dag' retrieved from /opt/airflow/dags/process_reviews_dag.py
[2026-06-07T17:53:26.553+0000] {logging_mixin.py:190} INFO - [2026-06-07T17:53:26.553+0000] {dag.py:3211} INFO - Sync 1 DAGs
[2026-06-07T17:53:26.565+0000] {logging_mixin.py:190} INFO - [2026-06-07T17:53:26.564+0000] {dag.py:4138} INFO - Setting next_dagrun for process_reviews_dag to None, run_after=None
[2026-06-07T17:53:26.596+0000] {processor.py:208} INFO - Processing /opt/airflow/dags/process_reviews_dag.py took 0.639 seconds
[2026-06-07T17:53:56.828+0000] {processor.py:186} INFO - Started process (PID=461) to work on /opt/airflow/dags/process_reviews_dag.py
[2026-06-07T17:53:56.830+0000] {processor.py:914} INFO - Processing file /opt/airflow/dags/process_reviews_dag.py for tasks to queue
[2026-06-07T17:53:56.833+0000] {logging_mixin.py:190} INFO - [2026-06-07T17:53:56.833+0000] {dagbag.py:587} INFO - Filling up the DagBag from /opt/airflow/dags/process_reviews_dag.py
[2026-06-07T17:53:57.336+0000] {processor.py:925} INFO - DAG(s) 'process_reviews_dag' retrieved from /opt/airflow/dags/process_reviews_dag.py
[2026-06-07T17:53:57.354+0000] {logging_mixin.py:190} INFO - [2026-06-07T17:53:57.353+0000] {dag.py:3211} INFO - Sync 1 DAGs
[2026-06-07T17:53:57.365+0000] {logging_mixin.py:190} INFO - [2026-06-07T17:53:57.365+0000] {dag.py:4138} INFO - Setting next_dagrun for process_reviews_dag to None, run_after=None
[2026-06-07T17:53:57.398+0000] {processor.py:208} INFO - Processing /opt/airflow/dags/process_reviews_dag.py took 0.575 seconds
[2026-06-07T17:54:27.575+0000] {processor.py:186} INFO - Started process (PID=465) to work on /opt/airflow/dags/process_reviews_dag.py
[2026-06-07T17:54:27.577+0000] {processor.py:914} INFO - Processing file /opt/airflow/dags/process_reviews_dag.py for tasks to queue
[2026-06-07T17:54:27.580+0000] {logging_mixin.py:190} INFO - [2026-06-07T17:54:27.580+0000] {dagbag.py:587} INFO - Filling up the DagBag from /opt/airflow/dags/process_reviews_dag.py
[2026-06-07T17:54:28.144+0000] {processor.py:925} INFO - DAG(s) 'process_reviews_dag' retrieved from /opt/airflow/dags/process_reviews_dag.py
[2026-06-07T17:54:28.162+0000] {logging_mixin.py:190} INFO - [2026-06-07T17:54:28.162+0000] {dag.py:3211} INFO - Sync 1 DAGs
[2026-06-07T17:54:28.174+0000] {logging_mixin.py:190} INFO - [2026-06-07T17:54:28.174+0000] {dag.py:4138} INFO - Setting next_dagrun for process_reviews_dag to None, run_after=None
[2026-06-07T17:54:28.207+0000] {processor.py:208} INFO - Processing /opt/airflow/dags/process_reviews_dag.py took 0.641 seconds
[2026-06-07T17:54:58.433+0000] {processor.py:186} INFO - Started process (PID=469) to work on /opt/airflow/dags/process_reviews_dag.py
[2026-06-07T17:54:58.436+0000] {processor.py:914} INFO - Processing file /opt/airflow/dags/process_reviews_dag.py for tasks to queue
[2026-06-07T17:54:58.439+0000] {logging_mixin.py:190} INFO - [2026-06-07T17:54:58.439+0000] {dagbag.py:587} INFO - Filling up the DagBag from /opt/airflow/dags/process_reviews_dag.py
[2026-06-07T17:54:59.006+0000] {processor.py:925} INFO - DAG(s) 'process_reviews_dag' retrieved from /opt/airflow/dags/process_reviews_dag.py
[2026-06-07T17:54:59.023+0000] {logging_mixin.py:190} INFO - [2026-06-07T17:54:59.023+0000] {dag.py:3211} INFO - Sync 1 DAGs
[2026-06-07T17:54:59.035+0000] {logging_mixin.py:190} INFO - [2026-06-07T17:54:59.035+0000] {dag.py:4138} INFO - Setting next_dagrun for process_reviews_dag to None, run_after=None
[2026-06-07T17:54:59.063+0000] {processor.py:208} INFO - Processing /opt/airflow/dags/process_reviews_dag.py took 0.637 seconds
[2026-06-07T17:55:29.299+0000] {processor.py:186} INFO - Started process (PID=473) to work on /opt/airflow/dags/process_reviews_dag.py
[2026-06-07T17:55:29.300+0000] {processor.py:914} INFO - Processing file /opt/airflow/dags/process_reviews_dag.py for tasks to queue
[2026-06-07T17:55:29.304+0000] {logging_mixin.py:190} INFO - [2026-06-07T17:55:29.304+0000] {dagbag.py:587} INFO - Filling up the DagBag from /opt/airflow/dags/process_reviews_dag.py
[2026-06-07T17:55:29.846+0000] {processor.py:925} INFO - DAG(s) 'process_reviews_dag' retrieved from /opt/airflow/dags/process_reviews_dag.py
[2026-06-07T17:55:29.868+0000] {logging_mixin.py:190} INFO - [2026-06-07T17:55:29.868+0000] {dag.py:3211} INFO - Sync 1 DAGs
[2026-06-07T17:55:29.883+0000] {logging_mixin.py:190} INFO - [2026-06-07T17:55:29.883+0000] {dag.py:4138} INFO - Setting next_dagrun for process_reviews_dag to None, run_after=None
[2026-06-07T17:55:29.919+0000] {processor.py:208} INFO - Processing /opt/airflow/dags/process_reviews_dag.py took 0.626 seconds
[2026-06-07T17:56:00.156+0000] {processor.py:186} INFO - Started process (PID=477) to work on /opt/airflow/dags/process_reviews_dag.py
[2026-06-07T17:56:00.157+0000] {processor.py:914} INFO - Processing file /opt/airflow/dags/process_reviews_dag.py for tasks to queue
[2026-06-07T17:56:00.160+0000] {logging_mixin.py:190} INFO - [2026-06-07T17:56:00.159+0000] {dagbag.py:587} INFO - Filling up the DagBag from /opt/airflow/dags/process_reviews_dag.py
[2026-06-07T17:56:00.642+0000] {processor.py:925} INFO - DAG(s) 'process_reviews_dag' retrieved from /opt/airflow/dags/process_reviews_dag.py
[2026-06-07T17:56:00.659+0000] {logging_mixin.py:190} INFO - [2026-06-07T17:56:00.658+0000] {dag.py:3211} INFO - Sync 1 DAGs
[2026-06-07T17:56:00.669+0000] {logging_mixin.py:190} INFO - [2026-06-07T17:56:00.669+0000] {dag.py:4138} INFO - Setting next_dagrun for process_reviews_dag to None, run_after=None
[2026-06-07T17:56:00.700+0000] {processor.py:208} INFO - Processing /opt/airflow/dags/process_reviews_dag.py took 0.550 seconds
[2026-06-07T17:56:30.904+0000] {processor.py:186} INFO - Started process (PID=481) to work on /opt/airflow/dags/process_reviews_dag.py
[2026-06-07T17:56:30.907+0000] {processor.py:914} INFO - Processing file /opt/airflow/dags/process_reviews_dag.py for tasks to queue
[2026-06-07T17:56:30.912+0000] {logging_mixin.py:190} INFO - [2026-06-07T17:56:30.911+0000] {dagbag.py:587} INFO - Filling up the DagBag from /opt/airflow/dags/process_reviews_dag.py
[2026-06-07T17:56:31.498+0000] {processor.py:925} INFO - DAG(s) 'process_reviews_dag' retrieved from /opt/airflow/dags/process_reviews_dag.py
[2026-06-07T17:56:31.514+0000] {logging_mixin.py:190} INFO - [2026-06-07T17:56:31.514+0000] {dag.py:3211} INFO - Sync 1 DAGs
[2026-06-07T17:56:31.526+0000] {logging_mixin.py:190} INFO - [2026-06-07T17:56:31.526+0000] {dag.py:4138} INFO - Setting next_dagrun for process_reviews_dag to None, run_after=None
[2026-06-07T17:56:31.554+0000] {processor.py:208} INFO - Processing /opt/airflow/dags/process_reviews_dag.py took 0.663 seconds
[2026-06-07T17:57:01.996+0000] {processor.py:186} INFO - Started process (PID=485) to work on /opt/airflow/dags/process_reviews_dag.py
[2026-06-07T17:57:01.997+0000] {processor.py:914} INFO - Processing file /opt/airflow/dags/process_reviews_dag.py for tasks to queue
[2026-06-07T17:57:02.001+0000] {logging_mixin.py:190} INFO - [2026-06-07T17:57:02.000+0000] {dagbag.py:587} INFO - Filling up the DagBag from /opt/airflow/dags/process_reviews_dag.py
[2026-06-07T17:57:02.606+0000] {processor.py:925} INFO - DAG(s) 'process_reviews_dag' retrieved from /opt/airflow/dags/process_reviews_dag.py
[2026-06-07T17:57:02.626+0000] {logging_mixin.py:190} INFO - [2026-06-07T17:57:02.626+0000] {dag.py:3211} INFO - Sync 1 DAGs
[2026-06-07T17:57:02.642+0000] {logging_mixin.py:190} INFO - [2026-06-07T17:57:02.642+0000] {dag.py:4138} INFO - Setting next_dagrun for process_reviews_dag to None, run_after=None
[2026-06-07T17:57:02.672+0000] {processor.py:208} INFO - Processing /opt/airflow/dags/process_reviews_dag.py took 0.683 seconds
[2026-06-07T17:57:32.970+0000] {processor.py:186} INFO - Started process (PID=489) to work on /opt/airflow/dags/process_reviews_dag.py
[2026-06-07T17:57:32.972+0000] {processor.py:914} INFO - Processing file /opt/airflow/dags/process_reviews_dag.py for tasks to queue
[2026-06-07T17:57:32.978+0000] {logging_mixin.py:190} INFO - [2026-06-07T17:57:32.978+0000] {dagbag.py:587} INFO - Filling up the DagBag from /opt/airflow/dags/process_reviews_dag.py
[2026-06-07T17:57:33.519+0000] {processor.py:925} INFO - DAG(s) 'process_reviews_dag' retrieved from /opt/airflow/dags/process_reviews_dag.py
[2026-06-07T17:57:33.538+0000] {logging_mixin.py:190} INFO - [2026-06-07T17:57:33.537+0000] {dag.py:3211} INFO - Sync 1 DAGs
[2026-06-07T17:57:33.549+0000] {logging_mixin.py:190} INFO - [2026-06-07T17:57:33.548+0000] {dag.py:4138} INFO - Setting next_dagrun for process_reviews_dag to None, run_after=None
[2026-06-07T17:57:33.579+0000] {processor.py:208} INFO - Processing /opt/airflow/dags/process_reviews_dag.py took 0.619 seconds
[2026-06-07T17:58:03.845+0000] {processor.py:186} INFO - Started process (PID=493) to work on /opt/airflow/dags/process_reviews_dag.py
[2026-06-07T17:58:03.847+0000] {processor.py:914} INFO - Processing file /opt/airflow/dags/process_reviews_dag.py for tasks to queue
[2026-06-07T17:58:03.850+0000] {logging_mixin.py:190} INFO - [2026-06-07T17:58:03.849+0000] {dagbag.py:587} INFO - Filling up the DagBag from /opt/airflow/dags/process_reviews_dag.py
[2026-06-07T17:58:04.341+0000] {processor.py:925} INFO - DAG(s) 'process_reviews_dag' retrieved from /opt/airflow/dags/process_reviews_dag.py
[2026-06-07T17:58:04.359+0000] {logging_mixin.py:190} INFO - [2026-06-07T17:58:04.359+0000] {dag.py:3211} INFO - Sync 1 DAGs
[2026-06-07T17:58:04.372+0000] {logging_mixin.py:190} INFO - [2026-06-07T17:58:04.371+0000] {dag.py:4138} INFO - Setting next_dagrun for process_reviews_dag to None, run_after=None
[2026-06-07T17:58:04.402+0000] {processor.py:208} INFO - Processing /opt/airflow/dags/process_reviews_dag.py took 0.564 seconds
[2026-06-07T17:58:34.615+0000] {processor.py:186} INFO - Started process (PID=497) to work on /opt/airflow/dags/process_reviews_dag.py
[2026-06-07T17:58:34.617+0000] {processor.py:914} INFO - Processing file /opt/airflow/dags/process_reviews_dag.py for tasks to queue
[2026-06-07T17:58:34.621+0000] {logging_mixin.py:190} INFO - [2026-06-07T17:58:34.620+0000] {dagbag.py:587} INFO - Filling up the DagBag from /opt/airflow/dags/process_reviews_dag.py
[2026-06-07T17:58:35.112+0000] {processor.py:925} INFO - DAG(s) 'process_reviews_dag' retrieved from /opt/airflow/dags/process_reviews_dag.py
[2026-06-07T17:58:35.130+0000] {logging_mixin.py:190} INFO - [2026-06-07T17:58:35.130+0000] {dag.py:3211} INFO - Sync 1 DAGs
[2026-06-07T17:58:35.142+0000] {logging_mixin.py:190} INFO - [2026-06-07T17:58:35.142+0000] {dag.py:4138} INFO - Setting next_dagrun for process_reviews_dag to None, run_after=None
[2026-06-07T17:58:35.171+0000] {processor.py:208} INFO - Processing /opt/airflow/dags/process_reviews_dag.py took 0.562 seconds
[2026-06-07T17:59:05.373+0000] {processor.py:186} INFO - Started process (PID=501) to work on /opt/airflow/dags/process_reviews_dag.py
[2026-06-07T17:59:05.375+0000] {processor.py:914} INFO - Processing file /opt/airflow/dags/process_reviews_dag.py for tasks to queue
[2026-06-07T17:59:05.378+0000] {logging_mixin.py:190} INFO - [2026-06-07T17:59:05.378+0000] {dagbag.py:587} INFO - Filling up the DagBag from /opt/airflow/dags/process_reviews_dag.py
[2026-06-07T17:59:05.893+0000] {processor.py:925} INFO - DAG(s) 'process_reviews_dag' retrieved from /opt/airflow/dags/process_reviews_dag.py
[2026-06-07T17:59:05.910+0000] {logging_mixin.py:190} INFO - [2026-06-07T17:59:05.910+0000] {dag.py:3211} INFO - Sync 1 DAGs
[2026-06-07T17:59:05.922+0000] {logging_mixin.py:190} INFO - [2026-06-07T17:59:05.922+0000] {dag.py:4138} INFO - Setting next_dagrun for process_reviews_dag to None, run_after=None
[2026-06-07T17:59:05.952+0000] {processor.py:208} INFO - Processing /opt/airflow/dags/process_reviews_dag.py took 0.585 seconds
[2026-06-07T17:59:36.389+0000] {processor.py:186} INFO - Started process (PID=505) to work on /opt/airflow/dags/process_reviews_dag.py
[2026-06-07T17:59:36.392+0000] {processor.py:914} INFO - Processing file /opt/airflow/dags/process_reviews_dag.py for tasks to queue
[2026-06-07T17:59:36.399+0000] {logging_mixin.py:190} INFO - [2026-06-07T17:59:36.398+0000] {dagbag.py:587} INFO - Filling up the DagBag from /opt/airflow/dags/process_reviews_dag.py
[2026-06-07T17:59:37.145+0000] {processor.py:925} INFO - DAG(s) 'process_reviews_dag' retrieved from /opt/airflow/dags/process_reviews_dag.py
[2026-06-07T17:59:37.187+0000] {logging_mixin.py:190} INFO - [2026-06-07T17:59:37.187+0000] {dag.py:3211} INFO - Sync 1 DAGs
[2026-06-07T17:59:37.210+0000] {logging_mixin.py:190} INFO - [2026-06-07T17:59:37.210+0000] {dag.py:4138} INFO - Setting next_dagrun for process_reviews_dag to None, run_after=None
[2026-06-07T17:59:37.264+0000] {processor.py:208} INFO - Processing /opt/airflow/dags/process_reviews_dag.py took 0.889 seconds
[2026-06-07T18:00:07.662+0000] {processor.py:186} INFO - Started process (PID=509) to work on /opt/airflow/dags/process_reviews_dag.py
[2026-06-07T18:00:07.664+0000] {processor.py:914} INFO - Processing file /opt/airflow/dags/process_reviews_dag.py for tasks to queue
[2026-06-07T18:00:07.669+0000] {logging_mixin.py:190} INFO - [2026-06-07T18:00:07.668+0000] {dagbag.py:587} INFO - Filling up the DagBag from /opt/airflow/dags/process_reviews_dag.py
[2026-06-07T18:00:08.509+0000] {processor.py:925} INFO - DAG(s) 'process_reviews_dag' retrieved from /opt/airflow/dags/process_reviews_dag.py
[2026-06-07T18:00:08.531+0000] {logging_mixin.py:190} INFO - [2026-06-07T18:00:08.530+0000] {dag.py:3211} INFO - Sync 1 DAGs
[2026-06-07T18:00:08.547+0000] {logging_mixin.py:190} INFO - [2026-06-07T18:00:08.547+0000] {dag.py:4138} INFO - Setting next_dagrun for process_reviews_dag to None, run_after=None
[2026-06-07T18:00:08.590+0000] {processor.py:208} INFO - Processing /opt/airflow/dags/process_reviews_dag.py took 0.937 seconds
[2026-06-07T18:00:38.926+0000] {processor.py:186} INFO - Started process (PID=513) to work on /opt/airflow/dags/process_reviews_dag.py
[2026-06-07T18:00:38.929+0000] {processor.py:914} INFO - Processing file /opt/airflow/dags/process_reviews_dag.py for tasks to queue
[2026-06-07T18:00:38.933+0000] {logging_mixin.py:190} INFO - [2026-06-07T18:00:38.933+0000] {dagbag.py:587} INFO - Filling up the DagBag from /opt/airflow/dags/process_reviews_dag.py
[2026-06-07T18:00:39.590+0000] {processor.py:925} INFO - DAG(s) 'process_reviews_dag' retrieved from /opt/airflow/dags/process_reviews_dag.py
[2026-06-07T18:00:39.609+0000] {logging_mixin.py:190} INFO - [2026-06-07T18:00:39.608+0000] {dag.py:3211} INFO - Sync 1 DAGs
[2026-06-07T18:00:39.625+0000] {logging_mixin.py:190} INFO - [2026-06-07T18:00:39.624+0000] {dag.py:4138} INFO - Setting next_dagrun for process_reviews_dag to None, run_after=None
[2026-06-07T18:00:39.672+0000] {processor.py:208} INFO - Processing /opt/airflow/dags/process_reviews_dag.py took 0.759 seconds
[2026-06-07T18:01:10.095+0000] {processor.py:186} INFO - Started process (PID=517) to work on /opt/airflow/dags/process_reviews_dag.py
[2026-06-07T18:01:10.097+0000] {processor.py:914} INFO - Processing file /opt/airflow/dags/process_reviews_dag.py for tasks to queue
[2026-06-07T18:01:10.103+0000] {logging_mixin.py:190} INFO - [2026-06-07T18:01:10.102+0000] {dagbag.py:587} INFO - Filling up the DagBag from /opt/airflow/dags/process_reviews_dag.py
[2026-06-07T18:01:10.809+0000] {processor.py:925} INFO - DAG(s) 'process_reviews_dag' retrieved from /opt/airflow/dags/process_reviews_dag.py
[2026-06-07T18:01:10.828+0000] {logging_mixin.py:190} INFO - [2026-06-07T18:01:10.828+0000] {dag.py:3211} INFO - Sync 1 DAGs
[2026-06-07T18:01:10.840+0000] {logging_mixin.py:190} INFO - [2026-06-07T18:01:10.840+0000] {dag.py:4138} INFO - Setting next_dagrun for process_reviews_dag to None, run_after=None
[2026-06-07T18:01:10.874+0000] {processor.py:208} INFO - Processing /opt/airflow/dags/process_reviews_dag.py took 0.791 seconds
[2026-06-07T18:01:41.250+0000] {processor.py:186} INFO - Started process (PID=521) to work on /opt/airflow/dags/process_reviews_dag.py
[2026-06-07T18:01:41.252+0000] {processor.py:914} INFO - Processing file /opt/airflow/dags/process_reviews_dag.py for tasks to queue
[2026-06-07T18:01:41.256+0000] {logging_mixin.py:190} INFO - [2026-06-07T18:01:41.255+0000] {dagbag.py:587} INFO - Filling up the DagBag from /opt/airflow/dags/process_reviews_dag.py
[2026-06-07T18:01:42.307+0000] {processor.py:925} INFO - DAG(s) 'process_reviews_dag' retrieved from /opt/airflow/dags/process_reviews_dag.py
[2026-06-07T18:01:42.338+0000] {logging_mixin.py:190} INFO - [2026-06-07T18:01:42.338+0000] {dag.py:3211} INFO - Sync 1 DAGs
[2026-06-07T18:01:42.356+0000] {logging_mixin.py:190} INFO - [2026-06-07T18:01:42.356+0000] {dag.py:4138} INFO - Setting next_dagrun for process_reviews_dag to None, run_after=None
[2026-06-07T18:01:42.398+0000] {processor.py:208} INFO - Processing /opt/airflow/dags/process_reviews_dag.py took 1.156 seconds
[2026-06-07T18:02:12.743+0000] {processor.py:186} INFO - Started process (PID=525) to work on /opt/airflow/dags/process_reviews_dag.py
[2026-06-07T18:02:12.746+0000] {processor.py:914} INFO - Processing file /opt/airflow/dags/process_reviews_dag.py for tasks to queue
[2026-06-07T18:02:12.752+0000] {logging_mixin.py:190} INFO - [2026-06-07T18:02:12.751+0000] {dagbag.py:587} INFO - Filling up the DagBag from /opt/airflow/dags/process_reviews_dag.py
[2026-06-07T18:02:13.505+0000] {processor.py:925} INFO - DAG(s) 'process_reviews_dag' retrieved from /opt/airflow/dags/process_reviews_dag.py
[2026-06-07T18:02:13.537+0000] {logging_mixin.py:190} INFO - [2026-06-07T18:02:13.536+0000] {dag.py:3211} INFO - Sync 1 DAGs
[2026-06-07T18:02:13.561+0000] {logging_mixin.py:190} INFO - [2026-06-07T18:02:13.560+0000] {dag.py:4138} INFO - Setting next_dagrun for process_reviews_dag to None, run_after=None
[2026-06-07T18:02:13.609+0000] {processor.py:208} INFO - Processing /opt/airflow/dags/process_reviews_dag.py took 0.881 seconds
[2026-06-07T18:02:44.068+0000] {processor.py:186} INFO - Started process (PID=529) to work on /opt/airflow/dags/process_reviews_dag.py
[2026-06-07T18:02:44.071+0000] {processor.py:914} INFO - Processing file /opt/airflow/dags/process_reviews_dag.py for tasks to queue
[2026-06-07T18:02:44.076+0000] {logging_mixin.py:190} INFO - [2026-06-07T18:02:44.076+0000] {dagbag.py:587} INFO - Filling up the DagBag from /opt/airflow/dags/process_reviews_dag.py
[2026-06-07T18:02:44.768+0000] {processor.py:925} INFO - DAG(s) 'process_reviews_dag' retrieved from /opt/airflow/dags/process_reviews_dag.py
[2026-06-07T18:02:44.789+0000] {logging_mixin.py:190} INFO - [2026-06-07T18:02:44.789+0000] {dag.py:3211} INFO - Sync 1 DAGs
[2026-06-07T18:02:44.801+0000] {logging_mixin.py:190} INFO - [2026-06-07T18:02:44.800+0000] {dag.py:4138} INFO - Setting next_dagrun for process_reviews_dag to None, run_after=None
[2026-06-07T18:02:44.838+0000] {processor.py:208} INFO - Processing /opt/airflow/dags/process_reviews_dag.py took 0.785 seconds
[2026-06-07T18:03:15.240+0000] {processor.py:186} INFO - Started process (PID=533) to work on /opt/airflow/dags/process_reviews_dag.py
[2026-06-07T18:03:15.243+0000] {processor.py:914} INFO - Processing file /opt/airflow/dags/process_reviews_dag.py for tasks to queue
[2026-06-07T18:03:15.249+0000] {logging_mixin.py:190} INFO - [2026-06-07T18:03:15.248+0000] {dagbag.py:587} INFO - Filling up the DagBag from /opt/airflow/dags/process_reviews_dag.py
[2026-06-07T18:03:15.888+0000] {processor.py:925} INFO - DAG(s) 'process_reviews_dag' retrieved from /opt/airflow/dags/process_reviews_dag.py
[2026-06-07T18:03:15.909+0000] {logging_mixin.py:190} INFO - [2026-06-07T18:03:15.909+0000] {dag.py:3211} INFO - Sync 1 DAGs
[2026-06-07T18:03:15.929+0000] {logging_mixin.py:190} INFO - [2026-06-07T18:03:15.928+0000] {dag.py:4138} INFO - Setting next_dagrun for process_reviews_dag to None, run_after=None
[2026-06-07T18:03:15.982+0000] {processor.py:208} INFO - Processing /opt/airflow/dags/process_reviews_dag.py took 0.757 seconds
[2026-06-07T18:03:46.414+0000] {processor.py:186} INFO - Started process (PID=537) to work on /opt/airflow/dags/process_reviews_dag.py
[2026-06-07T18:03:46.417+0000] {processor.py:914} INFO - Processing file /opt/airflow/dags/process_reviews_dag.py for tasks to queue
[2026-06-07T18:03:46.421+0000] {logging_mixin.py:190} INFO - [2026-06-07T18:03:46.421+0000] {dagbag.py:587} INFO - Filling up the DagBag from /opt/airflow/dags/process_reviews_dag.py
[2026-06-07T18:03:47.063+0000] {processor.py:925} INFO - DAG(s) 'process_reviews_dag' retrieved from /opt/airflow/dags/process_reviews_dag.py
[2026-06-07T18:03:47.081+0000] {logging_mixin.py:190} INFO - [2026-06-07T18:03:47.081+0000] {dag.py:3211} INFO - Sync 1 DAGs
[2026-06-07T18:03:47.093+0000] {logging_mixin.py:190} INFO - [2026-06-07T18:03:47.093+0000] {dag.py:4138} INFO - Setting next_dagrun for process_reviews_dag to None, run_after=None
[2026-06-07T18:03:47.133+0000] {processor.py:208} INFO - Processing /opt/airflow/dags/process_reviews_dag.py took 0.730 seconds
[2026-06-07T18:04:17.471+0000] {processor.py:186} INFO - Started process (PID=541) to work on /opt/airflow/dags/process_reviews_dag.py
[2026-06-07T18:04:17.474+0000] {processor.py:914} INFO - Processing file /opt/airflow/dags/process_reviews_dag.py for tasks to queue
[2026-06-07T18:04:17.482+0000] {logging_mixin.py:190} INFO - [2026-06-07T18:04:17.481+0000] {dagbag.py:587} INFO - Filling up the DagBag from /opt/airflow/dags/process_reviews_dag.py
[2026-06-07T18:04:18.155+0000] {processor.py:925} INFO - DAG(s) 'process_reviews_dag' retrieved from /opt/airflow/dags/process_reviews_dag.py
[2026-06-07T18:04:18.186+0000] {logging_mixin.py:190} INFO - [2026-06-07T18:04:18.186+0000] {dag.py:3211} INFO - Sync 1 DAGs
[2026-06-07T18:04:18.198+0000] {logging_mixin.py:190} INFO - [2026-06-07T18:04:18.198+0000] {dag.py:4138} INFO - Setting next_dagrun for process_reviews_dag to None, run_after=None
[2026-06-07T18:04:18.240+0000] {processor.py:208} INFO - Processing /opt/airflow/dags/process_reviews_dag.py took 0.786 seconds
[2026-06-07T18:04:48.629+0000] {processor.py:186} INFO - Started process (PID=545) to work on /opt/airflow/dags/process_reviews_dag.py
[2026-06-07T18:04:48.632+0000] {processor.py:914} INFO - Processing file /opt/airflow/dags/process_reviews_dag.py for tasks to queue
[2026-06-07T18:04:48.637+0000] {logging_mixin.py:190} INFO - [2026-06-07T18:04:48.637+0000] {dagbag.py:587} INFO - Filling up the DagBag from /opt/airflow/dags/process_reviews_dag.py
[2026-06-07T18:04:49.426+0000] {processor.py:925} INFO - DAG(s) 'process_reviews_dag' retrieved from /opt/airflow/dags/process_reviews_dag.py
[2026-06-07T18:04:49.445+0000] {logging_mixin.py:190} INFO - [2026-06-07T18:04:49.445+0000] {dag.py:3211} INFO - Sync 1 DAGs
[2026-06-07T18:04:49.457+0000] {logging_mixin.py:190} INFO - [2026-06-07T18:04:49.457+0000] {dag.py:4138} INFO - Setting next_dagrun for process_reviews_dag to None, run_after=None
[2026-06-07T18:04:49.497+0000] {processor.py:208} INFO - Processing /opt/airflow/dags/process_reviews_dag.py took 0.877 seconds
[2026-06-07T18:05:19.696+0000] {processor.py:186} INFO - Started process (PID=549) to work on /opt/airflow/dags/process_reviews_dag.py
[2026-06-07T18:05:19.701+0000] {processor.py:914} INFO - Processing file /opt/airflow/dags/process_reviews_dag.py for tasks to queue
[2026-06-07T18:05:19.705+0000] {logging_mixin.py:190} INFO - [2026-06-07T18:05:19.705+0000] {dagbag.py:587} INFO - Filling up the DagBag from /opt/airflow/dags/process_reviews_dag.py
[2026-06-07T18:05:20.305+0000] {processor.py:925} INFO - DAG(s) 'process_reviews_dag' retrieved from /opt/airflow/dags/process_reviews_dag.py
[2026-06-07T18:05:20.330+0000] {logging_mixin.py:190} INFO - [2026-06-07T18:05:20.330+0000] {dag.py:3211} INFO - Sync 1 DAGs
[2026-06-07T18:05:20.354+0000] {logging_mixin.py:190} INFO - [2026-06-07T18:05:20.354+0000] {dag.py:4138} INFO - Setting next_dagrun for process_reviews_dag to None, run_after=None
[2026-06-07T18:05:20.385+0000] {processor.py:208} INFO - Processing /opt/airflow/dags/process_reviews_dag.py took 0.700 seconds
[2026-06-07T18:05:50.785+0000] {processor.py:186} INFO - Started process (PID=553) to work on /opt/airflow/dags/process_reviews_dag.py
[2026-06-07T18:05:50.787+0000] {processor.py:914} INFO - Processing file /opt/airflow/dags/process_reviews_dag.py for tasks to queue
[2026-06-07T18:05:50.793+0000] {logging_mixin.py:190} INFO - [2026-06-07T18:05:50.791+0000] {dagbag.py:587} INFO - Filling up the DagBag from /opt/airflow/dags/process_reviews_dag.py
[2026-06-07T18:05:51.607+0000] {processor.py:925} INFO - DAG(s) 'process_reviews_dag' retrieved from /opt/airflow/dags/process_reviews_dag.py
[2026-06-07T18:05:51.633+0000] {logging_mixin.py:190} INFO - [2026-06-07T18:05:51.633+0000] {dag.py:3211} INFO - Sync 1 DAGs
[2026-06-07T18:05:51.646+0000] {logging_mixin.py:190} INFO - [2026-06-07T18:05:51.646+0000] {dag.py:4138} INFO - Setting next_dagrun for process_reviews_dag to None, run_after=None
[2026-06-07T18:05:51.681+0000] {processor.py:208} INFO - Processing /opt/airflow/dags/process_reviews_dag.py took 0.905 seconds
[2026-06-07T18:06:22.101+0000] {processor.py:186} INFO - Started process (PID=557) to work on /opt/airflow/dags/process_reviews_dag.py
[2026-06-07T18:06:22.103+0000] {processor.py:914} INFO - Processing file /opt/airflow/dags/process_reviews_dag.py for tasks to queue
[2026-06-07T18:06:22.107+0000] {logging_mixin.py:190} INFO - [2026-06-07T18:06:22.107+0000] {dagbag.py:587} INFO - Filling up the DagBag from /opt/airflow/dags/process_reviews_dag.py
[2026-06-07T18:06:22.919+0000] {processor.py:925} INFO - DAG(s) 'process_reviews_dag' retrieved from /opt/airflow/dags/process_reviews_dag.py
[2026-06-07T18:06:22.951+0000] {logging_mixin.py:190} INFO - [2026-06-07T18:06:22.950+0000] {dag.py:3211} INFO - Sync 1 DAGs
[2026-06-07T18:06:22.972+0000] {logging_mixin.py:190} INFO - [2026-06-07T18:06:22.972+0000] {dag.py:4138} INFO - Setting next_dagrun for process_reviews_dag to None, run_after=None
[2026-06-07T18:06:23.026+0000] {processor.py:208} INFO - Processing /opt/airflow/dags/process_reviews_dag.py took 0.936 seconds
[2026-06-07T18:06:47.756+0000] {processor.py:186} INFO - Started process (PID=561) to work on /opt/airflow/dags/process_reviews_dag.py
[2026-06-07T18:06:47.758+0000] {processor.py:914} INFO - Processing file /opt/airflow/dags/process_reviews_dag.py for tasks to queue
[2026-06-07T18:06:47.763+0000] {logging_mixin.py:190} INFO - [2026-06-07T18:06:47.762+0000] {dagbag.py:587} INFO - Filling up the DagBag from /opt/airflow/dags/process_reviews_dag.py
[2026-06-07T18:06:48.498+0000] {processor.py:925} INFO - DAG(s) 'process_reviews_dag' retrieved from /opt/airflow/dags/process_reviews_dag.py
[2026-06-07T18:06:48.525+0000] {logging_mixin.py:190} INFO - [2026-06-07T18:06:48.525+0000] {dag.py:3211} INFO - Sync 1 DAGs
[2026-06-07T18:06:48.536+0000] {logging_mixin.py:190} INFO - [2026-06-07T18:06:48.536+0000] {dag.py:4138} INFO - Setting next_dagrun for process_reviews_dag to None, run_after=None
[2026-06-07T18:06:48.590+0000] {processor.py:208} INFO - Processing /opt/airflow/dags/process_reviews_dag.py took 0.842 seconds
[2026-06-07T18:07:19.103+0000] {processor.py:186} INFO - Started process (PID=565) to work on /opt/airflow/dags/process_reviews_dag.py
[2026-06-07T18:07:19.106+0000] {processor.py:914} INFO - Processing file /opt/airflow/dags/process_reviews_dag.py for tasks to queue
[2026-06-07T18:07:19.110+0000] {logging_mixin.py:190} INFO - [2026-06-07T18:07:19.109+0000] {dagbag.py:587} INFO - Filling up the DagBag from /opt/airflow/dags/process_reviews_dag.py
[2026-06-07T18:07:19.796+0000] {processor.py:925} INFO - DAG(s) 'process_reviews_dag' retrieved from /opt/airflow/dags/process_reviews_dag.py
[2026-06-07T18:07:19.815+0000] {logging_mixin.py:190} INFO - [2026-06-07T18:07:19.814+0000] {dag.py:3211} INFO - Sync 1 DAGs
[2026-06-07T18:07:19.832+0000] {logging_mixin.py:190} INFO - [2026-06-07T18:07:19.831+0000] {dag.py:4138} INFO - Setting next_dagrun for process_reviews_dag to None, run_after=None
[2026-06-07T18:07:19.866+0000] {processor.py:208} INFO - Processing /opt/airflow/dags/process_reviews_dag.py took 0.772 seconds
[2026-06-07T18:07:50.584+0000] {processor.py:186} INFO - Started process (PID=569) to work on /opt/airflow/dags/process_reviews_dag.py
[2026-06-07T18:07:50.587+0000] {processor.py:914} INFO - Processing file /opt/airflow/dags/process_reviews_dag.py for tasks to queue
[2026-06-07T18:07:50.593+0000] {logging_mixin.py:190} INFO - [2026-06-07T18:07:50.592+0000] {dagbag.py:587} INFO - Filling up the DagBag from /opt/airflow/dags/process_reviews_dag.py
[2026-06-07T18:07:51.287+0000] {processor.py:925} INFO - DAG(s) 'process_reviews_dag' retrieved from /opt/airflow/dags/process_reviews_dag.py
[2026-06-07T18:07:51.312+0000] {logging_mixin.py:190} INFO - [2026-06-07T18:07:51.312+0000] {dag.py:3211} INFO - Sync 1 DAGs
[2026-06-07T18:07:51.331+0000] {logging_mixin.py:190} INFO - [2026-06-07T18:07:51.331+0000] {dag.py:4138} INFO - Setting next_dagrun for process_reviews_dag to None, run_after=None
[2026-06-07T18:07:51.374+0000] {processor.py:208} INFO - Processing /opt/airflow/dags/process_reviews_dag.py took 0.804 seconds
[2026-06-07T18:08:21.779+0000] {processor.py:186} INFO - Started process (PID=573) to work on /opt/airflow/dags/process_reviews_dag.py
[2026-06-07T18:08:21.781+0000] {processor.py:914} INFO - Processing file /opt/airflow/dags/process_reviews_dag.py for tasks to queue
[2026-06-07T18:08:21.785+0000] {logging_mixin.py:190} INFO - [2026-06-07T18:08:21.784+0000] {dagbag.py:587} INFO - Filling up the DagBag from /opt/airflow/dags/process_reviews_dag.py
[2026-06-07T18:08:22.480+0000] {processor.py:925} INFO - DAG(s) 'process_reviews_dag' retrieved from /opt/airflow/dags/process_reviews_dag.py
[2026-06-07T18:08:22.526+0000] {logging_mixin.py:190} INFO - [2026-06-07T18:08:22.526+0000] {dag.py:3211} INFO - Sync 1 DAGs
[2026-06-07T18:08:22.549+0000] {logging_mixin.py:190} INFO - [2026-06-07T18:08:22.548+0000] {dag.py:4138} INFO - Setting next_dagrun for process_reviews_dag to None, run_after=None
[2026-06-07T18:08:22.598+0000] {processor.py:208} INFO - Processing /opt/airflow/dags/process_reviews_dag.py took 0.825 seconds
[2026-06-07T18:08:39.082+0000] {processor.py:186} INFO - Started process (PID=575) to work on /opt/airflow/dags/process_reviews_dag.py
[2026-06-07T18:08:39.084+0000] {processor.py:914} INFO - Processing file /opt/airflow/dags/process_reviews_dag.py for tasks to queue
[2026-06-07T18:08:39.089+0000] {logging_mixin.py:190} INFO - [2026-06-07T18:08:39.088+0000] {dagbag.py:587} INFO - Filling up the DagBag from /opt/airflow/dags/process_reviews_dag.py
[2026-06-07T18:08:39.896+0000] {processor.py:925} INFO - DAG(s) 'process_reviews_dag' retrieved from /opt/airflow/dags/process_reviews_dag.py
[2026-06-07T18:08:39.921+0000] {logging_mixin.py:190} INFO - [2026-06-07T18:08:39.921+0000] {dag.py:3211} INFO - Sync 1 DAGs
[2026-06-07T18:08:39.938+0000] {logging_mixin.py:190} INFO - [2026-06-07T18:08:39.937+0000] {dag.py:4138} INFO - Setting next_dagrun for process_reviews_dag to None, run_after=None
[2026-06-07T18:08:39.981+0000] {processor.py:208} INFO - Processing /opt/airflow/dags/process_reviews_dag.py took 0.907 seconds
[2026-06-07T18:09:10.667+0000] {processor.py:186} INFO - Started process (PID=579) to work on /opt/airflow/dags/process_reviews_dag.py
[2026-06-07T18:09:10.670+0000] {processor.py:914} INFO - Processing file /opt/airflow/dags/process_reviews_dag.py for tasks to queue
[2026-06-07T18:09:10.677+0000] {logging_mixin.py:190} INFO - [2026-06-07T18:09:10.676+0000] {dagbag.py:587} INFO - Filling up the DagBag from /opt/airflow/dags/process_reviews_dag.py
[2026-06-07T18:09:11.343+0000] {processor.py:925} INFO - DAG(s) 'process_reviews_dag' retrieved from /opt/airflow/dags/process_reviews_dag.py
[2026-06-07T18:09:11.366+0000] {logging_mixin.py:190} INFO - [2026-06-07T18:09:11.366+0000] {dag.py:3211} INFO - Sync 1 DAGs
[2026-06-07T18:09:11.390+0000] {logging_mixin.py:190} INFO - [2026-06-07T18:09:11.389+0000] {dag.py:4138} INFO - Setting next_dagrun for process_reviews_dag to None, run_after=None
[2026-06-07T18:09:11.439+0000] {processor.py:208} INFO - Processing /opt/airflow/dags/process_reviews_dag.py took 0.785 seconds
[2026-06-07T18:09:42.293+0000] {processor.py:186} INFO - Started process (PID=583) to work on /opt/airflow/dags/process_reviews_dag.py
[2026-06-07T18:09:42.296+0000] {processor.py:914} INFO - Processing file /opt/airflow/dags/process_reviews_dag.py for tasks to queue
[2026-06-07T18:09:42.300+0000] {logging_mixin.py:190} INFO - [2026-06-07T18:09:42.300+0000] {dagbag.py:587} INFO - Filling up the DagBag from /opt/airflow/dags/process_reviews_dag.py
[2026-06-07T18:09:42.979+0000] {processor.py:925} INFO - DAG(s) 'process_reviews_dag' retrieved from /opt/airflow/dags/process_reviews_dag.py
[2026-06-07T18:09:42.998+0000] {logging_mixin.py:190} INFO - [2026-06-07T18:09:42.998+0000] {dag.py:3211} INFO - Sync 1 DAGs
[2026-06-07T18:09:43.010+0000] {logging_mixin.py:190} INFO - [2026-06-07T18:09:43.010+0000] {dag.py:4138} INFO - Setting next_dagrun for process_reviews_dag to None, run_after=None
[2026-06-07T18:09:43.045+0000] {processor.py:208} INFO - Processing /opt/airflow/dags/process_reviews_dag.py took 0.765 seconds
[2026-06-07T18:10:13.861+0000] {processor.py:186} INFO - Started process (PID=587) to work on /opt/airflow/dags/process_reviews_dag.py
[2026-06-07T18:10:13.864+0000] {processor.py:914} INFO - Processing file /opt/airflow/dags/process_reviews_dag.py for tasks to queue
[2026-06-07T18:10:13.869+0000] {logging_mixin.py:190} INFO - [2026-06-07T18:10:13.869+0000] {dagbag.py:587} INFO - Filling up the DagBag from /opt/airflow/dags/process_reviews_dag.py
[2026-06-07T18:10:14.550+0000] {processor.py:925} INFO - DAG(s) 'process_reviews_dag' retrieved from /opt/airflow/dags/process_reviews_dag.py
[2026-06-07T18:10:14.572+0000] {logging_mixin.py:190} INFO - [2026-06-07T18:10:14.572+0000] {dag.py:3211} INFO - Sync 1 DAGs
[2026-06-07T18:10:14.584+0000] {logging_mixin.py:190} INFO - [2026-06-07T18:10:14.584+0000] {dag.py:4138} INFO - Setting next_dagrun for process_reviews_dag to None, run_after=None
[2026-06-07T18:10:14.622+0000] {processor.py:208} INFO - Processing /opt/airflow/dags/process_reviews_dag.py took 0.773 seconds
[2026-06-07T18:10:45.632+0000] {processor.py:186} INFO - Started process (PID=591) to work on /opt/airflow/dags/process_reviews_dag.py
[2026-06-07T18:10:45.634+0000] {processor.py:914} INFO - Processing file /opt/airflow/dags/process_reviews_dag.py for tasks to queue
[2026-06-07T18:10:45.640+0000] {logging_mixin.py:190} INFO - [2026-06-07T18:10:45.639+0000] {dagbag.py:587} INFO - Filling up the DagBag from /opt/airflow/dags/process_reviews_dag.py
[2026-06-07T18:10:46.300+0000] {processor.py:925} INFO - DAG(s) 'process_reviews_dag' retrieved from /opt/airflow/dags/process_reviews_dag.py
[2026-06-07T18:10:46.323+0000] {logging_mixin.py:190} INFO - [2026-06-07T18:10:46.322+0000] {dag.py:3211} INFO - Sync 1 DAGs
[2026-06-07T18:10:46.339+0000] {logging_mixin.py:190} INFO - [2026-06-07T18:10:46.339+0000] {dag.py:4138} INFO - Setting next_dagrun for process_reviews_dag to None, run_after=None
[2026-06-07T18:10:46.382+0000] {processor.py:208} INFO - Processing /opt/airflow/dags/process_reviews_dag.py took 0.764 seconds
[2026-06-07T18:11:17.081+0000] {processor.py:186} INFO - Started process (PID=595) to work on /opt/airflow/dags/process_reviews_dag.py
[2026-06-07T18:11:17.084+0000] {processor.py:914} INFO - Processing file /opt/airflow/dags/process_reviews_dag.py for tasks to queue
[2026-06-07T18:11:17.087+0000] {logging_mixin.py:190} INFO - [2026-06-07T18:11:17.087+0000] {dagbag.py:587} INFO - Filling up the DagBag from /opt/airflow/dags/process_reviews_dag.py
[2026-06-07T18:11:17.756+0000] {processor.py:925} INFO - DAG(s) 'process_reviews_dag' retrieved from /opt/airflow/dags/process_reviews_dag.py
[2026-06-07T18:11:17.785+0000] {logging_mixin.py:190} INFO - [2026-06-07T18:11:17.785+0000] {dag.py:3211} INFO - Sync 1 DAGs
[2026-06-07T18:11:17.808+0000] {logging_mixin.py:190} INFO - [2026-06-07T18:11:17.808+0000] {dag.py:4138} INFO - Setting next_dagrun for process_reviews_dag to None, run_after=None
[2026-06-07T18:11:17.850+0000] {processor.py:208} INFO - Processing /opt/airflow/dags/process_reviews_dag.py took 0.776 seconds
[2026-06-07T18:11:48.538+0000] {processor.py:186} INFO - Started process (PID=599) to work on /opt/airflow/dags/process_reviews_dag.py
[2026-06-07T18:11:48.541+0000] {processor.py:914} INFO - Processing file /opt/airflow/dags/process_reviews_dag.py for tasks to queue
[2026-06-07T18:11:48.549+0000] {logging_mixin.py:190} INFO - [2026-06-07T18:11:48.548+0000] {dagbag.py:587} INFO - Filling up the DagBag from /opt/airflow/dags/process_reviews_dag.py
[2026-06-07T18:11:49.182+0000] {processor.py:925} INFO - DAG(s) 'process_reviews_dag' retrieved from /opt/airflow/dags/process_reviews_dag.py
[2026-06-07T18:11:49.200+0000] {logging_mixin.py:190} INFO - [2026-06-07T18:11:49.200+0000] {dag.py:3211} INFO - Sync 1 DAGs
[2026-06-07T18:11:49.211+0000] {logging_mixin.py:190} INFO - [2026-06-07T18:11:49.211+0000] {dag.py:4138} INFO - Setting next_dagrun for process_reviews_dag to None, run_after=None
[2026-06-07T18:11:49.246+0000] {processor.py:208} INFO - Processing /opt/airflow/dags/process_reviews_dag.py took 0.723 seconds
[2026-06-07T18:12:19.910+0000] {processor.py:186} INFO - Started process (PID=603) to work on /opt/airflow/dags/process_reviews_dag.py
[2026-06-07T18:12:19.913+0000] {processor.py:914} INFO - Processing file /opt/airflow/dags/process_reviews_dag.py for tasks to queue
[2026-06-07T18:12:19.918+0000] {logging_mixin.py:190} INFO - [2026-06-07T18:12:19.917+0000] {dagbag.py:587} INFO - Filling up the DagBag from /opt/airflow/dags/process_reviews_dag.py
[2026-06-07T18:12:20.549+0000] {processor.py:925} INFO - DAG(s) 'process_reviews_dag' retrieved from /opt/airflow/dags/process_reviews_dag.py
[2026-06-07T18:12:20.577+0000] {logging_mixin.py:190} INFO - [2026-06-07T18:12:20.577+0000] {dag.py:3211} INFO - Sync 1 DAGs
[2026-06-07T18:12:20.593+0000] {logging_mixin.py:190} INFO - [2026-06-07T18:12:20.593+0000] {dag.py:4138} INFO - Setting next_dagrun for process_reviews_dag to None, run_after=None
[2026-06-07T18:12:20.624+0000] {processor.py:208} INFO - Processing /opt/airflow/dags/process_reviews_dag.py took 0.728 seconds
[2026-06-07T18:12:51.181+0000] {processor.py:186} INFO - Started process (PID=607) to work on /opt/airflow/dags/process_reviews_dag.py
[2026-06-07T18:12:51.184+0000] {processor.py:914} INFO - Processing file /opt/airflow/dags/process_reviews_dag.py for tasks to queue
[2026-06-07T18:12:51.189+0000] {logging_mixin.py:190} INFO - [2026-06-07T18:12:51.189+0000] {dagbag.py:587} INFO - Filling up the DagBag from /opt/airflow/dags/process_reviews_dag.py
[2026-06-07T18:12:52.337+0000] {processor.py:925} INFO - DAG(s) 'process_reviews_dag' retrieved from /opt/airflow/dags/process_reviews_dag.py
[2026-06-07T18:12:52.373+0000] {logging_mixin.py:190} INFO - [2026-06-07T18:12:52.372+0000] {dag.py:3211} INFO - Sync 1 DAGs
[2026-06-07T18:12:52.390+0000] {logging_mixin.py:190} INFO - [2026-06-07T18:12:52.389+0000] {dag.py:4138} INFO - Setting next_dagrun for process_reviews_dag to None, run_after=None
[2026-06-07T18:12:52.429+0000] {processor.py:208} INFO - Processing /opt/airflow/dags/process_reviews_dag.py took 1.266 seconds
[2026-06-07T18:13:22.950+0000] {processor.py:186} INFO - Started process (PID=611) to work on /opt/airflow/dags/process_reviews_dag.py
[2026-06-07T18:13:22.953+0000] {processor.py:914} INFO - Processing file /opt/airflow/dags/process_reviews_dag.py for tasks to queue
[2026-06-07T18:13:22.959+0000] {logging_mixin.py:190} INFO - [2026-06-07T18:13:22.958+0000] {dagbag.py:587} INFO - Filling up the DagBag from /opt/airflow/dags/process_reviews_dag.py
[2026-06-07T18:13:24.513+0000] {processor.py:925} INFO - DAG(s) 'process_reviews_dag' retrieved from /opt/airflow/dags/process_reviews_dag.py
[2026-06-07T18:13:24.597+0000] {logging_mixin.py:190} INFO - [2026-06-07T18:13:24.596+0000] {dag.py:3211} INFO - Sync 1 DAGs
[2026-06-07T18:13:24.630+0000] {logging_mixin.py:190} INFO - [2026-06-07T18:13:24.629+0000] {dag.py:4138} INFO - Setting next_dagrun for process_reviews_dag to None, run_after=None
[2026-06-07T18:13:24.696+0000] {processor.py:208} INFO - Processing /opt/airflow/dags/process_reviews_dag.py took 1.755 seconds
[2026-06-07T18:13:55.449+0000] {processor.py:186} INFO - Started process (PID=615) to work on /opt/airflow/dags/process_reviews_dag.py
[2026-06-07T18:13:55.453+0000] {processor.py:914} INFO - Processing file /opt/airflow/dags/process_reviews_dag.py for tasks to queue
[2026-06-07T18:13:55.467+0000] {logging_mixin.py:190} INFO - [2026-06-07T18:13:55.465+0000] {dagbag.py:587} INFO - Filling up the DagBag from /opt/airflow/dags/process_reviews_dag.py
[2026-06-07T18:13:56.349+0000] {processor.py:925} INFO - DAG(s) 'process_reviews_dag' retrieved from /opt/airflow/dags/process_reviews_dag.py
[2026-06-07T18:13:56.378+0000] {logging_mixin.py:190} INFO - [2026-06-07T18:13:56.378+0000] {dag.py:3211} INFO - Sync 1 DAGs
[2026-06-07T18:13:56.402+0000] {logging_mixin.py:190} INFO - [2026-06-07T18:13:56.401+0000] {dag.py:4138} INFO - Setting next_dagrun for process_reviews_dag to None, run_after=None
[2026-06-07T18:13:56.445+0000] {processor.py:208} INFO - Processing /opt/airflow/dags/process_reviews_dag.py took 1.027 seconds
[2026-06-07T18:14:27.012+0000] {processor.py:186} INFO - Started process (PID=619) to work on /opt/airflow/dags/process_reviews_dag.py
[2026-06-07T18:14:27.014+0000] {processor.py:914} INFO - Processing file /opt/airflow/dags/process_reviews_dag.py for tasks to queue
[2026-06-07T18:14:27.019+0000] {logging_mixin.py:190} INFO - [2026-06-07T18:14:27.018+0000] {dagbag.py:587} INFO - Filling up the DagBag from /opt/airflow/dags/process_reviews_dag.py
[2026-06-07T18:14:27.751+0000] {processor.py:925} INFO - DAG(s) 'process_reviews_dag' retrieved from /opt/airflow/dags/process_reviews_dag.py
[2026-06-07T18:14:27.784+0000] {logging_mixin.py:190} INFO - [2026-06-07T18:14:27.783+0000] {dag.py:3211} INFO - Sync 1 DAGs
[2026-06-07T18:14:27.801+0000] {logging_mixin.py:190} INFO - [2026-06-07T18:14:27.801+0000] {dag.py:4138} INFO - Setting next_dagrun for process_reviews_dag to None, run_after=None
[2026-06-07T18:14:27.855+0000] {processor.py:208} INFO - Processing /opt/airflow/dags/process_reviews_dag.py took 0.854 seconds
[2026-06-07T18:14:58.446+0000] {processor.py:186} INFO - Started process (PID=623) to work on /opt/airflow/dags/process_reviews_dag.py
[2026-06-07T18:14:58.449+0000] {processor.py:914} INFO - Processing file /opt/airflow/dags/process_reviews_dag.py for tasks to queue
[2026-06-07T18:14:58.453+0000] {logging_mixin.py:190} INFO - [2026-06-07T18:14:58.453+0000] {dagbag.py:587} INFO - Filling up the DagBag from /opt/airflow/dags/process_reviews_dag.py
[2026-06-07T18:14:59.137+0000] {processor.py:925} INFO - DAG(s) 'process_reviews_dag' retrieved from /opt/airflow/dags/process_reviews_dag.py
[2026-06-07T18:14:59.157+0000] {logging_mixin.py:190} INFO - [2026-06-07T18:14:59.157+0000] {dag.py:3211} INFO - Sync 1 DAGs
[2026-06-07T18:14:59.169+0000] {logging_mixin.py:190} INFO - [2026-06-07T18:14:59.168+0000] {dag.py:4138} INFO - Setting next_dagrun for process_reviews_dag to None, run_after=None
[2026-06-07T18:14:59.208+0000] {processor.py:208} INFO - Processing /opt/airflow/dags/process_reviews_dag.py took 0.776 seconds
[2026-06-07T18:15:29.529+0000] {processor.py:186} INFO - Started process (PID=627) to work on /opt/airflow/dags/process_reviews_dag.py
[2026-06-07T18:15:29.532+0000] {processor.py:914} INFO - Processing file /opt/airflow/dags/process_reviews_dag.py for tasks to queue
[2026-06-07T18:15:29.536+0000] {logging_mixin.py:190} INFO - [2026-06-07T18:15:29.535+0000] {dagbag.py:587} INFO - Filling up the DagBag from /opt/airflow/dags/process_reviews_dag.py
[2026-06-07T18:15:30.508+0000] {processor.py:925} INFO - DAG(s) 'process_reviews_dag' retrieved from /opt/airflow/dags/process_reviews_dag.py
[2026-06-07T18:15:30.556+0000] {logging_mixin.py:190} INFO - [2026-06-07T18:15:30.556+0000] {dag.py:3211} INFO - Sync 1 DAGs
[2026-06-07T18:15:30.581+0000] {logging_mixin.py:190} INFO - [2026-06-07T18:15:30.581+0000] {dag.py:4138} INFO - Setting next_dagrun for process_reviews_dag to None, run_after=None
[2026-06-07T18:15:30.622+0000] {processor.py:208} INFO - Processing /opt/airflow/dags/process_reviews_dag.py took 1.104 seconds
[2026-06-07T18:16:00.933+0000] {processor.py:186} INFO - Started process (PID=631) to work on /opt/airflow/dags/process_reviews_dag.py
[2026-06-07T18:16:00.935+0000] {processor.py:914} INFO - Processing file /opt/airflow/dags/process_reviews_dag.py for tasks to queue
[2026-06-07T18:16:00.938+0000] {logging_mixin.py:190} INFO - [2026-06-07T18:16:00.938+0000] {dagbag.py:587} INFO - Filling up the DagBag from /opt/airflow/dags/process_reviews_dag.py
[2026-06-07T18:16:01.567+0000] {processor.py:925} INFO - DAG(s) 'process_reviews_dag' retrieved from /opt/airflow/dags/process_reviews_dag.py
[2026-06-07T18:16:01.589+0000] {logging_mixin.py:190} INFO - [2026-06-07T18:16:01.588+0000] {dag.py:3211} INFO - Sync 1 DAGs
[2026-06-07T18:16:01.606+0000] {logging_mixin.py:190} INFO - [2026-06-07T18:16:01.605+0000] {dag.py:4138} INFO - Setting next_dagrun for process_reviews_dag to None, run_after=None
[2026-06-07T18:16:01.650+0000] {processor.py:208} INFO - Processing /opt/airflow/dags/process_reviews_dag.py took 0.727 seconds
[2026-06-07T18:16:31.926+0000] {processor.py:186} INFO - Started process (PID=635) to work on /opt/airflow/dags/process_reviews_dag.py
[2026-06-07T18:16:31.928+0000] {processor.py:914} INFO - Processing file /opt/airflow/dags/process_reviews_dag.py for tasks to queue
[2026-06-07T18:16:31.932+0000] {logging_mixin.py:190} INFO - [2026-06-07T18:16:31.931+0000] {dagbag.py:587} INFO - Filling up the DagBag from /opt/airflow/dags/process_reviews_dag.py
[2026-06-07T18:16:32.614+0000] {processor.py:925} INFO - DAG(s) 'process_reviews_dag' retrieved from /opt/airflow/dags/process_reviews_dag.py
[2026-06-07T18:16:32.651+0000] {logging_mixin.py:190} INFO - [2026-06-07T18:16:32.650+0000] {dag.py:3211} INFO - Sync 1 DAGs
[2026-06-07T18:16:32.675+0000] {logging_mixin.py:190} INFO - [2026-06-07T18:16:32.675+0000] {dag.py:4138} INFO - Setting next_dagrun for process_reviews_dag to None, run_after=None
[2026-06-07T18:16:32.736+0000] {processor.py:208} INFO - Processing /opt/airflow/dags/process_reviews_dag.py took 0.817 seconds
[2026-06-07T18:17:03.014+0000] {processor.py:186} INFO - Started process (PID=639) to work on /opt/airflow/dags/process_reviews_dag.py
[2026-06-07T18:17:03.016+0000] {processor.py:914} INFO - Processing file /opt/airflow/dags/process_reviews_dag.py for tasks to queue
[2026-06-07T18:17:03.020+0000] {logging_mixin.py:190} INFO - [2026-06-07T18:17:03.019+0000] {dagbag.py:587} INFO - Filling up the DagBag from /opt/airflow/dags/process_reviews_dag.py
[2026-06-07T18:17:03.686+0000] {processor.py:925} INFO - DAG(s) 'process_reviews_dag' retrieved from /opt/airflow/dags/process_reviews_dag.py
[2026-06-07T18:17:03.704+0000] {logging_mixin.py:190} INFO - [2026-06-07T18:17:03.704+0000] {dag.py:3211} INFO - Sync 1 DAGs
[2026-06-07T18:17:03.717+0000] {logging_mixin.py:190} INFO - [2026-06-07T18:17:03.717+0000] {dag.py:4138} INFO - Setting next_dagrun for process_reviews_dag to None, run_after=None
[2026-06-07T18:17:03.748+0000] {processor.py:208} INFO - Processing /opt/airflow/dags/process_reviews_dag.py took 0.741 seconds
[2026-06-07T18:17:34.019+0000] {processor.py:186} INFO - Started process (PID=643) to work on /opt/airflow/dags/process_reviews_dag.py
[2026-06-07T18:17:34.022+0000] {processor.py:914} INFO - Processing file /opt/airflow/dags/process_reviews_dag.py for tasks to queue
[2026-06-07T18:17:34.026+0000] {logging_mixin.py:190} INFO - [2026-06-07T18:17:34.025+0000] {dagbag.py:587} INFO - Filling up the DagBag from /opt/airflow/dags/process_reviews_dag.py
[2026-06-07T18:17:34.761+0000] {processor.py:925} INFO - DAG(s) 'process_reviews_dag' retrieved from /opt/airflow/dags/process_reviews_dag.py
[2026-06-07T18:17:34.785+0000] {logging_mixin.py:190} INFO - [2026-06-07T18:17:34.785+0000] {dag.py:3211} INFO - Sync 1 DAGs
[2026-06-07T18:17:34.802+0000] {logging_mixin.py:190} INFO - [2026-06-07T18:17:34.801+0000] {dag.py:4138} INFO - Setting next_dagrun for process_reviews_dag to None, run_after=None
[2026-06-07T18:17:34.850+0000] {processor.py:208} INFO - Processing /opt/airflow/dags/process_reviews_dag.py took 0.841 seconds
[2026-06-07T18:18:05.089+0000] {processor.py:186} INFO - Started process (PID=647) to work on /opt/airflow/dags/process_reviews_dag.py
[2026-06-07T18:18:05.091+0000] {processor.py:914} INFO - Processing file /opt/airflow/dags/process_reviews_dag.py for tasks to queue
[2026-06-07T18:18:05.095+0000] {logging_mixin.py:190} INFO - [2026-06-07T18:18:05.095+0000] {dagbag.py:587} INFO - Filling up the DagBag from /opt/airflow/dags/process_reviews_dag.py
[2026-06-07T18:18:05.773+0000] {processor.py:925} INFO - DAG(s) 'process_reviews_dag' retrieved from /opt/airflow/dags/process_reviews_dag.py
[2026-06-07T18:18:05.792+0000] {logging_mixin.py:190} INFO - [2026-06-07T18:18:05.792+0000] {dag.py:3211} INFO - Sync 1 DAGs
[2026-06-07T18:18:05.804+0000] {logging_mixin.py:190} INFO - [2026-06-07T18:18:05.804+0000] {dag.py:4138} INFO - Setting next_dagrun for process_reviews_dag to None, run_after=None
[2026-06-07T18:18:05.838+0000] {processor.py:208} INFO - Processing /opt/airflow/dags/process_reviews_dag.py took 0.762 seconds
[2026-06-07T18:18:36.146+0000] {processor.py:186} INFO - Started process (PID=651) to work on /opt/airflow/dags/process_reviews_dag.py
[2026-06-07T18:18:36.148+0000] {processor.py:914} INFO - Processing file /opt/airflow/dags/process_reviews_dag.py for tasks to queue
[2026-06-07T18:18:36.154+0000] {logging_mixin.py:190} INFO - [2026-06-07T18:18:36.151+0000] {dagbag.py:587} INFO - Filling up the DagBag from /opt/airflow/dags/process_reviews_dag.py
[2026-06-07T18:18:36.734+0000] {processor.py:925} INFO - DAG(s) 'process_reviews_dag' retrieved from /opt/airflow/dags/process_reviews_dag.py
[2026-06-07T18:18:36.756+0000] {logging_mixin.py:190} INFO - [2026-06-07T18:18:36.756+0000] {dag.py:3211} INFO - Sync 1 DAGs
[2026-06-07T18:18:36.771+0000] {logging_mixin.py:190} INFO - [2026-06-07T18:18:36.770+0000] {dag.py:4138} INFO - Setting next_dagrun for process_reviews_dag to None, run_after=None
[2026-06-07T18:18:36.808+0000] {processor.py:208} INFO - Processing /opt/airflow/dags/process_reviews_dag.py took 0.672 seconds
[2026-06-07T18:19:07.032+0000] {processor.py:186} INFO - Started process (PID=655) to work on /opt/airflow/dags/process_reviews_dag.py
[2026-06-07T18:19:07.034+0000] {processor.py:914} INFO - Processing file /opt/airflow/dags/process_reviews_dag.py for tasks to queue
[2026-06-07T18:19:07.040+0000] {logging_mixin.py:190} INFO - [2026-06-07T18:19:07.038+0000] {dagbag.py:587} INFO - Filling up the DagBag from /opt/airflow/dags/process_reviews_dag.py
[2026-06-07T18:19:07.691+0000] {processor.py:925} INFO - DAG(s) 'process_reviews_dag' retrieved from /opt/airflow/dags/process_reviews_dag.py
[2026-06-07T18:19:07.720+0000] {logging_mixin.py:190} INFO - [2026-06-07T18:19:07.719+0000] {dag.py:3211} INFO - Sync 1 DAGs
[2026-06-07T18:19:07.740+0000] {logging_mixin.py:190} INFO - [2026-06-07T18:19:07.740+0000] {dag.py:4138} INFO - Setting next_dagrun for process_reviews_dag to None, run_after=None
[2026-06-07T18:19:07.789+0000] {processor.py:208} INFO - Processing /opt/airflow/dags/process_reviews_dag.py took 0.764 seconds
[2026-06-07T18:19:38.030+0000] {processor.py:186} INFO - Started process (PID=659) to work on /opt/airflow/dags/process_reviews_dag.py
[2026-06-07T18:19:38.032+0000] {processor.py:914} INFO - Processing file /opt/airflow/dags/process_reviews_dag.py for tasks to queue
[2026-06-07T18:19:38.036+0000] {logging_mixin.py:190} INFO - [2026-06-07T18:19:38.035+0000] {dagbag.py:587} INFO - Filling up the DagBag from /opt/airflow/dags/process_reviews_dag.py
[2026-06-07T18:19:38.835+0000] {processor.py:925} INFO - DAG(s) 'process_reviews_dag' retrieved from /opt/airflow/dags/process_reviews_dag.py
[2026-06-07T18:19:38.856+0000] {logging_mixin.py:190} INFO - [2026-06-07T18:19:38.856+0000] {dag.py:3211} INFO - Sync 1 DAGs
[2026-06-07T18:19:38.871+0000] {logging_mixin.py:190} INFO - [2026-06-07T18:19:38.871+0000] {dag.py:4138} INFO - Setting next_dagrun for process_reviews_dag to None, run_after=None
[2026-06-07T18:19:38.916+0000] {processor.py:208} INFO - Processing /opt/airflow/dags/process_reviews_dag.py took 0.895 seconds
[2026-06-07T18:20:09.232+0000] {processor.py:186} INFO - Started process (PID=663) to work on /opt/airflow/dags/process_reviews_dag.py
[2026-06-07T18:20:09.235+0000] {processor.py:914} INFO - Processing file /opt/airflow/dags/process_reviews_dag.py for tasks to queue
[2026-06-07T18:20:09.241+0000] {logging_mixin.py:190} INFO - [2026-06-07T18:20:09.241+0000] {dagbag.py:587} INFO - Filling up the DagBag from /opt/airflow/dags/process_reviews_dag.py
[2026-06-07T18:20:09.997+0000] {processor.py:925} INFO - DAG(s) 'process_reviews_dag' retrieved from /opt/airflow/dags/process_reviews_dag.py
[2026-06-07T18:20:10.032+0000] {logging_mixin.py:190} INFO - [2026-06-07T18:20:10.032+0000] {dag.py:3211} INFO - Sync 1 DAGs
[2026-06-07T18:20:10.047+0000] {logging_mixin.py:190} INFO - [2026-06-07T18:20:10.047+0000] {dag.py:4138} INFO - Setting next_dagrun for process_reviews_dag to None, run_after=None
[2026-06-07T18:20:10.074+0000] {processor.py:208} INFO - Processing /opt/airflow/dags/process_reviews_dag.py took 0.851 seconds
[2026-06-07T18:20:40.325+0000] {processor.py:186} INFO - Started process (PID=667) to work on /opt/airflow/dags/process_reviews_dag.py
[2026-06-07T18:20:40.327+0000] {processor.py:914} INFO - Processing file /opt/airflow/dags/process_reviews_dag.py for tasks to queue
[2026-06-07T18:20:40.331+0000] {logging_mixin.py:190} INFO - [2026-06-07T18:20:40.331+0000] {dagbag.py:587} INFO - Filling up the DagBag from /opt/airflow/dags/process_reviews_dag.py
[2026-06-07T18:20:41.012+0000] {processor.py:925} INFO - DAG(s) 'process_reviews_dag' retrieved from /opt/airflow/dags/process_reviews_dag.py
[2026-06-07T18:20:41.036+0000] {logging_mixin.py:190} INFO - [2026-06-07T18:20:41.036+0000] {dag.py:3211} INFO - Sync 1 DAGs
[2026-06-07T18:20:41.049+0000] {logging_mixin.py:190} INFO - [2026-06-07T18:20:41.049+0000] {dag.py:4138} INFO - Setting next_dagrun for process_reviews_dag to None, run_after=None
[2026-06-07T18:20:41.091+0000] {processor.py:208} INFO - Processing /opt/airflow/dags/process_reviews_dag.py took 0.778 seconds
[2026-06-07T18:21:11.420+0000] {processor.py:186} INFO - Started process (PID=671) to work on /opt/airflow/dags/process_reviews_dag.py
[2026-06-07T18:21:11.424+0000] {processor.py:914} INFO - Processing file /opt/airflow/dags/process_reviews_dag.py for tasks to queue
[2026-06-07T18:21:11.432+0000] {logging_mixin.py:190} INFO - [2026-06-07T18:21:11.431+0000] {dagbag.py:587} INFO - Filling up the DagBag from /opt/airflow/dags/process_reviews_dag.py
[2026-06-07T18:21:12.602+0000] {processor.py:925} INFO - DAG(s) 'process_reviews_dag' retrieved from /opt/airflow/dags/process_reviews_dag.py
[2026-06-07T18:21:12.643+0000] {logging_mixin.py:190} INFO - [2026-06-07T18:21:12.643+0000] {dag.py:3211} INFO - Sync 1 DAGs
[2026-06-07T18:21:12.665+0000] {logging_mixin.py:190} INFO - [2026-06-07T18:21:12.665+0000] {dag.py:4138} INFO - Setting next_dagrun for process_reviews_dag to None, run_after=None
[2026-06-07T18:21:12.708+0000] {processor.py:208} INFO - Processing /opt/airflow/dags/process_reviews_dag.py took 1.303 seconds
[2026-06-07T18:21:43.011+0000] {processor.py:186} INFO - Started process (PID=675) to work on /opt/airflow/dags/process_reviews_dag.py
[2026-06-07T18:21:43.014+0000] {processor.py:914} INFO - Processing file /opt/airflow/dags/process_reviews_dag.py for tasks to queue
[2026-06-07T18:21:43.018+0000] {logging_mixin.py:190} INFO - [2026-06-07T18:21:43.017+0000] {dagbag.py:587} INFO - Filling up the DagBag from /opt/airflow/dags/process_reviews_dag.py
[2026-06-07T18:21:43.758+0000] {processor.py:925} INFO - DAG(s) 'process_reviews_dag' retrieved from /opt/airflow/dags/process_reviews_dag.py
[2026-06-07T18:21:43.797+0000] {logging_mixin.py:190} INFO - [2026-06-07T18:21:43.796+0000] {dag.py:3211} INFO - Sync 1 DAGs
[2026-06-07T18:21:43.817+0000] {logging_mixin.py:190} INFO - [2026-06-07T18:21:43.817+0000] {dag.py:4138} INFO - Setting next_dagrun for process_reviews_dag to None, run_after=None
[2026-06-07T18:21:43.870+0000] {processor.py:208} INFO - Processing /opt/airflow/dags/process_reviews_dag.py took 0.869 seconds
[2026-06-07T18:22:14.209+0000] {processor.py:186} INFO - Started process (PID=679) to work on /opt/airflow/dags/process_reviews_dag.py
[2026-06-07T18:22:14.212+0000] {processor.py:914} INFO - Processing file /opt/airflow/dags/process_reviews_dag.py for tasks to queue
[2026-06-07T18:22:14.217+0000] {logging_mixin.py:190} INFO - [2026-06-07T18:22:14.216+0000] {dagbag.py:587} INFO - Filling up the DagBag from /opt/airflow/dags/process_reviews_dag.py
[2026-06-07T18:22:14.883+0000] {processor.py:925} INFO - DAG(s) 'process_reviews_dag' retrieved from /opt/airflow/dags/process_reviews_dag.py
[2026-06-07T18:22:14.914+0000] {logging_mixin.py:190} INFO - [2026-06-07T18:22:14.913+0000] {dag.py:3211} INFO - Sync 1 DAGs
[2026-06-07T18:22:14.926+0000] {logging_mixin.py:190} INFO - [2026-06-07T18:22:14.926+0000] {dag.py:4138} INFO - Setting next_dagrun for process_reviews_dag to None, run_after=None
[2026-06-07T18:22:14.957+0000] {processor.py:208} INFO - Processing /opt/airflow/dags/process_reviews_dag.py took 0.760 seconds
[2026-06-07T18:22:45.220+0000] {processor.py:186} INFO - Started process (PID=683) to work on /opt/airflow/dags/process_reviews_dag.py
[2026-06-07T18:22:45.223+0000] {processor.py:914} INFO - Processing file /opt/airflow/dags/process_reviews_dag.py for tasks to queue
[2026-06-07T18:22:45.231+0000] {logging_mixin.py:190} INFO - [2026-06-07T18:22:45.230+0000] {dagbag.py:587} INFO - Filling up the DagBag from /opt/airflow/dags/process_reviews_dag.py
[2026-06-07T18:22:45.937+0000] {processor.py:925} INFO - DAG(s) 'process_reviews_dag' retrieved from /opt/airflow/dags/process_reviews_dag.py
[2026-06-07T18:22:45.962+0000] {logging_mixin.py:190} INFO - [2026-06-07T18:22:45.962+0000] {dag.py:3211} INFO - Sync 1 DAGs
[2026-06-07T18:22:45.977+0000] {logging_mixin.py:190} INFO - [2026-06-07T18:22:45.976+0000] {dag.py:4138} INFO - Setting next_dagrun for process_reviews_dag to None, run_after=None
[2026-06-07T18:22:46.012+0000] {processor.py:208} INFO - Processing /opt/airflow/dags/process_reviews_dag.py took 0.807 seconds
[2026-06-07T18:23:16.303+0000] {processor.py:186} INFO - Started process (PID=687) to work on /opt/airflow/dags/process_reviews_dag.py
[2026-06-07T18:23:16.305+0000] {processor.py:914} INFO - Processing file /opt/airflow/dags/process_reviews_dag.py for tasks to queue
[2026-06-07T18:23:16.309+0000] {logging_mixin.py:190} INFO - [2026-06-07T18:23:16.308+0000] {dagbag.py:587} INFO - Filling up the DagBag from /opt/airflow/dags/process_reviews_dag.py
[2026-06-07T18:23:17.035+0000] {processor.py:925} INFO - DAG(s) 'process_reviews_dag' retrieved from /opt/airflow/dags/process_reviews_dag.py
[2026-06-07T18:23:17.064+0000] {logging_mixin.py:190} INFO - [2026-06-07T18:23:17.063+0000] {dag.py:3211} INFO - Sync 1 DAGs
[2026-06-07T18:23:17.081+0000] {logging_mixin.py:190} INFO - [2026-06-07T18:23:17.081+0000] {dag.py:4138} INFO - Setting next_dagrun for process_reviews_dag to None, run_after=None
[2026-06-07T18:23:17.120+0000] {processor.py:208} INFO - Processing /opt/airflow/dags/process_reviews_dag.py took 0.825 seconds
[2026-06-07T18:23:47.363+0000] {processor.py:186} INFO - Started process (PID=691) to work on /opt/airflow/dags/process_reviews_dag.py
[2026-06-07T18:23:47.366+0000] {processor.py:914} INFO - Processing file /opt/airflow/dags/process_reviews_dag.py for tasks to queue
[2026-06-07T18:23:47.373+0000] {logging_mixin.py:190} INFO - [2026-06-07T18:23:47.372+0000] {dagbag.py:587} INFO - Filling up the DagBag from /opt/airflow/dags/process_reviews_dag.py
[2026-06-07T18:23:48.130+0000] {processor.py:925} INFO - DAG(s) 'process_reviews_dag' retrieved from /opt/airflow/dags/process_reviews_dag.py
[2026-06-07T18:23:48.158+0000] {logging_mixin.py:190} INFO - [2026-06-07T18:23:48.158+0000] {dag.py:3211} INFO - Sync 1 DAGs
[2026-06-07T18:23:48.174+0000] {logging_mixin.py:190} INFO - [2026-06-07T18:23:48.174+0000] {dag.py:4138} INFO - Setting next_dagrun for process_reviews_dag to None, run_after=None
[2026-06-07T18:23:48.215+0000] {processor.py:208} INFO - Processing /opt/airflow/dags/process_reviews_dag.py took 0.863 seconds
[2026-06-07T18:24:18.537+0000] {processor.py:186} INFO - Started process (PID=695) to work on /opt/airflow/dags/process_reviews_dag.py
[2026-06-07T18:24:18.540+0000] {processor.py:914} INFO - Processing file /opt/airflow/dags/process_reviews_dag.py for tasks to queue
[2026-06-07T18:24:18.543+0000] {logging_mixin.py:190} INFO - [2026-06-07T18:24:18.543+0000] {dagbag.py:587} INFO - Filling up the DagBag from /opt/airflow/dags/process_reviews_dag.py
[2026-06-07T18:24:19.310+0000] {processor.py:925} INFO - DAG(s) 'process_reviews_dag' retrieved from /opt/airflow/dags/process_reviews_dag.py
[2026-06-07T18:24:19.345+0000] {logging_mixin.py:190} INFO - [2026-06-07T18:24:19.345+0000] {dag.py:3211} INFO - Sync 1 DAGs
[2026-06-07T18:24:19.364+0000] {logging_mixin.py:190} INFO - [2026-06-07T18:24:19.364+0000] {dag.py:4138} INFO - Setting next_dagrun for process_reviews_dag to None, run_after=None
[2026-06-07T18:24:19.406+0000] {processor.py:208} INFO - Processing /opt/airflow/dags/process_reviews_dag.py took 0.878 seconds
[2026-06-07T18:24:49.752+0000] {processor.py:186} INFO - Started process (PID=699) to work on /opt/airflow/dags/process_reviews_dag.py
[2026-06-07T18:24:49.755+0000] {processor.py:914} INFO - Processing file /opt/airflow/dags/process_reviews_dag.py for tasks to queue
[2026-06-07T18:24:49.760+0000] {logging_mixin.py:190} INFO - [2026-06-07T18:24:49.760+0000] {dagbag.py:587} INFO - Filling up the DagBag from /opt/airflow/dags/process_reviews_dag.py
[2026-06-07T18:24:50.479+0000] {processor.py:925} INFO - DAG(s) 'process_reviews_dag' retrieved from /opt/airflow/dags/process_reviews_dag.py
[2026-06-07T18:24:50.503+0000] {logging_mixin.py:190} INFO - [2026-06-07T18:24:50.503+0000] {dag.py:3211} INFO - Sync 1 DAGs
[2026-06-07T18:24:50.518+0000] {logging_mixin.py:190} INFO - [2026-06-07T18:24:50.518+0000] {dag.py:4138} INFO - Setting next_dagrun for process_reviews_dag to None, run_after=None
[2026-06-07T18:24:50.559+0000] {processor.py:208} INFO - Processing /opt/airflow/dags/process_reviews_dag.py took 0.818 seconds
[2026-06-07T18:25:20.786+0000] {processor.py:186} INFO - Started process (PID=703) to work on /opt/airflow/dags/process_reviews_dag.py
[2026-06-07T18:25:20.789+0000] {processor.py:914} INFO - Processing file /opt/airflow/dags/process_reviews_dag.py for tasks to queue
[2026-06-07T18:25:20.796+0000] {logging_mixin.py:190} INFO - [2026-06-07T18:25:20.794+0000] {dagbag.py:587} INFO - Filling up the DagBag from /opt/airflow/dags/process_reviews_dag.py
[2026-06-07T18:25:21.660+0000] {processor.py:925} INFO - DAG(s) 'process_reviews_dag' retrieved from /opt/airflow/dags/process_reviews_dag.py
[2026-06-07T18:25:21.688+0000] {logging_mixin.py:190} INFO - [2026-06-07T18:25:21.687+0000] {dag.py:3211} INFO - Sync 1 DAGs
[2026-06-07T18:25:21.708+0000] {logging_mixin.py:190} INFO - [2026-06-07T18:25:21.708+0000] {dag.py:4138} INFO - Setting next_dagrun for process_reviews_dag to None, run_after=None
[2026-06-07T18:25:21.745+0000] {processor.py:208} INFO - Processing /opt/airflow/dags/process_reviews_dag.py took 0.974 seconds
