[2026-06-07T14:06:08.843+0000] {manager.py:483} INFO - Processing files using up to 1 processes at a time 
[2026-06-07T14:06:08.845+0000] {manager.py:484} INFO - Process each file at most once every 30 seconds
[2026-06-07T14:06:08.846+0000] {manager.py:485} INFO - Checking for new files in /opt/airflow/dags every 300 seconds
[2026-06-07T14:06:08.847+0000] {manager.py:821} INFO - Searching for files in /opt/airflow/dags
[2026-06-07T14:06:08.867+0000] {manager.py:824} INFO - There are 1 files in /opt/airflow/dags
[2026-06-07T14:06:12.168+0000] {manager.py:997} INFO - 
================================================================================
DAG File Processing Stats

File Path                                 PID    Runtime      # DAGs    # Errors  Last Runtime    Last Run               Last # of DB Queries
----------------------------------------  -----  ---------  --------  ----------  --------------  -------------------  ----------------------
/opt/airflow/dags/process_reviews_dag.py                           0           0  3.12s           2026-06-07T14:06:12                       3
================================================================================
[2026-06-07T14:06:44.154+0000] {manager.py:997} INFO - 
================================================================================
DAG File Processing Stats

File Path                                 PID    Runtime      # DAGs    # Errors  Last Runtime    Last Run               Last # of DB Queries
----------------------------------------  -----  ---------  --------  ----------  --------------  -------------------  ----------------------
/opt/airflow/dags/process_reviews_dag.py                           0           0  1.72s           2026-06-07T14:06:44                       3
================================================================================
[2026-06-07T14:07:15.671+0000] {manager.py:997} INFO - 
================================================================================
DAG File Processing Stats

File Path                                 PID    Runtime      # DAGs    # Errors  Last Runtime    Last Run               Last # of DB Queries
----------------------------------------  -----  ---------  --------  ----------  --------------  -------------------  ----------------------
/opt/airflow/dags/process_reviews_dag.py                           0           0  0.91s           2026-06-07T14:07:15                       3
================================================================================
[2026-06-07T14:07:47.565+0000] {manager.py:997} INFO - 
================================================================================
DAG File Processing Stats

File Path                                 PID    Runtime      # DAGs    # Errors  Last Runtime    Last Run               Last # of DB Queries
----------------------------------------  -----  ---------  --------  ----------  --------------  -------------------  ----------------------
/opt/airflow/dags/process_reviews_dag.py                           0           0  1.41s           2026-06-07T14:07:47                       3
================================================================================
[2026-06-07T14:08:19.658+0000] {manager.py:997} INFO - 
================================================================================
DAG File Processing Stats

File Path                                 PID    Runtime      # DAGs    # Errors  Last Runtime    Last Run               Last # of DB Queries
----------------------------------------  -----  ---------  --------  ----------  --------------  -------------------  ----------------------
/opt/airflow/dags/process_reviews_dag.py                           0           0  1.62s           2026-06-07T14:08:19                       3
================================================================================
[2026-06-07T14:10:53.483+0000] {manager.py:997} INFO - 
================================================================================
DAG File Processing Stats

File Path                                 PID    Runtime      # DAGs    # Errors  Last Runtime    Last Run               Last # of DB Queries
----------------------------------------  -----  ---------  --------  ----------  --------------  -------------------  ----------------------
/opt/airflow/dags/process_reviews_dag.py                           0           0  2.96s           2026-06-07T14:10:35                       3
================================================================================
[2026-06-07T14:11:09.363+0000] {manager.py:821} INFO - Searching for files in /opt/airflow/dags
[2026-06-07T14:11:09.431+0000] {manager.py:824} INFO - There are 1 files in /opt/airflow/dags
[2026-06-07T14:11:23.576+0000] {manager.py:997} INFO - 
================================================================================
DAG File Processing Stats

File Path                                 PID    Runtime      # DAGs    # Errors  Last Runtime    Last Run               Last # of DB Queries
----------------------------------------  -----  ---------  --------  ----------  --------------  -------------------  ----------------------
/opt/airflow/dags/process_reviews_dag.py                           0           0  0.92s           2026-06-07T14:11:07                       3
================================================================================
[2026-06-07T14:11:53.966+0000] {manager.py:997} INFO - 
================================================================================
DAG File Processing Stats

File Path                                 PID    Runtime      # DAGs    # Errors  Last Runtime    Last Run               Last # of DB Queries
----------------------------------------  -----  ---------  --------  ----------  --------------  -------------------  ----------------------
/opt/airflow/dags/process_reviews_dag.py                           0           0  1.32s           2026-06-07T14:11:38                       3
================================================================================
[2026-06-07T14:12:24.502+0000] {manager.py:997} INFO - 
================================================================================
DAG File Processing Stats

File Path                                 PID    Runtime      # DAGs    # Errors  Last Runtime    Last Run               Last # of DB Queries
----------------------------------------  -----  ---------  --------  ----------  --------------  -------------------  ----------------------
/opt/airflow/dags/process_reviews_dag.py                           0           0  2.42s           2026-06-07T14:12:12                       3
================================================================================
[2026-06-07T14:12:54.759+0000] {manager.py:997} INFO - 
================================================================================
DAG File Processing Stats

File Path                                 PID    Runtime      # DAGs    # Errors  Last Runtime    Last Run               Last # of DB Queries
----------------------------------------  -----  ---------  --------  ----------  --------------  -------------------  ----------------------
/opt/airflow/dags/process_reviews_dag.py                           0           0  1.22s           2026-06-07T14:12:43                       3
================================================================================
[2026-06-07T14:13:24.763+0000] {manager.py:997} INFO - 
================================================================================
DAG File Processing Stats

File Path                                 PID    Runtime      # DAGs    # Errors  Last Runtime    Last Run               Last # of DB Queries
----------------------------------------  -----  ---------  --------  ----------  --------------  -------------------  ----------------------
/opt/airflow/dags/process_reviews_dag.py                           0           0  0.83s           2026-06-07T14:13:14                       3
================================================================================
[2026-06-07T14:13:55.125+0000] {manager.py:997} INFO - 
================================================================================
DAG File Processing Stats

File Path                                 PID    Runtime      # DAGs    # Errors  Last Runtime    Last Run               Last # of DB Queries
----------------------------------------  -----  ---------  --------  ----------  --------------  -------------------  ----------------------
/opt/airflow/dags/process_reviews_dag.py                           0           0  1.01s           2026-06-07T14:13:45                       3
================================================================================
[2026-06-07T14:14:25.216+0000] {manager.py:997} INFO - 
================================================================================
DAG File Processing Stats

File Path                                 PID    Runtime      # DAGs    # Errors  Last Runtime    Last Run               Last # of DB Queries
----------------------------------------  -----  ---------  --------  ----------  --------------  -------------------  ----------------------
/opt/airflow/dags/process_reviews_dag.py                           0           0  1.02s           2026-06-07T14:14:16                       3
================================================================================
[2026-06-07T14:14:55.509+0000] {manager.py:997} INFO - 
================================================================================
DAG File Processing Stats

File Path                                 PID    Runtime      # DAGs    # Errors  Last Runtime    Last Run               Last # of DB Queries
----------------------------------------  -----  ---------  --------  ----------  --------------  -------------------  ----------------------
/opt/airflow/dags/process_reviews_dag.py                           0           0  1.11s           2026-06-07T14:14:48                       3
================================================================================
[2026-06-07T14:15:25.523+0000] {manager.py:997} INFO - 
================================================================================
DAG File Processing Stats

File Path                                 PID    Runtime      # DAGs    # Errors  Last Runtime    Last Run               Last # of DB Queries
----------------------------------------  -----  ---------  --------  ----------  --------------  -------------------  ----------------------
/opt/airflow/dags/process_reviews_dag.py                           0           0  0.91s           2026-06-07T14:15:19                       3
================================================================================
[2026-06-07T14:15:55.607+0000] {manager.py:997} INFO - 
================================================================================
DAG File Processing Stats

File Path                                 PID    Runtime      # DAGs    # Errors  Last Runtime    Last Run               Last # of DB Queries
----------------------------------------  -----  ---------  --------  ----------  --------------  -------------------  ----------------------
/opt/airflow/dags/process_reviews_dag.py                           0           0  1.02s           2026-06-07T14:15:50                       3
================================================================================
[2026-06-07T14:16:10.069+0000] {manager.py:821} INFO - Searching for files in /opt/airflow/dags
[2026-06-07T14:16:10.134+0000] {manager.py:824} INFO - There are 1 files in /opt/airflow/dags
[2026-06-07T14:16:25.780+0000] {manager.py:997} INFO - 
================================================================================
DAG File Processing Stats

File Path                                 PID    Runtime      # DAGs    # Errors  Last Runtime    Last Run               Last # of DB Queries
----------------------------------------  -----  ---------  --------  ----------  --------------  -------------------  ----------------------
/opt/airflow/dags/process_reviews_dag.py                           0           0  0.81s           2026-06-07T14:16:21                       3
================================================================================
[2026-06-07T14:16:56.756+0000] {manager.py:997} INFO - 
================================================================================
DAG File Processing Stats

File Path                                 PID    Runtime      # DAGs    # Errors  Last Runtime    Last Run               Last # of DB Queries
----------------------------------------  -----  ---------  --------  ----------  --------------  -------------------  ----------------------
/opt/airflow/dags/process_reviews_dag.py                           0           0  0.81s           2026-06-07T14:16:52                       3
================================================================================
[2026-06-07T14:17:27.608+0000] {manager.py:997} INFO - 
================================================================================
DAG File Processing Stats

File Path                                 PID    Runtime      # DAGs    # Errors  Last Runtime    Last Run               Last # of DB Queries
----------------------------------------  -----  ---------  --------  ----------  --------------  -------------------  ----------------------
/opt/airflow/dags/process_reviews_dag.py                           0           0  0.71s           2026-06-07T14:17:23                       3
================================================================================
[2026-06-07T14:17:58.609+0000] {manager.py:997} INFO - 
================================================================================
DAG File Processing Stats

File Path                                 PID    Runtime      # DAGs    # Errors  Last Runtime    Last Run               Last # of DB Queries
----------------------------------------  -----  ---------  --------  ----------  --------------  -------------------  ----------------------
/opt/airflow/dags/process_reviews_dag.py                           0           0  0.83s           2026-06-07T14:17:54                       3
================================================================================
[2026-06-07T14:18:29.525+0000] {manager.py:997} INFO - 
================================================================================
DAG File Processing Stats

File Path                                 PID    Runtime      # DAGs    # Errors  Last Runtime    Last Run               Last # of DB Queries
----------------------------------------  -----  ---------  --------  ----------  --------------  -------------------  ----------------------
/opt/airflow/dags/process_reviews_dag.py                           0           0  0.81s           2026-06-07T14:18:25                       3
================================================================================
[2026-06-07T14:18:59.567+0000] {manager.py:997} INFO - 
================================================================================
DAG File Processing Stats

File Path                                 PID    Runtime      # DAGs    # Errors  Last Runtime    Last Run               Last # of DB Queries
----------------------------------------  -----  ---------  --------  ----------  --------------  -------------------  ----------------------
/opt/airflow/dags/process_reviews_dag.py                           0           0  0.92s           2026-06-07T14:18:56                       3
================================================================================
[2026-06-07T14:19:30.454+0000] {manager.py:997} INFO - 
================================================================================
DAG File Processing Stats

File Path                                 PID    Runtime      # DAGs    # Errors  Last Runtime    Last Run               Last # of DB Queries
----------------------------------------  -----  ---------  --------  ----------  --------------  -------------------  ----------------------
/opt/airflow/dags/process_reviews_dag.py                           0           0  0.71s           2026-06-07T14:19:27                       3
================================================================================
[2026-06-07T14:20:01.489+0000] {manager.py:997} INFO - 
================================================================================
DAG File Processing Stats

File Path                                 PID    Runtime      # DAGs    # Errors  Last Runtime    Last Run               Last # of DB Queries
----------------------------------------  -----  ---------  --------  ----------  --------------  -------------------  ----------------------
/opt/airflow/dags/process_reviews_dag.py                           0           0  0.81s           2026-06-07T14:19:58                       3
================================================================================
[2026-06-07T14:20:32.449+0000] {manager.py:997} INFO - 
================================================================================
DAG File Processing Stats

File Path                                 PID    Runtime      # DAGs    # Errors  Last Runtime    Last Run               Last # of DB Queries
----------------------------------------  -----  ---------  --------  ----------  --------------  -------------------  ----------------------
/opt/airflow/dags/process_reviews_dag.py                           0           0  0.81s           2026-06-07T14:20:29                       3
================================================================================
[2026-06-07T14:21:02.580+0000] {manager.py:997} INFO - 
================================================================================
DAG File Processing Stats

File Path                                 PID    Runtime      # DAGs    # Errors  Last Runtime    Last Run               Last # of DB Queries
----------------------------------------  -----  ---------  --------  ----------  --------------  -------------------  ----------------------
/opt/airflow/dags/process_reviews_dag.py                           0           0  1.01s           2026-06-07T14:21:00                       3
================================================================================
[2026-06-07T14:21:10.513+0000] {manager.py:821} INFO - Searching for files in /opt/airflow/dags
[2026-06-07T14:21:10.589+0000] {manager.py:824} INFO - There are 1 files in /opt/airflow/dags
[2026-06-07T14:21:33.587+0000] {manager.py:997} INFO - 
================================================================================
DAG File Processing Stats

File Path                                 PID    Runtime      # DAGs    # Errors  Last Runtime    Last Run               Last # of DB Queries
----------------------------------------  -----  ---------  --------  ----------  --------------  -------------------  ----------------------
/opt/airflow/dags/process_reviews_dag.py                           0           0  0.81s           2026-06-07T14:21:31                       3
================================================================================
[2026-06-07T14:22:04.572+0000] {manager.py:997} INFO - 
================================================================================
DAG File Processing Stats

File Path                                 PID    Runtime      # DAGs    # Errors  Last Runtime    Last Run               Last # of DB Queries
----------------------------------------  -----  ---------  --------  ----------  --------------  -------------------  ----------------------
/opt/airflow/dags/process_reviews_dag.py                           0           0  0.81s           2026-06-07T14:22:02                       3
================================================================================
[2026-06-07T14:22:35.565+0000] {manager.py:997} INFO - 
================================================================================
DAG File Processing Stats

File Path                                 PID    Runtime      # DAGs    # Errors  Last Runtime    Last Run               Last # of DB Queries
----------------------------------------  -----  ---------  --------  ----------  --------------  -------------------  ----------------------
/opt/airflow/dags/process_reviews_dag.py                           0           0  0.81s           2026-06-07T14:22:33                       3
================================================================================
[2026-06-07T14:23:06.538+0000] {manager.py:997} INFO - 
================================================================================
DAG File Processing Stats

File Path                                 PID    Runtime      # DAGs    # Errors  Last Runtime    Last Run               Last # of DB Queries
----------------------------------------  -----  ---------  --------  ----------  --------------  -------------------  ----------------------
/opt/airflow/dags/process_reviews_dag.py                           0           0  0.81s           2026-06-07T14:23:04                       3
================================================================================
[2026-06-07T14:23:37.527+0000] {manager.py:997} INFO - 
================================================================================
DAG File Processing Stats

File Path                                 PID    Runtime      # DAGs    # Errors  Last Runtime    Last Run               Last # of DB Queries
----------------------------------------  -----  ---------  --------  ----------  --------------  -------------------  ----------------------
/opt/airflow/dags/process_reviews_dag.py                           0           0  0.81s           2026-06-07T14:23:35                       3
================================================================================
[2026-06-07T14:24:08.539+0000] {manager.py:997} INFO - 
================================================================================
DAG File Processing Stats

File Path                                 PID    Runtime      # DAGs    # Errors  Last Runtime    Last Run               Last # of DB Queries
----------------------------------------  -----  ---------  --------  ----------  --------------  -------------------  ----------------------
/opt/airflow/dags/process_reviews_dag.py                           0           0  0.81s           2026-06-07T14:24:06                       3
================================================================================
[2026-06-07T14:24:39.522+0000] {manager.py:997} INFO - 
================================================================================
DAG File Processing Stats

File Path                                 PID    Runtime      # DAGs    # Errors  Last Runtime    Last Run               Last # of DB Queries
----------------------------------------  -----  ---------  --------  ----------  --------------  -------------------  ----------------------
/opt/airflow/dags/process_reviews_dag.py                           0           0  0.81s           2026-06-07T14:24:37                       3
================================================================================
[2026-06-07T14:25:17.417+0000] {manager.py:997} INFO - 
================================================================================
DAG File Processing Stats

File Path                                 PID    Runtime      # DAGs    # Errors  Last Runtime    Last Run               Last # of DB Queries
----------------------------------------  -----  ---------  --------  ----------  --------------  -------------------  ----------------------
/opt/airflow/dags/process_reviews_dag.py                           0           0  0.81s           2026-06-07T14:25:09                       3
================================================================================
[2026-06-07T14:40:07.216+0000] {manager.py:821} INFO - Searching for files in /opt/airflow/dags
[2026-06-07T14:40:07.268+0000] {manager.py:824} INFO - There are 1 files in /opt/airflow/dags
[2026-06-07T14:40:21.413+0000] {manager.py:997} INFO - 
================================================================================
DAG File Processing Stats

File Path                                 PID    Runtime      # DAGs    # Errors  Last Runtime    Last Run               Last # of DB Queries
----------------------------------------  -----  ---------  --------  ----------  --------------  -------------------  ----------------------
/opt/airflow/dags/process_reviews_dag.py                           0           0  1.43s           2026-06-07T14:40:08                       3
================================================================================
[2026-06-07T14:40:52.200+0000] {manager.py:997} INFO - 
================================================================================
DAG File Processing Stats

File Path                                 PID    Runtime      # DAGs    # Errors  Last Runtime    Last Run               Last # of DB Queries
----------------------------------------  -----  ---------  --------  ----------  --------------  -------------------  ----------------------
/opt/airflow/dags/process_reviews_dag.py                           0           0  1.01s           2026-06-07T14:40:39                       3
================================================================================
[2026-06-07T14:41:22.349+0000] {manager.py:997} INFO - 
================================================================================
DAG File Processing Stats

File Path                                 PID    Runtime      # DAGs    # Errors  Last Runtime    Last Run               Last # of DB Queries
----------------------------------------  -----  ---------  --------  ----------  --------------  -------------------  ----------------------
/opt/airflow/dags/process_reviews_dag.py                           0           0  0.91s           2026-06-07T14:41:11                       3
================================================================================
[2026-06-07T14:41:52.418+0000] {manager.py:997} INFO - 
================================================================================
DAG File Processing Stats

File Path                                 PID    Runtime      # DAGs    # Errors  Last Runtime    Last Run               Last # of DB Queries
----------------------------------------  -----  ---------  --------  ----------  --------------  -------------------  ----------------------
/opt/airflow/dags/process_reviews_dag.py                           0           0  1.01s           2026-06-07T14:41:42                       3
================================================================================
[2026-06-07T14:42:23.262+0000] {manager.py:997} INFO - 
================================================================================
DAG File Processing Stats

File Path                                 PID    Runtime      # DAGs    # Errors  Last Runtime    Last Run               Last # of DB Queries
----------------------------------------  -----  ---------  --------  ----------  --------------  -------------------  ----------------------
/opt/airflow/dags/process_reviews_dag.py                           0           0  0.83s           2026-06-07T14:42:13                       3
================================================================================
[2026-06-07T14:42:53.280+0000] {manager.py:997} INFO - 
================================================================================
DAG File Processing Stats

File Path                                 PID    Runtime      # DAGs    # Errors  Last Runtime    Last Run               Last # of DB Queries
----------------------------------------  -----  ---------  --------  ----------  --------------  -------------------  ----------------------
/opt/airflow/dags/process_reviews_dag.py                           0           0  0.91s           2026-06-07T14:42:44                       3
================================================================================
[2026-06-07T14:43:23.883+0000] {manager.py:997} INFO - 
================================================================================
DAG File Processing Stats

File Path                                 PID    Runtime      # DAGs    # Errors  Last Runtime    Last Run               Last # of DB Queries
----------------------------------------  -----  ---------  --------  ----------  --------------  -------------------  ----------------------
/opt/airflow/dags/process_reviews_dag.py                           0           0  0.82s           2026-06-07T14:43:15                       3
================================================================================
[2026-06-07T14:43:54.946+0000] {manager.py:997} INFO - 
================================================================================
DAG File Processing Stats

File Path                                 PID    Runtime      # DAGs    # Errors  Last Runtime    Last Run               Last # of DB Queries
----------------------------------------  -----  ---------  --------  ----------  --------------  -------------------  ----------------------
/opt/airflow/dags/process_reviews_dag.py                           0           0  0.81s           2026-06-07T14:43:46                       3
================================================================================
[2026-06-07T14:44:25.255+0000] {manager.py:997} INFO - 
================================================================================
DAG File Processing Stats

File Path                                 PID    Runtime      # DAGs    # Errors  Last Runtime    Last Run               Last # of DB Queries
----------------------------------------  -----  ---------  --------  ----------  --------------  -------------------  ----------------------
/opt/airflow/dags/process_reviews_dag.py                           0           0  1.11s           2026-06-07T14:44:17                       3
================================================================================
[2026-06-07T14:44:55.310+0000] {manager.py:997} INFO - 
================================================================================
DAG File Processing Stats

File Path                                 PID    Runtime      # DAGs    # Errors  Last Runtime    Last Run               Last # of DB Queries
----------------------------------------  -----  ---------  --------  ----------  --------------  -------------------  ----------------------
/opt/airflow/dags/process_reviews_dag.py                           0           0  0.92s           2026-06-07T14:44:49                       3
================================================================================
[2026-06-07T14:45:07.865+0000] {manager.py:821} INFO - Searching for files in /opt/airflow/dags
[2026-06-07T14:45:07.924+0000] {manager.py:824} INFO - There are 1 files in /opt/airflow/dags
[2026-06-07T14:45:25.466+0000] {manager.py:997} INFO - 
================================================================================
DAG File Processing Stats

File Path                                 PID    Runtime      # DAGs    # Errors  Last Runtime    Last Run               Last # of DB Queries
----------------------------------------  -----  ---------  --------  ----------  --------------  -------------------  ----------------------
/opt/airflow/dags/process_reviews_dag.py                           0           0  0.92s           2026-06-07T14:45:20                       3
================================================================================
[2026-06-07T14:45:56.153+0000] {manager.py:997} INFO - 
================================================================================
DAG File Processing Stats

File Path                                 PID    Runtime      # DAGs    # Errors  Last Runtime    Last Run               Last # of DB Queries
----------------------------------------  -----  ---------  --------  ----------  --------------  -------------------  ----------------------
/opt/airflow/dags/process_reviews_dag.py                           0           0  1.01s           2026-06-07T14:45:51                       3
================================================================================
[2026-06-07T14:46:27.139+0000] {manager.py:997} INFO - 
================================================================================
DAG File Processing Stats

File Path                                 PID    Runtime      # DAGs    # Errors  Last Runtime    Last Run               Last # of DB Queries
----------------------------------------  -----  ---------  --------  ----------  --------------  -------------------  ----------------------
/opt/airflow/dags/process_reviews_dag.py                           0           0  1.11s           2026-06-07T14:46:22                       3
================================================================================
[2026-06-07T14:46:57.182+0000] {manager.py:997} INFO - 
================================================================================
DAG File Processing Stats

File Path                                 PID    Runtime      # DAGs    # Errors  Last Runtime    Last Run               Last # of DB Queries
----------------------------------------  -----  ---------  --------  ----------  --------------  -------------------  ----------------------
/opt/airflow/dags/process_reviews_dag.py                           0           0  0.91s           2026-06-07T14:46:53                       3
================================================================================
[2026-06-07T14:47:27.631+0000] {manager.py:997} INFO - 
================================================================================
DAG File Processing Stats

File Path                                 PID    Runtime      # DAGs    # Errors  Last Runtime    Last Run               Last # of DB Queries
----------------------------------------  -----  ---------  --------  ----------  --------------  -------------------  ----------------------
/opt/airflow/dags/process_reviews_dag.py                           0           0  1.31s           2026-06-07T14:47:25                       3
================================================================================
[2026-06-07T14:47:58.300+0000] {manager.py:997} INFO - 
================================================================================
DAG File Processing Stats

File Path                                 PID    Runtime      # DAGs    # Errors  Last Runtime    Last Run               Last # of DB Queries
----------------------------------------  -----  ---------  --------  ----------  --------------  -------------------  ----------------------
/opt/airflow/dags/process_reviews_dag.py                           0           0  1.53s           2026-06-07T14:47:57                       3
================================================================================
[2026-06-07T14:48:28.531+0000] {manager.py:997} INFO - 
================================================================================
DAG File Processing Stats

File Path                                 PID    Runtime      # DAGs    # Errors  Last Runtime    Last Run               Last # of DB Queries
----------------------------------------  -----  ---------  --------  ----------  --------------  -------------------  ----------------------
/opt/airflow/dags/process_reviews_dag.py                           0           0  1.11s           2026-06-07T14:48:28                       3
================================================================================
[2026-06-07T14:48:59.703+0000] {manager.py:997} INFO - 
================================================================================
DAG File Processing Stats

File Path                                 PID    Runtime      # DAGs    # Errors  Last Runtime    Last Run               Last # of DB Queries
----------------------------------------  -----  ---------  --------  ----------  --------------  -------------------  ----------------------
/opt/airflow/dags/process_reviews_dag.py                           0           0  1.01s           2026-06-07T14:48:59                       3
================================================================================
[2026-06-07T14:49:30.862+0000] {manager.py:997} INFO - 
================================================================================
DAG File Processing Stats

File Path                                 PID    Runtime      # DAGs    # Errors  Last Runtime    Last Run               Last # of DB Queries
----------------------------------------  -----  ---------  --------  ----------  --------------  -------------------  ----------------------
/opt/airflow/dags/process_reviews_dag.py                           0           0  1.01s           2026-06-07T14:49:30                       3
================================================================================
[2026-06-07T14:50:01.946+0000] {manager.py:997} INFO - 
================================================================================
DAG File Processing Stats

File Path                                 PID    Runtime      # DAGs    # Errors  Last Runtime    Last Run               Last # of DB Queries
----------------------------------------  -----  ---------  --------  ----------  --------------  -------------------  ----------------------
/opt/airflow/dags/process_reviews_dag.py                           0           0  0.91s           2026-06-07T14:50:01                       3
================================================================================
[2026-06-07T14:50:08.101+0000] {manager.py:821} INFO - Searching for files in /opt/airflow/dags
[2026-06-07T14:50:08.155+0000] {manager.py:824} INFO - There are 1 files in /opt/airflow/dags
[2026-06-07T14:50:33.221+0000] {manager.py:997} INFO - 
================================================================================
DAG File Processing Stats

File Path                                 PID    Runtime      # DAGs    # Errors  Last Runtime    Last Run               Last # of DB Queries
----------------------------------------  -----  ---------  --------  ----------  --------------  -------------------  ----------------------
/opt/airflow/dags/process_reviews_dag.py                           0           0  1.11s           2026-06-07T14:50:33                       3
================================================================================
[2026-06-07T14:51:04.401+0000] {manager.py:997} INFO - 
================================================================================
DAG File Processing Stats

File Path                                 PID    Runtime      # DAGs    # Errors  Last Runtime    Last Run               Last # of DB Queries
----------------------------------------  -----  ---------  --------  ----------  --------------  -------------------  ----------------------
/opt/airflow/dags/process_reviews_dag.py                           0           0  1.02s           2026-06-07T14:51:04                       3
================================================================================
[2026-06-07T14:51:35.940+0000] {manager.py:997} INFO - 
================================================================================
DAG File Processing Stats

File Path                                 PID    Runtime      # DAGs    # Errors  Last Runtime    Last Run               Last # of DB Queries
----------------------------------------  -----  ---------  --------  ----------  --------------  -------------------  ----------------------
/opt/airflow/dags/process_reviews_dag.py                           0           0  1.34s           2026-06-07T14:51:35                       3
================================================================================
[2026-06-07T14:52:07.374+0000] {manager.py:997} INFO - 
================================================================================
DAG File Processing Stats

File Path                                 PID    Runtime      # DAGs    # Errors  Last Runtime    Last Run               Last # of DB Queries
----------------------------------------  -----  ---------  --------  ----------  --------------  -------------------  ----------------------
/opt/airflow/dags/process_reviews_dag.py                           0           0  1.24s           2026-06-07T14:52:07                       3
================================================================================
[2026-06-07T14:52:38.668+0000] {manager.py:997} INFO - 
================================================================================
DAG File Processing Stats

File Path                                 PID    Runtime      # DAGs    # Errors  Last Runtime    Last Run               Last # of DB Queries
----------------------------------------  -----  ---------  --------  ----------  --------------  -------------------  ----------------------
/opt/airflow/dags/process_reviews_dag.py                           0           0  1.11s           2026-06-07T14:52:38                       3
================================================================================
[2026-06-07T14:53:10.062+0000] {manager.py:997} INFO - 
================================================================================
DAG File Processing Stats

File Path                                 PID    Runtime      # DAGs    # Errors  Last Runtime    Last Run               Last # of DB Queries
----------------------------------------  -----  ---------  --------  ----------  --------------  -------------------  ----------------------
/opt/airflow/dags/process_reviews_dag.py                           0           0  1.22s           2026-06-07T14:53:10                       3
================================================================================
[2026-06-07T14:53:41.360+0000] {manager.py:997} INFO - 
================================================================================
DAG File Processing Stats

File Path                                 PID    Runtime      # DAGs    # Errors  Last Runtime    Last Run               Last # of DB Queries
----------------------------------------  -----  ---------  --------  ----------  --------------  -------------------  ----------------------
/opt/airflow/dags/process_reviews_dag.py                           0           0  1.11s           2026-06-07T14:53:41                       3
================================================================================
[2026-06-07T14:54:13.059+0000] {manager.py:997} INFO - 
================================================================================
DAG File Processing Stats

File Path                                 PID    Runtime      # DAGs    # Errors  Last Runtime    Last Run               Last # of DB Queries
----------------------------------------  -----  ---------  --------  ----------  --------------  -------------------  ----------------------
/opt/airflow/dags/process_reviews_dag.py                           0           0  1.53s           2026-06-07T14:54:13                       3
================================================================================
[2026-06-07T14:54:44.303+0000] {manager.py:997} INFO - 
================================================================================
DAG File Processing Stats

File Path                                 PID    Runtime      # DAGs    # Errors  Last Runtime    Last Run               Last # of DB Queries
----------------------------------------  -----  ---------  --------  ----------  --------------  -------------------  ----------------------
/opt/airflow/dags/process_reviews_dag.py                           0           0  1.02s           2026-06-07T14:54:44                       3
================================================================================
[2026-06-07T14:55:08.902+0000] {manager.py:821} INFO - Searching for files in /opt/airflow/dags
[2026-06-07T14:55:08.986+0000] {manager.py:824} INFO - There are 1 files in /opt/airflow/dags
[2026-06-07T14:55:15.471+0000] {manager.py:997} INFO - 
================================================================================
DAG File Processing Stats

File Path                                 PID    Runtime      # DAGs    # Errors  Last Runtime    Last Run               Last # of DB Queries
----------------------------------------  -----  ---------  --------  ----------  --------------  -------------------  ----------------------
/opt/airflow/dags/process_reviews_dag.py                           0           0  1.01s           2026-06-07T14:55:15                       3
================================================================================
[2026-06-07T14:55:46.668+0000] {manager.py:997} INFO - 
================================================================================
DAG File Processing Stats

File Path                                 PID    Runtime      # DAGs    # Errors  Last Runtime    Last Run               Last # of DB Queries
----------------------------------------  -----  ---------  --------  ----------  --------------  -------------------  ----------------------
/opt/airflow/dags/process_reviews_dag.py                           0           0  1.01s           2026-06-07T14:55:46                       3
================================================================================
[2026-06-07T14:56:17.988+0000] {manager.py:997} INFO - 
================================================================================
DAG File Processing Stats

File Path                                 PID    Runtime      # DAGs    # Errors  Last Runtime    Last Run               Last # of DB Queries
----------------------------------------  -----  ---------  --------  ----------  --------------  -------------------  ----------------------
/opt/airflow/dags/process_reviews_dag.py                           0           0  1.11s           2026-06-07T14:56:17                       3
================================================================================
[2026-06-07T14:56:49.273+0000] {manager.py:997} INFO - 
================================================================================
DAG File Processing Stats

File Path                                 PID    Runtime      # DAGs    # Errors  Last Runtime    Last Run               Last # of DB Queries
----------------------------------------  -----  ---------  --------  ----------  --------------  -------------------  ----------------------
/opt/airflow/dags/process_reviews_dag.py                           0           0  1.12s           2026-06-07T14:56:49                       3
================================================================================
[2026-06-07T14:57:20.288+0000] {manager.py:997} INFO - 
================================================================================
DAG File Processing Stats

File Path                                 PID    Runtime      # DAGs    # Errors  Last Runtime    Last Run               Last # of DB Queries
----------------------------------------  -----  ---------  --------  ----------  --------------  -------------------  ----------------------
/opt/airflow/dags/process_reviews_dag.py                           0           0  0.81s           2026-06-07T14:57:20                       3
================================================================================
[2026-06-07T14:57:51.499+0000] {manager.py:997} INFO - 
================================================================================
DAG File Processing Stats

File Path                                 PID    Runtime      # DAGs    # Errors  Last Runtime    Last Run               Last # of DB Queries
----------------------------------------  -----  ---------  --------  ----------  --------------  -------------------  ----------------------
/opt/airflow/dags/process_reviews_dag.py                           0           0  1.04s           2026-06-07T14:57:51                       3
================================================================================
[2026-06-07T14:58:22.504+0000] {manager.py:997} INFO - 
================================================================================
DAG File Processing Stats

File Path                                 PID    Runtime      # DAGs    # Errors  Last Runtime    Last Run               Last # of DB Queries
----------------------------------------  -----  ---------  --------  ----------  --------------  -------------------  ----------------------
/opt/airflow/dags/process_reviews_dag.py                           0           0  0.81s           2026-06-07T14:58:22                       3
================================================================================
[2026-06-07T14:58:53.480+0000] {manager.py:997} INFO - 
================================================================================
DAG File Processing Stats

File Path                                 PID    Runtime      # DAGs    # Errors  Last Runtime    Last Run               Last # of DB Queries
----------------------------------------  -----  ---------  --------  ----------  --------------  -------------------  ----------------------
/opt/airflow/dags/process_reviews_dag.py                           0           0  0.81s           2026-06-07T14:58:53                       3
================================================================================
[2026-06-07T14:59:24.978+0000] {manager.py:997} INFO - 
================================================================================
DAG File Processing Stats

File Path                                 PID    Runtime      # DAGs    # Errors  Last Runtime    Last Run               Last # of DB Queries
----------------------------------------  -----  ---------  --------  ----------  --------------  -------------------  ----------------------
/opt/airflow/dags/process_reviews_dag.py                           0           0  1.31s           2026-06-07T14:59:24                       3
================================================================================
[2026-06-07T14:59:56.170+0000] {manager.py:997} INFO - 
================================================================================
DAG File Processing Stats

File Path                                 PID    Runtime      # DAGs    # Errors  Last Runtime    Last Run               Last # of DB Queries
----------------------------------------  -----  ---------  --------  ----------  --------------  -------------------  ----------------------
/opt/airflow/dags/process_reviews_dag.py                           0           0  1.01s           2026-06-07T14:59:56                       3
================================================================================
[2026-06-07T15:00:09.489+0000] {manager.py:821} INFO - Searching for files in /opt/airflow/dags
[2026-06-07T15:00:09.575+0000] {manager.py:824} INFO - There are 1 files in /opt/airflow/dags
[2026-06-07T15:00:27.273+0000] {manager.py:997} INFO - 
================================================================================
DAG File Processing Stats

File Path                                 PID    Runtime      # DAGs    # Errors  Last Runtime    Last Run               Last # of DB Queries
----------------------------------------  -----  ---------  --------  ----------  --------------  -------------------  ----------------------
/opt/airflow/dags/process_reviews_dag.py                           0           0  0.91s           2026-06-07T15:00:27                       3
================================================================================
[2026-06-07T15:00:58.376+0000] {manager.py:997} INFO - 
================================================================================
DAG File Processing Stats

File Path                                 PID    Runtime      # DAGs    # Errors  Last Runtime    Last Run               Last # of DB Queries
----------------------------------------  -----  ---------  --------  ----------  --------------  -------------------  ----------------------
/opt/airflow/dags/process_reviews_dag.py                           0           0  0.91s           2026-06-07T15:00:58                       3
================================================================================
[2026-06-07T15:01:29.532+0000] {manager.py:997} INFO - 
================================================================================
DAG File Processing Stats

File Path                                 PID    Runtime      # DAGs    # Errors  Last Runtime    Last Run               Last # of DB Queries
----------------------------------------  -----  ---------  --------  ----------  --------------  -------------------  ----------------------
/opt/airflow/dags/process_reviews_dag.py                           0           0  1.02s           2026-06-07T15:01:29                       3
================================================================================
[2026-06-07T15:02:00.908+0000] {manager.py:997} INFO - 
================================================================================
DAG File Processing Stats

File Path                                 PID    Runtime      # DAGs    # Errors  Last Runtime    Last Run               Last # of DB Queries
----------------------------------------  -----  ---------  --------  ----------  --------------  -------------------  ----------------------
/opt/airflow/dags/process_reviews_dag.py                           0           0  1.22s           2026-06-07T15:02:00                       3
================================================================================
[2026-06-07T15:02:31.902+0000] {manager.py:997} INFO - 
================================================================================
DAG File Processing Stats

File Path                                 PID    Runtime      # DAGs    # Errors  Last Runtime    Last Run               Last # of DB Queries
----------------------------------------  -----  ---------  --------  ----------  --------------  -------------------  ----------------------
/opt/airflow/dags/process_reviews_dag.py                           0           0  0.82s           2026-06-07T15:02:31                       3
================================================================================
[2026-06-07T15:03:03.276+0000] {manager.py:997} INFO - 
================================================================================
DAG File Processing Stats

File Path                                 PID    Runtime      # DAGs    # Errors  Last Runtime    Last Run               Last # of DB Queries
----------------------------------------  -----  ---------  --------  ----------  --------------  -------------------  ----------------------
/opt/airflow/dags/process_reviews_dag.py                           0           0  1.21s           2026-06-07T15:03:03                       3
================================================================================
[2026-06-07T15:03:34.756+0000] {manager.py:997} INFO - 
================================================================================
DAG File Processing Stats

File Path                                 PID    Runtime      # DAGs    # Errors  Last Runtime    Last Run               Last # of DB Queries
----------------------------------------  -----  ---------  --------  ----------  --------------  -------------------  ----------------------
/opt/airflow/dags/process_reviews_dag.py                           0           0  1.31s           2026-06-07T15:03:34                       3
================================================================================
[2026-06-07T15:04:05.916+0000] {manager.py:997} INFO - 
================================================================================
DAG File Processing Stats

File Path                                 PID    Runtime      # DAGs    # Errors  Last Runtime    Last Run               Last # of DB Queries
----------------------------------------  -----  ---------  --------  ----------  --------------  -------------------  ----------------------
/opt/airflow/dags/process_reviews_dag.py                           0           0  1.01s           2026-06-07T15:04:05                       3
================================================================================
[2026-06-07T15:04:37.400+0000] {manager.py:997} INFO - 
================================================================================
DAG File Processing Stats

File Path                                 PID    Runtime      # DAGs    # Errors  Last Runtime    Last Run               Last # of DB Queries
----------------------------------------  -----  ---------  --------  ----------  --------------  -------------------  ----------------------
/opt/airflow/dags/process_reviews_dag.py                           0           0  1.32s           2026-06-07T15:04:37                       3
================================================================================
[2026-06-07T15:05:08.405+0000] {manager.py:997} INFO - 
================================================================================
DAG File Processing Stats

File Path                                 PID    Runtime      # DAGs    # Errors  Last Runtime    Last Run               Last # of DB Queries
----------------------------------------  -----  ---------  --------  ----------  --------------  -------------------  ----------------------
/opt/airflow/dags/process_reviews_dag.py                           0           0  0.81s           2026-06-07T15:05:08                       3
================================================================================
[2026-06-07T15:05:10.535+0000] {manager.py:821} INFO - Searching for files in /opt/airflow/dags
[2026-06-07T15:05:10.584+0000] {manager.py:824} INFO - There are 1 files in /opt/airflow/dags
[2026-06-07T15:05:39.498+0000] {manager.py:997} INFO - 
================================================================================
DAG File Processing Stats

File Path                                 PID    Runtime      # DAGs    # Errors  Last Runtime    Last Run               Last # of DB Queries
----------------------------------------  -----  ---------  --------  ----------  --------------  -------------------  ----------------------
/opt/airflow/dags/process_reviews_dag.py                           0           0  0.91s           2026-06-07T15:05:39                       3
================================================================================
[2026-06-07T15:06:10.606+0000] {manager.py:997} INFO - 
================================================================================
DAG File Processing Stats

File Path                                 PID    Runtime      # DAGs    # Errors  Last Runtime    Last Run               Last # of DB Queries
----------------------------------------  -----  ---------  --------  ----------  --------------  -------------------  ----------------------
/opt/airflow/dags/process_reviews_dag.py                           0           0  0.92s           2026-06-07T15:06:10                       3
================================================================================
[2026-06-07T15:06:41.810+0000] {manager.py:997} INFO - 
================================================================================
DAG File Processing Stats

File Path                                 PID    Runtime      # DAGs    # Errors  Last Runtime    Last Run               Last # of DB Queries
----------------------------------------  -----  ---------  --------  ----------  --------------  -------------------  ----------------------
/opt/airflow/dags/process_reviews_dag.py                           0           0  1.01s           2026-06-07T15:06:41                       3
================================================================================
[2026-06-07T15:07:12.805+0000] {manager.py:997} INFO - 
================================================================================
DAG File Processing Stats

File Path                                 PID    Runtime      # DAGs    # Errors  Last Runtime    Last Run               Last # of DB Queries
----------------------------------------  -----  ---------  --------  ----------  --------------  -------------------  ----------------------
/opt/airflow/dags/process_reviews_dag.py                           0           0  0.82s           2026-06-07T15:07:12                       3
================================================================================
[2026-06-07T15:07:43.859+0000] {manager.py:997} INFO - 
================================================================================
DAG File Processing Stats

File Path                                 PID    Runtime      # DAGs    # Errors  Last Runtime    Last Run               Last # of DB Queries
----------------------------------------  -----  ---------  --------  ----------  --------------  -------------------  ----------------------
/opt/airflow/dags/process_reviews_dag.py                           0           0  0.91s           2026-06-07T15:07:43                       3
================================================================================
[2026-06-07T15:08:14.939+0000] {manager.py:997} INFO - 
================================================================================
DAG File Processing Stats

File Path                                 PID    Runtime      # DAGs    # Errors  Last Runtime    Last Run               Last # of DB Queries
----------------------------------------  -----  ---------  --------  ----------  --------------  -------------------  ----------------------
/opt/airflow/dags/process_reviews_dag.py                           0           0  0.92s           2026-06-07T15:08:14                       3
================================================================================
[2026-06-07T15:08:46.033+0000] {manager.py:997} INFO - 
================================================================================
DAG File Processing Stats

File Path                                 PID    Runtime      # DAGs    # Errors  Last Runtime    Last Run               Last # of DB Queries
----------------------------------------  -----  ---------  --------  ----------  --------------  -------------------  ----------------------
/opt/airflow/dags/process_reviews_dag.py                           0           0  0.92s           2026-06-07T15:08:46                       3
================================================================================
[2026-06-07T15:09:17.326+0000] {manager.py:997} INFO - 
================================================================================
DAG File Processing Stats

File Path                                 PID    Runtime      # DAGs    # Errors  Last Runtime    Last Run               Last # of DB Queries
----------------------------------------  -----  ---------  --------  ----------  --------------  -------------------  ----------------------
/opt/airflow/dags/process_reviews_dag.py                           0           0  1.11s           2026-06-07T15:09:17                       3
================================================================================
[2026-06-07T15:09:48.623+0000] {manager.py:997} INFO - 
================================================================================
DAG File Processing Stats

File Path                                 PID    Runtime      # DAGs    # Errors  Last Runtime    Last Run               Last # of DB Queries
----------------------------------------  -----  ---------  --------  ----------  --------------  -------------------  ----------------------
/opt/airflow/dags/process_reviews_dag.py                           0           0  1.11s           2026-06-07T15:09:48                       3
================================================================================
[2026-06-07T15:10:11.096+0000] {manager.py:821} INFO - Searching for files in /opt/airflow/dags
[2026-06-07T15:10:11.171+0000] {manager.py:824} INFO - There are 1 files in /opt/airflow/dags
[2026-06-07T15:10:19.684+0000] {manager.py:997} INFO - 
================================================================================
DAG File Processing Stats

File Path                                 PID    Runtime      # DAGs    # Errors  Last Runtime    Last Run               Last # of DB Queries
----------------------------------------  -----  ---------  --------  ----------  --------------  -------------------  ----------------------
/opt/airflow/dags/process_reviews_dag.py                           0           0  0.91s           2026-06-07T15:10:19                       3
================================================================================
[2026-06-07T15:10:50.807+0000] {manager.py:997} INFO - 
================================================================================
DAG File Processing Stats

File Path                                 PID    Runtime      # DAGs    # Errors  Last Runtime    Last Run               Last # of DB Queries
----------------------------------------  -----  ---------  --------  ----------  --------------  -------------------  ----------------------
/opt/airflow/dags/process_reviews_dag.py                           0           0  0.93s           2026-06-07T15:10:50                       3
================================================================================
[2026-06-07T15:11:21.904+0000] {manager.py:997} INFO - 
================================================================================
DAG File Processing Stats

File Path                                 PID    Runtime      # DAGs    # Errors  Last Runtime    Last Run               Last # of DB Queries
----------------------------------------  -----  ---------  --------  ----------  --------------  -------------------  ----------------------
/opt/airflow/dags/process_reviews_dag.py                           0           0  0.91s           2026-06-07T15:11:21                       3
================================================================================
[2026-06-07T15:11:52.983+0000] {manager.py:997} INFO - 
================================================================================
DAG File Processing Stats

File Path                                 PID    Runtime      # DAGs    # Errors  Last Runtime    Last Run               Last # of DB Queries
----------------------------------------  -----  ---------  --------  ----------  --------------  -------------------  ----------------------
/opt/airflow/dags/process_reviews_dag.py                           0           0  0.91s           2026-06-07T15:11:52                       3
================================================================================
[2026-06-07T15:12:23.991+0000] {manager.py:997} INFO - 
================================================================================
DAG File Processing Stats

File Path                                 PID    Runtime      # DAGs    # Errors  Last Runtime    Last Run               Last # of DB Queries
----------------------------------------  -----  ---------  --------  ----------  --------------  -------------------  ----------------------
/opt/airflow/dags/process_reviews_dag.py                           0           0  0.82s           2026-06-07T15:12:23                       3
================================================================================
[2026-06-07T15:12:55.487+0000] {manager.py:997} INFO - 
================================================================================
DAG File Processing Stats

File Path                                 PID    Runtime      # DAGs    # Errors  Last Runtime    Last Run               Last # of DB Queries
----------------------------------------  -----  ---------  --------  ----------  --------------  -------------------  ----------------------
/opt/airflow/dags/process_reviews_dag.py                           0           0  1.31s           2026-06-07T15:12:55                       3
================================================================================
[2026-06-07T15:13:26.481+0000] {manager.py:997} INFO - 
================================================================================
DAG File Processing Stats

File Path                                 PID    Runtime      # DAGs    # Errors  Last Runtime    Last Run               Last # of DB Queries
----------------------------------------  -----  ---------  --------  ----------  --------------  -------------------  ----------------------
/opt/airflow/dags/process_reviews_dag.py                           0           0  0.82s           2026-06-07T15:13:26                       3
================================================================================
[2026-06-07T15:13:57.347+0000] {manager.py:997} INFO - 
================================================================================
DAG File Processing Stats

File Path                                 PID    Runtime      # DAGs    # Errors  Last Runtime    Last Run               Last # of DB Queries
----------------------------------------  -----  ---------  --------  ----------  --------------  -------------------  ----------------------
/opt/airflow/dags/process_reviews_dag.py                           0           0  0.72s           2026-06-07T15:13:57                       3
================================================================================
[2026-06-07T15:14:28.545+0000] {manager.py:997} INFO - 
================================================================================
DAG File Processing Stats

File Path                                 PID    Runtime      # DAGs    # Errors  Last Runtime    Last Run               Last # of DB Queries
----------------------------------------  -----  ---------  --------  ----------  --------------  -------------------  ----------------------
/opt/airflow/dags/process_reviews_dag.py                           0           0  1.03s           2026-06-07T15:14:28                       3
================================================================================
[2026-06-07T15:14:59.913+0000] {manager.py:997} INFO - 
================================================================================
DAG File Processing Stats

File Path                                 PID    Runtime      # DAGs    # Errors  Last Runtime    Last Run               Last # of DB Queries
----------------------------------------  -----  ---------  --------  ----------  --------------  -------------------  ----------------------
/opt/airflow/dags/process_reviews_dag.py                           0           0  1.14s           2026-06-07T15:14:59                       3
================================================================================
[2026-06-07T15:15:11.136+0000] {manager.py:821} INFO - Searching for files in /opt/airflow/dags
[2026-06-07T15:15:11.191+0000] {manager.py:824} INFO - There are 1 files in /opt/airflow/dags
[2026-06-07T15:15:30.894+0000] {manager.py:997} INFO - 
================================================================================
DAG File Processing Stats

File Path                                 PID    Runtime      # DAGs    # Errors  Last Runtime    Last Run               Last # of DB Queries
----------------------------------------  -----  ---------  --------  ----------  --------------  -------------------  ----------------------
/opt/airflow/dags/process_reviews_dag.py                           0           0  0.82s           2026-06-07T15:15:30                       3
================================================================================
[2026-06-07T15:16:01.960+0000] {manager.py:997} INFO - 
================================================================================
DAG File Processing Stats

File Path                                 PID    Runtime      # DAGs    # Errors  Last Runtime    Last Run               Last # of DB Queries
----------------------------------------  -----  ---------  --------  ----------  --------------  -------------------  ----------------------
/opt/airflow/dags/process_reviews_dag.py                           0           0  0.91s           2026-06-07T15:16:01                       3
================================================================================
[2026-06-07T15:16:33.025+0000] {manager.py:997} INFO - 
================================================================================
DAG File Processing Stats

File Path                                 PID    Runtime      # DAGs    # Errors  Last Runtime    Last Run               Last # of DB Queries
----------------------------------------  -----  ---------  --------  ----------  --------------  -------------------  ----------------------
/opt/airflow/dags/process_reviews_dag.py                           0           0  0.91s           2026-06-07T15:16:33                       3
================================================================================
[2026-06-07T15:17:03.910+0000] {manager.py:997} INFO - 
================================================================================
DAG File Processing Stats

File Path                                 PID    Runtime      # DAGs    # Errors  Last Runtime    Last Run               Last # of DB Queries
----------------------------------------  -----  ---------  --------  ----------  --------------  -------------------  ----------------------
/opt/airflow/dags/process_reviews_dag.py                           0           0  0.73s           2026-06-07T15:17:03                       3
================================================================================
[2026-06-07T15:17:34.879+0000] {manager.py:997} INFO - 
================================================================================
DAG File Processing Stats

File Path                                 PID    Runtime      # DAGs    # Errors  Last Runtime    Last Run               Last # of DB Queries
----------------------------------------  -----  ---------  --------  ----------  --------------  -------------------  ----------------------
/opt/airflow/dags/process_reviews_dag.py                           0           0  0.81s           2026-06-07T15:17:34                       3
================================================================================
[2026-06-07T15:18:05.874+0000] {manager.py:997} INFO - 
================================================================================
DAG File Processing Stats

File Path                                 PID    Runtime      # DAGs    # Errors  Last Runtime    Last Run               Last # of DB Queries
----------------------------------------  -----  ---------  --------  ----------  --------------  -------------------  ----------------------
/opt/airflow/dags/process_reviews_dag.py                           0           0  0.82s           2026-06-07T15:18:05                       3
================================================================================
[2026-06-07T15:18:36.867+0000] {manager.py:997} INFO - 
================================================================================
DAG File Processing Stats

File Path                                 PID    Runtime      # DAGs    # Errors  Last Runtime    Last Run               Last # of DB Queries
----------------------------------------  -----  ---------  --------  ----------  --------------  -------------------  ----------------------
/opt/airflow/dags/process_reviews_dag.py                           0           0  0.83s           2026-06-07T15:18:36                       3
================================================================================
[2026-06-07T15:19:07.845+0000] {manager.py:997} INFO - 
================================================================================
DAG File Processing Stats

File Path                                 PID    Runtime      # DAGs    # Errors  Last Runtime    Last Run               Last # of DB Queries
----------------------------------------  -----  ---------  --------  ----------  --------------  -------------------  ----------------------
/opt/airflow/dags/process_reviews_dag.py                           0           0  0.81s           2026-06-07T15:19:07                       3
================================================================================
[2026-06-07T15:19:38.909+0000] {manager.py:997} INFO - 
================================================================================
DAG File Processing Stats

File Path                                 PID    Runtime      # DAGs    # Errors  Last Runtime    Last Run               Last # of DB Queries
----------------------------------------  -----  ---------  --------  ----------  --------------  -------------------  ----------------------
/opt/airflow/dags/process_reviews_dag.py                           0           0  0.92s           2026-06-07T15:19:38                       3
================================================================================
[2026-06-07T15:20:10.084+0000] {manager.py:997} INFO - 
================================================================================
DAG File Processing Stats

File Path                                 PID    Runtime      # DAGs    # Errors  Last Runtime    Last Run               Last # of DB Queries
----------------------------------------  -----  ---------  --------  ----------  --------------  -------------------  ----------------------
/opt/airflow/dags/process_reviews_dag.py                           0           0  1.01s           2026-06-07T15:20:10                       3
================================================================================
[2026-06-07T15:20:11.188+0000] {manager.py:821} INFO - Searching for files in /opt/airflow/dags
[2026-06-07T15:20:11.241+0000] {manager.py:824} INFO - There are 1 files in /opt/airflow/dags
[2026-06-07T15:20:41.265+0000] {manager.py:997} INFO - 
================================================================================
DAG File Processing Stats

File Path                                 PID    Runtime      # DAGs    # Errors  Last Runtime    Last Run               Last # of DB Queries
----------------------------------------  -----  ---------  --------  ----------  --------------  -------------------  ----------------------
/opt/airflow/dags/process_reviews_dag.py                           0           0  1.02s           2026-06-07T15:20:41                       3
================================================================================
[2026-06-07T15:21:12.573+0000] {manager.py:997} INFO - 
================================================================================
DAG File Processing Stats

File Path                                 PID    Runtime      # DAGs    # Errors  Last Runtime    Last Run               Last # of DB Queries
----------------------------------------  -----  ---------  --------  ----------  --------------  -------------------  ----------------------
/opt/airflow/dags/process_reviews_dag.py                           0           0  1.11s           2026-06-07T15:21:12                       3
================================================================================
[2026-06-07T15:21:43.770+0000] {manager.py:997} INFO - 
================================================================================
DAG File Processing Stats

File Path                                 PID    Runtime      # DAGs    # Errors  Last Runtime    Last Run               Last # of DB Queries
----------------------------------------  -----  ---------  --------  ----------  --------------  -------------------  ----------------------
/opt/airflow/dags/process_reviews_dag.py                           0           0  1.02s           2026-06-07T15:21:43                       3
================================================================================
[2026-06-07T15:22:14.762+0000] {manager.py:997} INFO - 
================================================================================
DAG File Processing Stats

File Path                                 PID    Runtime      # DAGs    # Errors  Last Runtime    Last Run               Last # of DB Queries
----------------------------------------  -----  ---------  --------  ----------  --------------  -------------------  ----------------------
/opt/airflow/dags/process_reviews_dag.py                           0           0  0.81s           2026-06-07T15:22:14                       3
================================================================================
[2026-06-07T15:22:45.729+0000] {manager.py:997} INFO - 
================================================================================
DAG File Processing Stats

File Path                                 PID    Runtime      # DAGs    # Errors  Last Runtime    Last Run               Last # of DB Queries
----------------------------------------  -----  ---------  --------  ----------  --------------  -------------------  ----------------------
/opt/airflow/dags/process_reviews_dag.py                           0           0  0.81s           2026-06-07T15:22:45                       3
================================================================================
[2026-06-07T15:23:16.824+0000] {manager.py:997} INFO - 
================================================================================
DAG File Processing Stats

File Path                                 PID    Runtime      # DAGs    # Errors  Last Runtime    Last Run               Last # of DB Queries
----------------------------------------  -----  ---------  --------  ----------  --------------  -------------------  ----------------------
/opt/airflow/dags/process_reviews_dag.py                           0           0  0.91s           2026-06-07T15:23:16                       3
================================================================================
[2026-06-07T15:23:47.821+0000] {manager.py:997} INFO - 
================================================================================
DAG File Processing Stats

File Path                                 PID    Runtime      # DAGs    # Errors  Last Runtime    Last Run               Last # of DB Queries
----------------------------------------  -----  ---------  --------  ----------  --------------  -------------------  ----------------------
/opt/airflow/dags/process_reviews_dag.py                           0           0  0.81s           2026-06-07T15:23:47                       3
================================================================================
[2026-06-07T15:24:18.686+0000] {manager.py:997} INFO - 
================================================================================
DAG File Processing Stats

File Path                                 PID    Runtime      # DAGs    # Errors  Last Runtime    Last Run               Last # of DB Queries
----------------------------------------  -----  ---------  --------  ----------  --------------  -------------------  ----------------------
/opt/airflow/dags/process_reviews_dag.py                           0           0  0.71s           2026-06-07T15:24:18                       3
================================================================================
[2026-06-07T15:24:49.648+0000] {manager.py:997} INFO - 
================================================================================
DAG File Processing Stats

File Path                                 PID    Runtime      # DAGs    # Errors  Last Runtime    Last Run               Last # of DB Queries
----------------------------------------  -----  ---------  --------  ----------  --------------  -------------------  ----------------------
/opt/airflow/dags/process_reviews_dag.py                           0           0  0.81s           2026-06-07T15:24:49                       3
================================================================================
[2026-06-07T15:25:12.035+0000] {manager.py:821} INFO - Searching for files in /opt/airflow/dags
[2026-06-07T15:25:12.072+0000] {manager.py:824} INFO - There are 1 files in /opt/airflow/dags
[2026-06-07T15:25:20.394+0000] {manager.py:997} INFO - 
================================================================================
DAG File Processing Stats

File Path                                 PID    Runtime      # DAGs    # Errors  Last Runtime    Last Run               Last # of DB Queries
----------------------------------------  -----  ---------  --------  ----------  --------------  -------------------  ----------------------
/opt/airflow/dags/process_reviews_dag.py                           0           0  0.61s           2026-06-07T15:25:20                       3
================================================================================
[2026-06-07T15:25:51.106+0000] {manager.py:997} INFO - 
================================================================================
DAG File Processing Stats

File Path                                 PID    Runtime      # DAGs    # Errors  Last Runtime    Last Run               Last # of DB Queries
----------------------------------------  -----  ---------  --------  ----------  --------------  -------------------  ----------------------
/opt/airflow/dags/process_reviews_dag.py                           0           0  0.61s           2026-06-07T15:25:51                       3
================================================================================
[2026-06-07T15:26:21.825+0000] {manager.py:997} INFO - 
================================================================================
DAG File Processing Stats

File Path                                 PID    Runtime      # DAGs    # Errors  Last Runtime    Last Run               Last # of DB Queries
----------------------------------------  -----  ---------  --------  ----------  --------------  -------------------  ----------------------
/opt/airflow/dags/process_reviews_dag.py                           0           0  0.61s           2026-06-07T15:26:21                       3
================================================================================
[2026-06-07T15:26:52.446+0000] {manager.py:997} INFO - 
================================================================================
DAG File Processing Stats

File Path                                 PID    Runtime      # DAGs    # Errors  Last Runtime    Last Run               Last # of DB Queries
----------------------------------------  -----  ---------  --------  ----------  --------------  -------------------  ----------------------
/opt/airflow/dags/process_reviews_dag.py                           0           0  0.51s           2026-06-07T15:26:52                       3
================================================================================
[2026-06-07T15:27:23.157+0000] {manager.py:997} INFO - 
================================================================================
DAG File Processing Stats

File Path                                 PID    Runtime      # DAGs    # Errors  Last Runtime    Last Run               Last # of DB Queries
----------------------------------------  -----  ---------  --------  ----------  --------------  -------------------  ----------------------
/opt/airflow/dags/process_reviews_dag.py                           0           0  0.61s           2026-06-07T15:27:23                       3
================================================================================
[2026-06-07T15:27:53.873+0000] {manager.py:997} INFO - 
================================================================================
DAG File Processing Stats

File Path                                 PID    Runtime      # DAGs    # Errors  Last Runtime    Last Run               Last # of DB Queries
----------------------------------------  -----  ---------  --------  ----------  --------------  -------------------  ----------------------
/opt/airflow/dags/process_reviews_dag.py                           0           0  0.61s           2026-06-07T15:27:53                       3
================================================================================
[2026-06-07T15:28:26.240+0000] {manager.py:997} INFO - 
================================================================================
DAG File Processing Stats

File Path                                 PID    Runtime      # DAGs    # Errors  Last Runtime    Last Run               Last # of DB Queries
----------------------------------------  -----  ---------  --------  ----------  --------------  -------------------  ----------------------
/opt/airflow/dags/process_reviews_dag.py                           0           0  2.24s           2026-06-07T15:28:26                       3
================================================================================
[2026-06-07T15:28:57.501+0000] {manager.py:997} INFO - 
================================================================================
DAG File Processing Stats

File Path                                 PID    Runtime      # DAGs    # Errors  Last Runtime    Last Run               Last # of DB Queries
----------------------------------------  -----  ---------  --------  ----------  --------------  -------------------  ----------------------
/opt/airflow/dags/process_reviews_dag.py                           0           0  1.11s           2026-06-07T15:28:57                       3
================================================================================
[2026-06-07T15:29:28.222+0000] {manager.py:997} INFO - 
================================================================================
DAG File Processing Stats

File Path                                 PID    Runtime      # DAGs    # Errors  Last Runtime    Last Run               Last # of DB Queries
----------------------------------------  -----  ---------  --------  ----------  --------------  -------------------  ----------------------
/opt/airflow/dags/process_reviews_dag.py                           0           0  0.61s           2026-06-07T15:29:28                       3
================================================================================
[2026-06-07T15:29:58.945+0000] {manager.py:997} INFO - 
================================================================================
DAG File Processing Stats

File Path                                 PID    Runtime      # DAGs    # Errors  Last Runtime    Last Run               Last # of DB Queries
----------------------------------------  -----  ---------  --------  ----------  --------------  -------------------  ----------------------
/opt/airflow/dags/process_reviews_dag.py                           0           0  0.61s           2026-06-07T15:29:58                       3
================================================================================
[2026-06-07T15:30:12.197+0000] {manager.py:821} INFO - Searching for files in /opt/airflow/dags
[2026-06-07T15:30:12.247+0000] {manager.py:824} INFO - There are 1 files in /opt/airflow/dags
[2026-06-07T15:30:29.665+0000] {manager.py:997} INFO - 
================================================================================
DAG File Processing Stats

File Path                                 PID    Runtime      # DAGs    # Errors  Last Runtime    Last Run               Last # of DB Queries
----------------------------------------  -----  ---------  --------  ----------  --------------  -------------------  ----------------------
/opt/airflow/dags/process_reviews_dag.py                           0           0  0.61s           2026-06-07T15:30:29                       3
================================================================================
[2026-06-07T15:31:00.306+0000] {manager.py:997} INFO - 
================================================================================
DAG File Processing Stats

File Path                                 PID    Runtime      # DAGs    # Errors  Last Runtime    Last Run               Last # of DB Queries
----------------------------------------  -----  ---------  --------  ----------  --------------  -------------------  ----------------------
/opt/airflow/dags/process_reviews_dag.py                           0           0  0.61s           2026-06-07T15:31:00                       3
================================================================================
[2026-06-07T15:31:31.029+0000] {manager.py:997} INFO - 
================================================================================
DAG File Processing Stats

File Path                                 PID    Runtime      # DAGs    # Errors  Last Runtime    Last Run               Last # of DB Queries
----------------------------------------  -----  ---------  --------  ----------  --------------  -------------------  ----------------------
/opt/airflow/dags/process_reviews_dag.py                           0           0  0.61s           2026-06-07T15:31:31                       3
================================================================================
[2026-06-07T15:32:01.747+0000] {manager.py:997} INFO - 
================================================================================
DAG File Processing Stats

File Path                                 PID    Runtime      # DAGs    # Errors  Last Runtime    Last Run               Last # of DB Queries
----------------------------------------  -----  ---------  --------  ----------  --------------  -------------------  ----------------------
/opt/airflow/dags/process_reviews_dag.py                           0           0  0.61s           2026-06-07T15:32:01                       3
================================================================================
[2026-06-07T15:32:32.454+0000] {manager.py:997} INFO - 
================================================================================
DAG File Processing Stats

File Path                                 PID    Runtime      # DAGs    # Errors  Last Runtime    Last Run               Last # of DB Queries
----------------------------------------  -----  ---------  --------  ----------  --------------  -------------------  ----------------------
/opt/airflow/dags/process_reviews_dag.py                           0           0  0.61s           2026-06-07T15:32:32                       3
================================================================================
[2026-06-07T15:33:03.173+0000] {manager.py:997} INFO - 
================================================================================
DAG File Processing Stats

File Path                                 PID    Runtime      # DAGs    # Errors  Last Runtime    Last Run               Last # of DB Queries
----------------------------------------  -----  ---------  --------  ----------  --------------  -------------------  ----------------------
/opt/airflow/dags/process_reviews_dag.py                           0           0  0.61s           2026-06-07T15:33:03                       3
================================================================================
[2026-06-07T15:33:33.892+0000] {manager.py:997} INFO - 
================================================================================
DAG File Processing Stats

File Path                                 PID    Runtime      # DAGs    # Errors  Last Runtime    Last Run               Last # of DB Queries
----------------------------------------  -----  ---------  --------  ----------  --------------  -------------------  ----------------------
/opt/airflow/dags/process_reviews_dag.py                           0           0  0.61s           2026-06-07T15:33:33                       3
================================================================================
[2026-06-07T15:34:04.721+0000] {manager.py:997} INFO - 
================================================================================
DAG File Processing Stats

File Path                                 PID    Runtime      # DAGs    # Errors  Last Runtime    Last Run               Last # of DB Queries
----------------------------------------  -----  ---------  --------  ----------  --------------  -------------------  ----------------------
/opt/airflow/dags/process_reviews_dag.py                           0           0  0.71s           2026-06-07T15:34:04                       3
================================================================================
[2026-06-07T15:34:35.436+0000] {manager.py:997} INFO - 
================================================================================
DAG File Processing Stats

File Path                                 PID    Runtime      # DAGs    # Errors  Last Runtime    Last Run               Last # of DB Queries
----------------------------------------  -----  ---------  --------  ----------  --------------  -------------------  ----------------------
/opt/airflow/dags/process_reviews_dag.py                           0           0  0.61s           2026-06-07T15:34:35                       3
================================================================================
[2026-06-07T15:35:06.252+0000] {manager.py:997} INFO - 
================================================================================
DAG File Processing Stats

File Path                                 PID    Runtime      # DAGs    # Errors  Last Runtime    Last Run               Last # of DB Queries
----------------------------------------  -----  ---------  --------  ----------  --------------  -------------------  ----------------------
/opt/airflow/dags/process_reviews_dag.py                           0           0  0.71s           2026-06-07T15:35:06                       3
================================================================================
[2026-06-07T15:35:12.358+0000] {manager.py:821} INFO - Searching for files in /opt/airflow/dags
[2026-06-07T15:35:12.398+0000] {manager.py:824} INFO - There are 1 files in /opt/airflow/dags
[2026-06-07T15:35:36.953+0000] {manager.py:997} INFO - 
================================================================================
DAG File Processing Stats

File Path                                 PID    Runtime      # DAGs    # Errors  Last Runtime    Last Run               Last # of DB Queries
----------------------------------------  -----  ---------  --------  ----------  --------------  -------------------  ----------------------
/opt/airflow/dags/process_reviews_dag.py                           0           0  0.61s           2026-06-07T15:35:36                       3
================================================================================
[2026-06-07T15:36:07.789+0000] {manager.py:997} INFO - 
================================================================================
DAG File Processing Stats

File Path                                 PID    Runtime      # DAGs    # Errors  Last Runtime    Last Run               Last # of DB Queries
----------------------------------------  -----  ---------  --------  ----------  --------------  -------------------  ----------------------
/opt/airflow/dags/process_reviews_dag.py                           0           0  0.71s           2026-06-07T15:36:07                       3
================================================================================
[2026-06-07T15:36:38.504+0000] {manager.py:997} INFO - 
================================================================================
DAG File Processing Stats

File Path                                 PID    Runtime      # DAGs    # Errors  Last Runtime    Last Run               Last # of DB Queries
----------------------------------------  -----  ---------  --------  ----------  --------------  -------------------  ----------------------
/opt/airflow/dags/process_reviews_dag.py                           0           0  0.61s           2026-06-07T15:36:38                       3
================================================================================
[2026-06-07T15:37:09.329+0000] {manager.py:997} INFO - 
================================================================================
DAG File Processing Stats

File Path                                 PID    Runtime      # DAGs    # Errors  Last Runtime    Last Run               Last # of DB Queries
----------------------------------------  -----  ---------  --------  ----------  --------------  -------------------  ----------------------
/opt/airflow/dags/process_reviews_dag.py                           0           0  0.71s           2026-06-07T15:37:09                       3
================================================================================
[2026-06-07T15:37:40.138+0000] {manager.py:997} INFO - 
================================================================================
DAG File Processing Stats

File Path                                 PID    Runtime      # DAGs    # Errors  Last Runtime    Last Run               Last # of DB Queries
----------------------------------------  -----  ---------  --------  ----------  --------------  -------------------  ----------------------
/opt/airflow/dags/process_reviews_dag.py                           0           0  0.71s           2026-06-07T15:37:40                       3
================================================================================
[2026-06-07T15:38:10.868+0000] {manager.py:997} INFO - 
================================================================================
DAG File Processing Stats

File Path                                 PID    Runtime      # DAGs    # Errors  Last Runtime    Last Run               Last # of DB Queries
----------------------------------------  -----  ---------  --------  ----------  --------------  -------------------  ----------------------
/opt/airflow/dags/process_reviews_dag.py                           0           0  0.61s           2026-06-07T15:38:10                       3
================================================================================
[2026-06-07T15:38:41.597+0000] {manager.py:997} INFO - 
================================================================================
DAG File Processing Stats

File Path                                 PID    Runtime      # DAGs    # Errors  Last Runtime    Last Run               Last # of DB Queries
----------------------------------------  -----  ---------  --------  ----------  --------------  -------------------  ----------------------
/opt/airflow/dags/process_reviews_dag.py                           0           0  0.61s           2026-06-07T15:38:41                       3
================================================================================
[2026-06-07T15:39:12.411+0000] {manager.py:997} INFO - 
================================================================================
DAG File Processing Stats

File Path                                 PID    Runtime      # DAGs    # Errors  Last Runtime    Last Run               Last # of DB Queries
----------------------------------------  -----  ---------  --------  ----------  --------------  -------------------  ----------------------
/opt/airflow/dags/process_reviews_dag.py                           0           0  0.71s           2026-06-07T15:39:12                       3
================================================================================
[2026-06-07T15:39:43.145+0000] {manager.py:997} INFO - 
================================================================================
DAG File Processing Stats

File Path                                 PID    Runtime      # DAGs    # Errors  Last Runtime    Last Run               Last # of DB Queries
----------------------------------------  -----  ---------  --------  ----------  --------------  -------------------  ----------------------
/opt/airflow/dags/process_reviews_dag.py                           0           0  0.61s           2026-06-07T15:39:43                       3
================================================================================
[2026-06-07T15:40:12.531+0000] {manager.py:821} INFO - Searching for files in /opt/airflow/dags
[2026-06-07T15:40:12.570+0000] {manager.py:824} INFO - There are 1 files in /opt/airflow/dags
[2026-06-07T15:40:13.866+0000] {manager.py:997} INFO - 
================================================================================
DAG File Processing Stats

File Path                                 PID    Runtime      # DAGs    # Errors  Last Runtime    Last Run               Last # of DB Queries
----------------------------------------  -----  ---------  --------  ----------  --------------  -------------------  ----------------------
/opt/airflow/dags/process_reviews_dag.py                           0           0  0.61s           2026-06-07T15:40:13                       3
================================================================================
[2026-06-07T15:40:44.577+0000] {manager.py:997} INFO - 
================================================================================
DAG File Processing Stats

File Path                                 PID    Runtime      # DAGs    # Errors  Last Runtime    Last Run               Last # of DB Queries
----------------------------------------  -----  ---------  --------  ----------  --------------  -------------------  ----------------------
/opt/airflow/dags/process_reviews_dag.py                           0           0  0.61s           2026-06-07T15:40:44                       3
================================================================================
[2026-06-07T15:41:15.304+0000] {manager.py:997} INFO - 
================================================================================
DAG File Processing Stats

File Path                                 PID    Runtime      # DAGs    # Errors  Last Runtime    Last Run               Last # of DB Queries
----------------------------------------  -----  ---------  --------  ----------  --------------  -------------------  ----------------------
/opt/airflow/dags/process_reviews_dag.py                           0           0  0.61s           2026-06-07T15:41:15                       3
================================================================================
[2026-06-07T15:41:46.113+0000] {manager.py:997} INFO - 
================================================================================
DAG File Processing Stats

File Path                                 PID    Runtime      # DAGs    # Errors  Last Runtime    Last Run               Last # of DB Queries
----------------------------------------  -----  ---------  --------  ----------  --------------  -------------------  ----------------------
/opt/airflow/dags/process_reviews_dag.py                           0           0  0.71s           2026-06-07T15:41:46                       3
================================================================================
[2026-06-07T15:42:16.813+0000] {manager.py:997} INFO - 
================================================================================
DAG File Processing Stats

File Path                                 PID    Runtime      # DAGs    # Errors  Last Runtime    Last Run               Last # of DB Queries
----------------------------------------  -----  ---------  --------  ----------  --------------  -------------------  ----------------------
/opt/airflow/dags/process_reviews_dag.py                           0           0  0.61s           2026-06-07T15:42:16                       3
================================================================================
[2026-06-07T15:42:47.530+0000] {manager.py:997} INFO - 
================================================================================
DAG File Processing Stats

File Path                                 PID    Runtime      # DAGs    # Errors  Last Runtime    Last Run               Last # of DB Queries
----------------------------------------  -----  ---------  --------  ----------  --------------  -------------------  ----------------------
/opt/airflow/dags/process_reviews_dag.py                           0           0  0.61s           2026-06-07T15:42:47                       3
================================================================================
[2026-06-07T15:43:18.348+0000] {manager.py:997} INFO - 
================================================================================
DAG File Processing Stats

File Path                                 PID    Runtime      # DAGs    # Errors  Last Runtime    Last Run               Last # of DB Queries
----------------------------------------  -----  ---------  --------  ----------  --------------  -------------------  ----------------------
/opt/airflow/dags/process_reviews_dag.py                           0           0  0.71s           2026-06-07T15:43:18                       3
================================================================================
[2026-06-07T15:43:49.084+0000] {manager.py:997} INFO - 
================================================================================
DAG File Processing Stats

File Path                                 PID    Runtime      # DAGs    # Errors  Last Runtime    Last Run               Last # of DB Queries
----------------------------------------  -----  ---------  --------  ----------  --------------  -------------------  ----------------------
/opt/airflow/dags/process_reviews_dag.py                           0           0  0.61s           2026-06-07T15:43:49                       3
================================================================================
[2026-06-07T15:44:19.910+0000] {manager.py:997} INFO - 
================================================================================
DAG File Processing Stats

File Path                                 PID    Runtime      # DAGs    # Errors  Last Runtime    Last Run               Last # of DB Queries
----------------------------------------  -----  ---------  --------  ----------  --------------  -------------------  ----------------------
/opt/airflow/dags/process_reviews_dag.py                           0           0  0.71s           2026-06-07T15:44:19                       3
================================================================================
[2026-06-07T15:44:50.628+0000] {manager.py:997} INFO - 
================================================================================
DAG File Processing Stats

File Path                                 PID    Runtime      # DAGs    # Errors  Last Runtime    Last Run               Last # of DB Queries
----------------------------------------  -----  ---------  --------  ----------  --------------  -------------------  ----------------------
/opt/airflow/dags/process_reviews_dag.py                           0           0  0.61s           2026-06-07T15:44:50                       3
================================================================================
[2026-06-07T15:45:12.938+0000] {manager.py:821} INFO - Searching for files in /opt/airflow/dags
[2026-06-07T15:45:12.983+0000] {manager.py:824} INFO - There are 1 files in /opt/airflow/dags
[2026-06-07T15:45:21.414+0000] {manager.py:997} INFO - 
================================================================================
DAG File Processing Stats

File Path                                 PID    Runtime      # DAGs    # Errors  Last Runtime    Last Run               Last # of DB Queries
----------------------------------------  -----  ---------  --------  ----------  --------------  -------------------  ----------------------
/opt/airflow/dags/process_reviews_dag.py                           0           0  0.61s           2026-06-07T15:45:21                       3
================================================================================
[2026-06-07T15:45:52.138+0000] {manager.py:997} INFO - 
================================================================================
DAG File Processing Stats

File Path                                 PID    Runtime      # DAGs    # Errors  Last Runtime    Last Run               Last # of DB Queries
----------------------------------------  -----  ---------  --------  ----------  --------------  -------------------  ----------------------
/opt/airflow/dags/process_reviews_dag.py                           0           0  0.61s           2026-06-07T15:45:52                       3
================================================================================
[2026-06-07T15:46:22.953+0000] {manager.py:997} INFO - 
================================================================================
DAG File Processing Stats

File Path                                 PID    Runtime      # DAGs    # Errors  Last Runtime    Last Run               Last # of DB Queries
----------------------------------------  -----  ---------  --------  ----------  --------------  -------------------  ----------------------
/opt/airflow/dags/process_reviews_dag.py                           0           0  0.71s           2026-06-07T15:46:22                       3
================================================================================
[2026-06-07T15:47:34.828+0000] {manager.py:483} INFO - Processing files using up to 1 processes at a time 
[2026-06-07T15:47:34.829+0000] {manager.py:484} INFO - Process each file at most once every 30 seconds
[2026-06-07T15:47:34.829+0000] {manager.py:485} INFO - Checking for new files in /opt/airflow/dags every 300 seconds
[2026-06-07T15:47:34.831+0000] {manager.py:821} INFO - Searching for files in /opt/airflow/dags
[2026-06-07T15:47:34.861+0000] {manager.py:824} INFO - There are 1 files in /opt/airflow/dags
[2026-06-07T15:47:36.990+0000] {manager.py:997} INFO - 
================================================================================
DAG File Processing Stats

File Path                                 PID    Runtime      # DAGs    # Errors  Last Runtime    Last Run               Last # of DB Queries
----------------------------------------  -----  ---------  --------  ----------  --------------  -------------------  ----------------------
/opt/airflow/dags/process_reviews_dag.py                           0           0  2.02s           2026-06-07T15:47:36                       3
================================================================================
[2026-06-07T15:48:07.855+0000] {manager.py:997} INFO - 
================================================================================
DAG File Processing Stats

File Path                                 PID    Runtime      # DAGs    # Errors  Last Runtime    Last Run               Last # of DB Queries
----------------------------------------  -----  ---------  --------  ----------  --------------  -------------------  ----------------------
/opt/airflow/dags/process_reviews_dag.py                           0           0  0.71s           2026-06-07T15:48:07                       3
================================================================================
[2026-06-07T15:48:39.563+0000] {manager.py:997} INFO - 
================================================================================
DAG File Processing Stats

File Path                                 PID    Runtime      # DAGs    # Errors  Last Runtime    Last Run               Last # of DB Queries
----------------------------------------  -----  ---------  --------  ----------  --------------  -------------------  ----------------------
/opt/airflow/dags/process_reviews_dag.py                           0           0  1.02s           2026-06-07T15:48:39                       3
================================================================================
[2026-06-07T15:49:10.776+0000] {manager.py:997} INFO - 
================================================================================
DAG File Processing Stats

File Path                                 PID    Runtime      # DAGs    # Errors  Last Runtime    Last Run               Last # of DB Queries
----------------------------------------  -----  ---------  --------  ----------  --------------  -------------------  ----------------------
/opt/airflow/dags/process_reviews_dag.py                           0           0  0.82s           2026-06-07T15:49:10                       3
================================================================================
[2026-06-07T15:49:41.724+0000] {manager.py:997} INFO - 
================================================================================
DAG File Processing Stats

File Path                                 PID    Runtime      # DAGs    # Errors  Last Runtime    Last Run               Last # of DB Queries
----------------------------------------  -----  ---------  --------  ----------  --------------  -------------------  ----------------------
/opt/airflow/dags/process_reviews_dag.py                           0           0  0.61s           2026-06-07T15:49:41                       3
================================================================================
[2026-06-07T15:50:12.709+0000] {manager.py:997} INFO - 
================================================================================
DAG File Processing Stats

File Path                                 PID    Runtime      # DAGs    # Errors  Last Runtime    Last Run               Last # of DB Queries
----------------------------------------  -----  ---------  --------  ----------  --------------  -------------------  ----------------------
/opt/airflow/dags/process_reviews_dag.py                           0           0  0.61s           2026-06-07T15:50:12                       3
================================================================================
[2026-06-07T15:50:43.777+0000] {manager.py:997} INFO - 
================================================================================
DAG File Processing Stats

File Path                                 PID    Runtime      # DAGs    # Errors  Last Runtime    Last Run               Last # of DB Queries
----------------------------------------  -----  ---------  --------  ----------  --------------  -------------------  ----------------------
/opt/airflow/dags/process_reviews_dag.py                           0           0  0.71s           2026-06-07T15:50:43                       3
================================================================================
[2026-06-07T15:51:14.721+0000] {manager.py:997} INFO - 
================================================================================
DAG File Processing Stats

File Path                                 PID    Runtime      # DAGs    # Errors  Last Runtime    Last Run               Last # of DB Queries
----------------------------------------  -----  ---------  --------  ----------  --------------  -------------------  ----------------------
/opt/airflow/dags/process_reviews_dag.py                           0           0  0.61s           2026-06-07T15:51:14                       3
================================================================================
[2026-06-07T15:51:45.869+0000] {manager.py:997} INFO - 
================================================================================
DAG File Processing Stats

File Path                                 PID    Runtime      # DAGs    # Errors  Last Runtime    Last Run               Last # of DB Queries
----------------------------------------  -----  ---------  --------  ----------  --------------  -------------------  ----------------------
/opt/airflow/dags/process_reviews_dag.py                           0           0  0.81s           2026-06-07T15:51:45                       3
================================================================================
[2026-06-07T15:52:16.743+0000] {manager.py:997} INFO - 
================================================================================
DAG File Processing Stats

File Path                                 PID    Runtime      # DAGs    # Errors  Last Runtime    Last Run               Last # of DB Queries
----------------------------------------  -----  ---------  --------  ----------  --------------  -------------------  ----------------------
/opt/airflow/dags/process_reviews_dag.py                           0           0  0.71s           2026-06-07T15:52:16                       3
================================================================================
[2026-06-07T15:52:34.989+0000] {manager.py:821} INFO - Searching for files in /opt/airflow/dags
[2026-06-07T15:52:35.022+0000] {manager.py:824} INFO - There are 1 files in /opt/airflow/dags
[2026-06-07T15:52:47.610+0000] {manager.py:997} INFO - 
================================================================================
DAG File Processing Stats

File Path                                 PID    Runtime      # DAGs    # Errors  Last Runtime    Last Run               Last # of DB Queries
----------------------------------------  -----  ---------  --------  ----------  --------------  -------------------  ----------------------
/opt/airflow/dags/process_reviews_dag.py                           0           0  0.71s           2026-06-07T15:52:47                       3
================================================================================
[2026-06-07T15:53:18.673+0000] {manager.py:997} INFO - 
================================================================================
DAG File Processing Stats

File Path                                 PID    Runtime      # DAGs    # Errors  Last Runtime    Last Run               Last # of DB Queries
----------------------------------------  -----  ---------  --------  ----------  --------------  -------------------  ----------------------
/opt/airflow/dags/process_reviews_dag.py                           1           0  0.91s           2026-06-07T15:53:18                      25
================================================================================
[2026-06-07T15:53:49.535+0000] {manager.py:997} INFO - 
================================================================================
DAG File Processing Stats

File Path                                 PID    Runtime      # DAGs    # Errors  Last Runtime    Last Run               Last # of DB Queries
----------------------------------------  -----  ---------  --------  ----------  --------------  -------------------  ----------------------
/opt/airflow/dags/process_reviews_dag.py                           1           0  0.71s           2026-06-07T15:53:49                      11
================================================================================
[2026-06-07T15:54:20.399+0000] {manager.py:997} INFO - 
================================================================================
DAG File Processing Stats

File Path                                 PID    Runtime      # DAGs    # Errors  Last Runtime    Last Run               Last # of DB Queries
----------------------------------------  -----  ---------  --------  ----------  --------------  -------------------  ----------------------
/opt/airflow/dags/process_reviews_dag.py                           1           0  0.71s           2026-06-07T15:54:20                      11
================================================================================
[2026-06-07T15:54:51.245+0000] {manager.py:997} INFO - 
================================================================================
DAG File Processing Stats

File Path                                 PID    Runtime      # DAGs    # Errors  Last Runtime    Last Run               Last # of DB Queries
----------------------------------------  -----  ---------  --------  ----------  --------------  -------------------  ----------------------
/opt/airflow/dags/process_reviews_dag.py                           1           0  0.71s           2026-06-07T15:54:51                      11
================================================================================
[2026-06-07T16:16:55.262+0000] {manager.py:483} INFO - Processing files using up to 1 processes at a time 
[2026-06-07T16:16:55.264+0000] {manager.py:484} INFO - Process each file at most once every 30 seconds
[2026-06-07T16:16:55.266+0000] {manager.py:485} INFO - Checking for new files in /opt/airflow/dags every 300 seconds
[2026-06-07T16:16:55.267+0000] {manager.py:821} INFO - Searching for files in /opt/airflow/dags
[2026-06-07T16:16:55.297+0000] {manager.py:824} INFO - There are 1 files in /opt/airflow/dags
[2026-06-07T16:16:59.601+0000] {manager.py:997} INFO - 
================================================================================
DAG File Processing Stats

File Path                                 PID    Runtime      # DAGs    # Errors  Last Runtime    Last Run               Last # of DB Queries
----------------------------------------  -----  ---------  --------  ----------  --------------  -------------------  ----------------------
/opt/airflow/dags/process_reviews_dag.py                           1           0  4.13s           2026-06-07T16:16:59                      25
================================================================================
[2026-06-07T16:17:31.073+0000] {manager.py:997} INFO - 
================================================================================
DAG File Processing Stats

File Path                                 PID    Runtime      # DAGs    # Errors  Last Runtime    Last Run               Last # of DB Queries
----------------------------------------  -----  ---------  --------  ----------  --------------  -------------------  ----------------------
/opt/airflow/dags/process_reviews_dag.py                           1           0  1.31s           2026-06-07T16:17:31                      11
================================================================================
[2026-06-07T16:18:02.128+0000] {manager.py:997} INFO - 
================================================================================
DAG File Processing Stats

File Path                                 PID    Runtime      # DAGs    # Errors  Last Runtime    Last Run               Last # of DB Queries
----------------------------------------  -----  ---------  --------  ----------  --------------  -------------------  ----------------------
/opt/airflow/dags/process_reviews_dag.py                           1           0  0.72s           2026-06-07T16:18:02                      11
================================================================================
[2026-06-07T16:18:33.083+0000] {manager.py:997} INFO - 
================================================================================
DAG File Processing Stats

File Path                                 PID    Runtime      # DAGs    # Errors  Last Runtime    Last Run               Last # of DB Queries
----------------------------------------  -----  ---------  --------  ----------  --------------  -------------------  ----------------------
/opt/airflow/dags/process_reviews_dag.py                           1           0  0.61s           2026-06-07T16:18:33                      11
================================================================================
[2026-06-07T16:19:04.722+0000] {manager.py:997} INFO - 
================================================================================
DAG File Processing Stats

File Path                                 PID    Runtime      # DAGs    # Errors  Last Runtime    Last Run               Last # of DB Queries
----------------------------------------  -----  ---------  --------  ----------  --------------  -------------------  ----------------------
/opt/airflow/dags/process_reviews_dag.py                           1           0  1.31s           2026-06-07T16:19:04                      11
================================================================================
[2026-06-07T16:19:36.495+0000] {manager.py:997} INFO - 
================================================================================
DAG File Processing Stats

File Path                                 PID    Runtime      # DAGs    # Errors  Last Runtime    Last Run               Last # of DB Queries
----------------------------------------  -----  ---------  --------  ----------  --------------  -------------------  ----------------------
/opt/airflow/dags/process_reviews_dag.py                           1           0  1.42s           2026-06-07T16:19:36                      11
================================================================================
[2026-06-07T16:20:07.446+0000] {manager.py:997} INFO - 
================================================================================
DAG File Processing Stats

File Path                                 PID    Runtime      # DAGs    # Errors  Last Runtime    Last Run               Last # of DB Queries
----------------------------------------  -----  ---------  --------  ----------  --------------  -------------------  ----------------------
/opt/airflow/dags/process_reviews_dag.py                           1           0  0.81s           2026-06-07T16:20:07                      11
================================================================================
[2026-06-07T16:20:38.302+0000] {manager.py:997} INFO - 
================================================================================
DAG File Processing Stats

File Path                                 PID    Runtime      # DAGs    # Errors  Last Runtime    Last Run               Last # of DB Queries
----------------------------------------  -----  ---------  --------  ----------  --------------  -------------------  ----------------------
/opt/airflow/dags/process_reviews_dag.py                           1           0  0.71s           2026-06-07T16:20:38                      11
================================================================================
[2026-06-07T16:21:09.192+0000] {manager.py:997} INFO - 
================================================================================
DAG File Processing Stats

File Path                                 PID    Runtime      # DAGs    # Errors  Last Runtime    Last Run               Last # of DB Queries
----------------------------------------  -----  ---------  --------  ----------  --------------  -------------------  ----------------------
/opt/airflow/dags/process_reviews_dag.py                           1           0  0.71s           2026-06-07T16:21:09                      11
================================================================================
[2026-06-07T16:21:40.563+0000] {manager.py:997} INFO - 
================================================================================
DAG File Processing Stats

File Path                                 PID    Runtime      # DAGs    # Errors  Last Runtime    Last Run               Last # of DB Queries
----------------------------------------  -----  ---------  --------  ----------  --------------  -------------------  ----------------------
/opt/airflow/dags/process_reviews_dag.py                           1           0  1.21s           2026-06-07T16:21:40                      11
================================================================================
[2026-06-07T16:21:55.365+0000] {manager.py:821} INFO - Searching for files in /opt/airflow/dags
[2026-06-07T16:21:55.405+0000] {manager.py:824} INFO - There are 1 files in /opt/airflow/dags
[2026-06-07T16:22:11.833+0000] {manager.py:997} INFO - 
================================================================================
DAG File Processing Stats

File Path                                 PID    Runtime      # DAGs    # Errors  Last Runtime    Last Run               Last # of DB Queries
----------------------------------------  -----  ---------  --------  ----------  --------------  -------------------  ----------------------
/opt/airflow/dags/process_reviews_dag.py                           1           0  1.11s           2026-06-07T16:22:11                      11
================================================================================
[2026-06-07T16:22:42.568+0000] {manager.py:997} INFO - 
================================================================================
DAG File Processing Stats

File Path                                 PID    Runtime      # DAGs    # Errors  Last Runtime    Last Run               Last # of DB Queries
----------------------------------------  -----  ---------  --------  ----------  --------------  -------------------  ----------------------
/opt/airflow/dags/process_reviews_dag.py                           1           0  0.61s           2026-06-07T16:22:42                      11
================================================================================
[2026-06-07T16:23:13.299+0000] {manager.py:997} INFO - 
================================================================================
DAG File Processing Stats

File Path                                 PID    Runtime      # DAGs    # Errors  Last Runtime    Last Run               Last # of DB Queries
----------------------------------------  -----  ---------  --------  ----------  --------------  -------------------  ----------------------
/opt/airflow/dags/process_reviews_dag.py                           1           0  0.61s           2026-06-07T16:23:13                      11
================================================================================
[2026-06-07T16:23:44.024+0000] {manager.py:997} INFO - 
================================================================================
DAG File Processing Stats

File Path                                 PID    Runtime      # DAGs    # Errors  Last Runtime    Last Run               Last # of DB Queries
----------------------------------------  -----  ---------  --------  ----------  --------------  -------------------  ----------------------
/opt/airflow/dags/process_reviews_dag.py                           1           0  0.61s           2026-06-07T16:23:44                      11
================================================================================
[2026-06-07T16:24:14.944+0000] {manager.py:997} INFO - 
================================================================================
DAG File Processing Stats

File Path                                 PID    Runtime      # DAGs    # Errors  Last Runtime    Last Run               Last # of DB Queries
----------------------------------------  -----  ---------  --------  ----------  --------------  -------------------  ----------------------
/opt/airflow/dags/process_reviews_dag.py                           1           0  0.81s           2026-06-07T16:24:14                      11
================================================================================
[2026-06-07T16:24:45.757+0000] {manager.py:997} INFO - 
================================================================================
DAG File Processing Stats

File Path                                 PID    Runtime      # DAGs    # Errors  Last Runtime    Last Run               Last # of DB Queries
----------------------------------------  -----  ---------  --------  ----------  --------------  -------------------  ----------------------
/opt/airflow/dags/process_reviews_dag.py                           1           0  0.71s           2026-06-07T16:24:45                      11
================================================================================
[2026-06-07T16:25:17.363+0000] {manager.py:997} INFO - 
================================================================================
DAG File Processing Stats

File Path                                 PID    Runtime      # DAGs    # Errors  Last Runtime    Last Run               Last # of DB Queries
----------------------------------------  -----  ---------  --------  ----------  --------------  -------------------  ----------------------
/opt/airflow/dags/process_reviews_dag.py                           1           0  1.51s           2026-06-07T16:25:17                      11
================================================================================
[2026-06-07T16:25:48.080+0000] {manager.py:997} INFO - 
================================================================================
DAG File Processing Stats

File Path                                 PID    Runtime      # DAGs    # Errors  Last Runtime    Last Run               Last # of DB Queries
----------------------------------------  -----  ---------  --------  ----------  --------------  -------------------  ----------------------
/opt/airflow/dags/process_reviews_dag.py                           1           0  0.61s           2026-06-07T16:25:48                      11
================================================================================
[2026-06-07T16:26:30.855+0000] {manager.py:997} INFO - 
================================================================================
DAG File Processing Stats

File Path                                 PID    Runtime      # DAGs    # Errors  Last Runtime    Last Run               Last # of DB Queries
----------------------------------------  -----  ---------  --------  ----------  --------------  -------------------  ----------------------
/opt/airflow/dags/process_reviews_dag.py                           1           0  0.61s           2026-06-07T16:26:30                      11
================================================================================
[2026-06-07T16:26:59.238+0000] {manager.py:821} INFO - Searching for files in /opt/airflow/dags
[2026-06-07T16:26:59.290+0000] {manager.py:824} INFO - There are 1 files in /opt/airflow/dags
[2026-06-07T16:27:02.135+0000] {manager.py:997} INFO - 
================================================================================
DAG File Processing Stats

File Path                                 PID    Runtime      # DAGs    # Errors  Last Runtime    Last Run               Last # of DB Queries
----------------------------------------  -----  ---------  --------  ----------  --------------  -------------------  ----------------------
/opt/airflow/dags/process_reviews_dag.py                           1           0  0.71s           2026-06-07T16:27:02                      11
================================================================================
[2026-06-07T16:27:32.153+0000] {manager.py:997} INFO - 
================================================================================
DAG File Processing Stats

File Path                                 PID    Runtime      # DAGs    # Errors  Last Runtime    Last Run               Last # of DB Queries
----------------------------------------  -----  ---------  --------  ----------  --------------  -------------------  ----------------------
/opt/airflow/dags/process_reviews_dag.py                           1           0  0.81s           2026-06-07T16:27:13                      11
================================================================================
[2026-06-07T16:28:02.474+0000] {manager.py:997} INFO - 
================================================================================
DAG File Processing Stats

File Path                                 PID    Runtime      # DAGs    # Errors  Last Runtime    Last Run               Last # of DB Queries
----------------------------------------  -----  ---------  --------  ----------  --------------  -------------------  ----------------------
/opt/airflow/dags/process_reviews_dag.py                           1           0  0.61s           2026-06-07T16:27:44                      11
================================================================================
[2026-06-07T16:28:32.798+0000] {manager.py:997} INFO - 
================================================================================
DAG File Processing Stats

File Path                                 PID    Runtime      # DAGs    # Errors  Last Runtime    Last Run               Last # of DB Queries
----------------------------------------  -----  ---------  --------  ----------  --------------  -------------------  ----------------------
/opt/airflow/dags/process_reviews_dag.py                           1           0  0.52s           2026-06-07T16:28:15                      11
================================================================================
[2026-06-07T16:29:03.520+0000] {manager.py:997} INFO - 
================================================================================
DAG File Processing Stats

File Path                                 PID    Runtime      # DAGs    # Errors  Last Runtime    Last Run               Last # of DB Queries
----------------------------------------  -----  ---------  --------  ----------  --------------  -------------------  ----------------------
/opt/airflow/dags/process_reviews_dag.py                           1           0  0.61s           2026-06-07T16:28:46                      11
================================================================================
[2026-06-07T16:29:34.250+0000] {manager.py:997} INFO - 
================================================================================
DAG File Processing Stats

File Path                                 PID    Runtime      # DAGs    # Errors  Last Runtime    Last Run               Last # of DB Queries
----------------------------------------  -----  ---------  --------  ----------  --------------  -------------------  ----------------------
/opt/airflow/dags/process_reviews_dag.py                           1           0  0.61s           2026-06-07T16:29:16                      11
================================================================================
[2026-06-07T16:30:05.071+0000] {manager.py:997} INFO - 
================================================================================
DAG File Processing Stats

File Path                                 PID    Runtime      # DAGs    # Errors  Last Runtime    Last Run               Last # of DB Queries
----------------------------------------  -----  ---------  --------  ----------  --------------  -------------------  ----------------------
/opt/airflow/dags/process_reviews_dag.py                           1           0  0.71s           2026-06-07T16:29:47                      11
================================================================================
[2026-06-07T16:30:35.815+0000] {manager.py:997} INFO - 
================================================================================
DAG File Processing Stats

File Path                                 PID    Runtime      # DAGs    # Errors  Last Runtime    Last Run               Last # of DB Queries
----------------------------------------  -----  ---------  --------  ----------  --------------  -------------------  ----------------------
/opt/airflow/dags/process_reviews_dag.py                           1           0  0.61s           2026-06-07T16:30:18                      11
================================================================================
[2026-06-07T16:31:06.486+0000] {manager.py:997} INFO - 
================================================================================
DAG File Processing Stats

File Path                                 PID    Runtime      # DAGs    # Errors  Last Runtime    Last Run               Last # of DB Queries
----------------------------------------  -----  ---------  --------  ----------  --------------  -------------------  ----------------------
/opt/airflow/dags/process_reviews_dag.py                           1           0  0.61s           2026-06-07T16:30:49                      11
================================================================================
[2026-06-07T16:31:36.590+0000] {manager.py:997} INFO - 
================================================================================
DAG File Processing Stats

File Path                                 PID    Runtime      # DAGs    # Errors  Last Runtime    Last Run               Last # of DB Queries
----------------------------------------  -----  ---------  --------  ----------  --------------  -------------------  ----------------------
/opt/airflow/dags/process_reviews_dag.py                           1           0  1.01s           2026-06-07T16:31:20                      11
================================================================================
[2026-06-07T16:31:59.374+0000] {manager.py:821} INFO - Searching for files in /opt/airflow/dags
[2026-06-07T16:31:59.455+0000] {manager.py:824} INFO - There are 1 files in /opt/airflow/dags
[2026-06-07T16:32:07.356+0000] {manager.py:997} INFO - 
================================================================================
DAG File Processing Stats

File Path                                 PID    Runtime      # DAGs    # Errors  Last Runtime    Last Run               Last # of DB Queries
----------------------------------------  -----  ---------  --------  ----------  --------------  -------------------  ----------------------
/opt/airflow/dags/process_reviews_dag.py                           1           0  0.71s           2026-06-07T16:31:51                      11
================================================================================
[2026-06-07T16:32:38.340+0000] {manager.py:997} INFO - 
================================================================================
DAG File Processing Stats

File Path                                 PID    Runtime      # DAGs    # Errors  Last Runtime    Last Run               Last # of DB Queries
----------------------------------------  -----  ---------  --------  ----------  --------------  -------------------  ----------------------
/opt/airflow/dags/process_reviews_dag.py                           1           0  0.81s           2026-06-07T16:32:22                      11
================================================================================
[2026-06-07T16:33:09.385+0000] {manager.py:997} INFO - 
================================================================================
DAG File Processing Stats

File Path                                 PID    Runtime      # DAGs    # Errors  Last Runtime    Last Run               Last # of DB Queries
----------------------------------------  -----  ---------  --------  ----------  --------------  -------------------  ----------------------
/opt/airflow/dags/process_reviews_dag.py                           1           0  0.91s           2026-06-07T16:32:53                      11
================================================================================
[2026-06-07T16:33:40.400+0000] {manager.py:997} INFO - 
================================================================================
DAG File Processing Stats

File Path                                 PID    Runtime      # DAGs    # Errors  Last Runtime    Last Run               Last # of DB Queries
----------------------------------------  -----  ---------  --------  ----------  --------------  -------------------  ----------------------
/opt/airflow/dags/process_reviews_dag.py                           1           0  0.92s           2026-06-07T16:33:24                      11
================================================================================
[2026-06-07T16:34:11.213+0000] {manager.py:997} INFO - 
================================================================================
DAG File Processing Stats

File Path                                 PID    Runtime      # DAGs    # Errors  Last Runtime    Last Run               Last # of DB Queries
----------------------------------------  -----  ---------  --------  ----------  --------------  -------------------  ----------------------
/opt/airflow/dags/process_reviews_dag.py                           1           0  0.71s           2026-06-07T16:33:55                      11
================================================================================
[2026-06-07T16:34:41.965+0000] {manager.py:997} INFO - 
================================================================================
DAG File Processing Stats

File Path                                 PID    Runtime      # DAGs    # Errors  Last Runtime    Last Run               Last # of DB Queries
----------------------------------------  -----  ---------  --------  ----------  --------------  -------------------  ----------------------
/opt/airflow/dags/process_reviews_dag.py                           1           0  0.62s           2026-06-07T16:34:25                      11
================================================================================
[2026-06-07T16:35:12.804+0000] {manager.py:997} INFO - 
================================================================================
DAG File Processing Stats

File Path                                 PID    Runtime      # DAGs    # Errors  Last Runtime    Last Run               Last # of DB Queries
----------------------------------------  -----  ---------  --------  ----------  --------------  -------------------  ----------------------
/opt/airflow/dags/process_reviews_dag.py                           1           0  0.71s           2026-06-07T16:34:56                      11
================================================================================
[2026-06-07T16:35:43.639+0000] {manager.py:997} INFO - 
================================================================================
DAG File Processing Stats

File Path                                 PID    Runtime      # DAGs    # Errors  Last Runtime    Last Run               Last # of DB Queries
----------------------------------------  -----  ---------  --------  ----------  --------------  -------------------  ----------------------
/opt/airflow/dags/process_reviews_dag.py                           1           0  0.71s           2026-06-07T16:35:27                      11
================================================================================
[2026-06-07T16:36:14.419+0000] {manager.py:997} INFO - 
================================================================================
DAG File Processing Stats

File Path                                 PID    Runtime      # DAGs    # Errors  Last Runtime    Last Run               Last # of DB Queries
----------------------------------------  -----  ---------  --------  ----------  --------------  -------------------  ----------------------
/opt/airflow/dags/process_reviews_dag.py                           1           0  0.71s           2026-06-07T16:35:58                      11
================================================================================
[2026-06-07T16:36:37.883+0000] {manager.py:483} INFO - Processing files using up to 1 processes at a time 
[2026-06-07T16:36:37.884+0000] {manager.py:484} INFO - Process each file at most once every 30 seconds
[2026-06-07T16:36:37.885+0000] {manager.py:485} INFO - Checking for new files in /opt/airflow/dags every 300 seconds
[2026-06-07T16:36:37.885+0000] {manager.py:821} INFO - Searching for files in /opt/airflow/dags
[2026-06-07T16:36:37.917+0000] {manager.py:824} INFO - There are 2 files in /opt/airflow/dags
[2026-06-07T16:36:38.195+0000] {manager.py:997} INFO - 
================================================================================
DAG File Processing Stats

File Path                                 PID    Runtime      # DAGs    # Errors  Last Runtime    Last Run               Last # of DB Queries
----------------------------------------  -----  ---------  --------  ----------  --------------  -------------------  ----------------------
/opt/airflow/dags/load_to_mongodb_dag.py                           0           1  0.21s           2026-06-07T16:36:38                       3
/opt/airflow/dags/process_reviews_dag.py                           0           0                                                            0
================================================================================
[2026-06-07T16:37:09.166+0000] {manager.py:997} INFO - 
================================================================================
DAG File Processing Stats

File Path                                 PID    Runtime      # DAGs    # Errors  Last Runtime    Last Run               Last # of DB Queries
----------------------------------------  -----  ---------  --------  ----------  --------------  -------------------  ----------------------
/opt/airflow/dags/process_reviews_dag.py                           1           0  0.91s           2026-06-07T16:36:40                      11
/opt/airflow/dags/load_to_mongodb_dag.py                           0           1  0.11s           2026-06-07T16:37:09                       5
================================================================================
[2026-06-07T16:37:39.525+0000] {manager.py:997} INFO - 
================================================================================
DAG File Processing Stats

File Path                                 PID    Runtime      # DAGs    # Errors  Last Runtime    Last Run               Last # of DB Queries
----------------------------------------  -----  ---------  --------  ----------  --------------  -------------------  ----------------------
/opt/airflow/dags/process_reviews_dag.py                           1           0  0.81s           2026-06-07T16:37:11                      11
/opt/airflow/dags/load_to_mongodb_dag.py                           0           1  0.11s           2026-06-07T16:37:39                       5
================================================================================
[2026-06-07T16:38:09.829+0000] {manager.py:997} INFO - 
================================================================================
DAG File Processing Stats

File Path                                 PID    Runtime      # DAGs    # Errors  Last Runtime    Last Run               Last # of DB Queries
----------------------------------------  -----  ---------  --------  ----------  --------------  -------------------  ----------------------
/opt/airflow/dags/process_reviews_dag.py                           1           0  0.71s           2026-06-07T16:37:42                      11
/opt/airflow/dags/load_to_mongodb_dag.py                           0           1  0.11s           2026-06-07T16:38:09                       5
================================================================================
[2026-06-07T16:38:40.117+0000] {manager.py:997} INFO - 
================================================================================
DAG File Processing Stats

File Path                                 PID    Runtime      # DAGs    # Errors  Last Runtime    Last Run               Last # of DB Queries
----------------------------------------  -----  ---------  --------  ----------  --------------  -------------------  ----------------------
/opt/airflow/dags/process_reviews_dag.py                           1           0  0.71s           2026-06-07T16:38:13                      11
/opt/airflow/dags/load_to_mongodb_dag.py                           0           1  0.11s           2026-06-07T16:38:40                       5
================================================================================
[2026-06-07T16:39:11.223+0000] {manager.py:997} INFO - 
================================================================================
DAG File Processing Stats

File Path                                 PID    Runtime      # DAGs    # Errors  Last Runtime    Last Run               Last # of DB Queries
----------------------------------------  -----  ---------  --------  ----------  --------------  -------------------  ----------------------
/opt/airflow/dags/process_reviews_dag.py                           1           0  0.71s           2026-06-07T16:38:44                      11
/opt/airflow/dags/load_to_mongodb_dag.py                           0           1  0.10s           2026-06-07T16:39:11                       5
================================================================================
[2026-06-07T16:39:42.183+0000] {manager.py:997} INFO - 
================================================================================
DAG File Processing Stats

File Path                                 PID    Runtime      # DAGs    # Errors  Last Runtime    Last Run               Last # of DB Queries
----------------------------------------  -----  ---------  --------  ----------  --------------  -------------------  ----------------------
/opt/airflow/dags/process_reviews_dag.py                           1           0  0.61s           2026-06-07T16:39:15                      11
/opt/airflow/dags/load_to_mongodb_dag.py                           0           1  0.11s           2026-06-07T16:39:42                       5
================================================================================
[2026-06-07T16:40:13.228+0000] {manager.py:997} INFO - 
================================================================================
DAG File Processing Stats

File Path                                 PID    Runtime      # DAGs    # Errors  Last Runtime    Last Run               Last # of DB Queries
----------------------------------------  -----  ---------  --------  ----------  --------------  -------------------  ----------------------
/opt/airflow/dags/process_reviews_dag.py                           1           0  0.61s           2026-06-07T16:39:46                      11
/opt/airflow/dags/load_to_mongodb_dag.py                           0           1  0.21s           2026-06-07T16:40:13                       5
================================================================================
[2026-06-07T16:40:44.199+0000] {manager.py:997} INFO - 
================================================================================
DAG File Processing Stats

File Path                                 PID    Runtime      # DAGs    # Errors  Last Runtime    Last Run               Last # of DB Queries
----------------------------------------  -----  ---------  --------  ----------  --------------  -------------------  ----------------------
/opt/airflow/dags/process_reviews_dag.py                           1           0  0.61s           2026-06-07T16:40:17                      11
/opt/airflow/dags/load_to_mongodb_dag.py                           0           1  0.21s           2026-06-07T16:40:44                       5
================================================================================
[2026-06-07T16:41:15.251+0000] {manager.py:997} INFO - 
================================================================================
DAG File Processing Stats

File Path                                 PID    Runtime      # DAGs    # Errors  Last Runtime    Last Run               Last # of DB Queries
----------------------------------------  -----  ---------  --------  ----------  --------------  -------------------  ----------------------
/opt/airflow/dags/process_reviews_dag.py                           1           0  0.71s           2026-06-07T16:40:48                      11
/opt/airflow/dags/load_to_mongodb_dag.py                           0           1  0.21s           2026-06-07T16:41:15                       5
================================================================================
[2026-06-07T16:41:37.970+0000] {manager.py:821} INFO - Searching for files in /opt/airflow/dags
[2026-06-07T16:41:38.039+0000] {manager.py:824} INFO - There are 2 files in /opt/airflow/dags
[2026-06-07T16:41:46.249+0000] {manager.py:997} INFO - 
================================================================================
DAG File Processing Stats

File Path                                 PID    Runtime      # DAGs    # Errors  Last Runtime    Last Run               Last # of DB Queries
----------------------------------------  -----  ---------  --------  ----------  --------------  -------------------  ----------------------
/opt/airflow/dags/process_reviews_dag.py                           1           0  0.81s           2026-06-07T16:41:19                      11
/opt/airflow/dags/load_to_mongodb_dag.py                           0           1  0.21s           2026-06-07T16:41:46                       5
================================================================================
[2026-06-07T16:42:08.836+0000] {manager.py:483} INFO - Processing files using up to 1 processes at a time 
[2026-06-07T16:42:08.839+0000] {manager.py:484} INFO - Process each file at most once every 30 seconds
[2026-06-07T16:42:08.840+0000] {manager.py:485} INFO - Checking for new files in /opt/airflow/dags every 300 seconds
[2026-06-07T16:42:08.841+0000] {manager.py:821} INFO - Searching for files in /opt/airflow/dags
[2026-06-07T16:42:08.890+0000] {manager.py:824} INFO - There are 2 files in /opt/airflow/dags
[2026-06-07T16:42:09.344+0000] {manager.py:997} INFO - 
================================================================================
DAG File Processing Stats

File Path                                 PID    Runtime      # DAGs    # Errors  Last Runtime    Last Run               Last # of DB Queries
----------------------------------------  -----  ---------  --------  ----------  --------------  -------------------  ----------------------
/opt/airflow/dags/load_to_mongodb_dag.py                           0           1  0.31s           2026-06-07T16:42:09                       5
/opt/airflow/dags/process_reviews_dag.py                           0           0                                                            0
================================================================================
[2026-06-07T16:42:40.250+0000] {manager.py:997} INFO - 
================================================================================
DAG File Processing Stats

File Path                                 PID    Runtime      # DAGs    # Errors  Last Runtime    Last Run               Last # of DB Queries
----------------------------------------  -----  ---------  --------  ----------  --------------  -------------------  ----------------------
/opt/airflow/dags/process_reviews_dag.py                           1           0  0.81s           2026-06-07T16:42:11                      11
/opt/airflow/dags/load_to_mongodb_dag.py                           0           1  0.21s           2026-06-07T16:42:40                       5
================================================================================
[2026-06-07T16:43:10.575+0000] {manager.py:997} INFO - 
================================================================================
DAG File Processing Stats

File Path                                 PID    Runtime      # DAGs    # Errors  Last Runtime    Last Run               Last # of DB Queries
----------------------------------------  -----  ---------  --------  ----------  --------------  -------------------  ----------------------
/opt/airflow/dags/process_reviews_dag.py                           1           0  0.81s           2026-06-07T16:42:42                      11
/opt/airflow/dags/load_to_mongodb_dag.py                           0           1  0.21s           2026-06-07T16:43:10                       5
================================================================================
[2026-06-07T16:43:40.796+0000] {manager.py:997} INFO - 
================================================================================
DAG File Processing Stats

File Path                                 PID    Runtime      # DAGs    # Errors  Last Runtime    Last Run               Last # of DB Queries
----------------------------------------  -----  ---------  --------  ----------  --------------  -------------------  ----------------------
/opt/airflow/dags/process_reviews_dag.py                           1           0  0.61s           2026-06-07T16:43:13                      11
/opt/airflow/dags/load_to_mongodb_dag.py                           0           1  0.11s           2026-06-07T16:43:40                       5
================================================================================
[2026-06-07T16:44:11.129+0000] {manager.py:997} INFO - 
================================================================================
DAG File Processing Stats

File Path                                 PID    Runtime      # DAGs    # Errors  Last Runtime    Last Run               Last # of DB Queries
----------------------------------------  -----  ---------  --------  ----------  --------------  -------------------  ----------------------
/opt/airflow/dags/process_reviews_dag.py                           1           0  0.61s           2026-06-07T16:43:44                      11
/opt/airflow/dags/load_to_mongodb_dag.py                           0           1  0.10s           2026-06-07T16:44:11                       5
================================================================================
[2026-06-07T16:44:42.189+0000] {manager.py:997} INFO - 
================================================================================
DAG File Processing Stats

File Path                                 PID    Runtime      # DAGs    # Errors  Last Runtime    Last Run               Last # of DB Queries
----------------------------------------  -----  ---------  --------  ----------  --------------  -------------------  ----------------------
/opt/airflow/dags/process_reviews_dag.py                           1           0  0.71s           2026-06-07T16:44:15                      11
/opt/airflow/dags/load_to_mongodb_dag.py                           0           1  0.11s           2026-06-07T16:44:42                       5
================================================================================
[2026-06-07T16:45:13.273+0000] {manager.py:997} INFO - 
================================================================================
DAG File Processing Stats

File Path                                 PID    Runtime      # DAGs    # Errors  Last Runtime    Last Run               Last # of DB Queries
----------------------------------------  -----  ---------  --------  ----------  --------------  -------------------  ----------------------
/opt/airflow/dags/process_reviews_dag.py                           1           0  0.71s           2026-06-07T16:44:46                      11
/opt/airflow/dags/load_to_mongodb_dag.py                           0           1  0.10s           2026-06-07T16:45:13                       5
================================================================================
[2026-06-07T16:45:44.375+0000] {manager.py:997} INFO - 
================================================================================
DAG File Processing Stats

File Path                                 PID    Runtime      # DAGs    # Errors  Last Runtime    Last Run               Last # of DB Queries
----------------------------------------  -----  ---------  --------  ----------  --------------  -------------------  ----------------------
/opt/airflow/dags/process_reviews_dag.py                           1           0  0.71s           2026-06-07T16:45:17                      11
/opt/airflow/dags/load_to_mongodb_dag.py                           0           1  0.11s           2026-06-07T16:45:44                       5
================================================================================
[2026-06-07T16:46:15.483+0000] {manager.py:997} INFO - 
================================================================================
DAG File Processing Stats

File Path                                 PID    Runtime      # DAGs    # Errors  Last Runtime    Last Run               Last # of DB Queries
----------------------------------------  -----  ---------  --------  ----------  --------------  -------------------  ----------------------
/opt/airflow/dags/process_reviews_dag.py                           1           0  0.61s           2026-06-07T16:45:48                      11
/opt/airflow/dags/load_to_mongodb_dag.py                           0           1  0.21s           2026-06-07T16:46:15                       5
================================================================================
[2026-06-07T16:46:46.523+0000] {manager.py:997} INFO - 
================================================================================
DAG File Processing Stats

File Path                                 PID    Runtime      # DAGs    # Errors  Last Runtime    Last Run               Last # of DB Queries
----------------------------------------  -----  ---------  --------  ----------  --------------  -------------------  ----------------------
/opt/airflow/dags/process_reviews_dag.py                           1           0  0.71s           2026-06-07T16:46:19                      11
/opt/airflow/dags/load_to_mongodb_dag.py                           0           1  0.21s           2026-06-07T16:46:46                       5
================================================================================
[2026-06-07T16:47:09.020+0000] {manager.py:821} INFO - Searching for files in /opt/airflow/dags
[2026-06-07T16:47:09.083+0000] {manager.py:824} INFO - There are 2 files in /opt/airflow/dags
[2026-06-07T16:47:17.509+0000] {manager.py:997} INFO - 
================================================================================
DAG File Processing Stats

File Path                                 PID    Runtime      # DAGs    # Errors  Last Runtime    Last Run               Last # of DB Queries
----------------------------------------  -----  ---------  --------  ----------  --------------  -------------------  ----------------------
/opt/airflow/dags/load_to_mongodb_dag.py                           0           1  0.71s           2026-06-07T16:47:11                       5
/opt/airflow/dags/process_reviews_dag.py                           1           0  0.71s           2026-06-07T16:46:50                      11
================================================================================
[2026-06-07T16:47:48.528+0000] {manager.py:483} INFO - Processing files using up to 1 processes at a time 
[2026-06-07T16:47:48.529+0000] {manager.py:484} INFO - Process each file at most once every 30 seconds
[2026-06-07T16:47:48.530+0000] {manager.py:485} INFO - Checking for new files in /opt/airflow/dags every 300 seconds
[2026-06-07T16:47:48.532+0000] {manager.py:821} INFO - Searching for files in /opt/airflow/dags
[2026-06-07T16:47:48.573+0000] {manager.py:824} INFO - There are 2 files in /opt/airflow/dags
[2026-06-07T16:47:49.457+0000] {manager.py:997} INFO - 
================================================================================
DAG File Processing Stats

File Path                                 PID    Runtime      # DAGs    # Errors  Last Runtime    Last Run               Last # of DB Queries
----------------------------------------  -----  ---------  --------  ----------  --------------  -------------------  ----------------------
/opt/airflow/dags/load_to_mongodb_dag.py                           0           1  0.81s           2026-06-07T16:47:49                       5
/opt/airflow/dags/process_reviews_dag.py                           0           0                                                            0
================================================================================
[2026-06-07T16:48:20.428+0000] {manager.py:997} INFO - 
================================================================================
DAG File Processing Stats

File Path                                 PID    Runtime      # DAGs    # Errors  Last Runtime    Last Run               Last # of DB Queries
----------------------------------------  -----  ---------  --------  ----------  --------------  -------------------  ----------------------
/opt/airflow/dags/process_reviews_dag.py                           1           0  0.91s           2026-06-07T16:47:51                      11
/opt/airflow/dags/load_to_mongodb_dag.py                           0           1  0.61s           2026-06-07T16:48:20                       5
================================================================================
[2026-06-07T16:48:51.833+0000] {manager.py:997} INFO - 
================================================================================
DAG File Processing Stats

File Path                                 PID    Runtime      # DAGs    # Errors  Last Runtime    Last Run               Last # of DB Queries
----------------------------------------  -----  ---------  --------  ----------  --------------  -------------------  ----------------------
/opt/airflow/dags/load_to_mongodb_dag.py                           0           1  0.61s           2026-06-07T16:48:51                       5
/opt/airflow/dags/process_reviews_dag.py                           1           0  0.61s           2026-06-07T16:48:22                      11
================================================================================
[2026-06-07T16:49:23.222+0000] {manager.py:997} INFO - 
================================================================================
DAG File Processing Stats

File Path                                 PID    Runtime      # DAGs    # Errors  Last Runtime    Last Run               Last # of DB Queries
----------------------------------------  -----  ---------  --------  ----------  --------------  -------------------  ----------------------
/opt/airflow/dags/load_to_mongodb_dag.py                           0           1  0.61s           2026-06-07T16:49:23                       5
/opt/airflow/dags/process_reviews_dag.py                           1           0  0.61s           2026-06-07T16:48:53                      11
================================================================================
[2026-06-07T16:49:53.926+0000] {manager.py:997} INFO - 
================================================================================
DAG File Processing Stats

File Path                                 PID    Runtime      # DAGs    # Errors  Last Runtime    Last Run               Last # of DB Queries
----------------------------------------  -----  ---------  --------  ----------  --------------  -------------------  ----------------------
/opt/airflow/dags/process_reviews_dag.py                           1           0  0.61s           2026-06-07T16:49:24                      11
/opt/airflow/dags/load_to_mongodb_dag.py                           0           1  0.61s           2026-06-07T16:49:53                       5
================================================================================
[2026-06-07T16:50:24.955+0000] {manager.py:997} INFO - 
================================================================================
DAG File Processing Stats

File Path                                 PID    Runtime      # DAGs    # Errors  Last Runtime    Last Run               Last # of DB Queries
----------------------------------------  -----  ---------  --------  ----------  --------------  -------------------  ----------------------
/opt/airflow/dags/load_to_mongodb_dag.py                           1           0  0.81s           2026-06-07T16:50:24                      27
/opt/airflow/dags/process_reviews_dag.py                           1           0  0.71s           2026-06-07T16:49:55                      11
================================================================================
[2026-06-07T16:50:56.698+0000] {manager.py:997} INFO - 
================================================================================
DAG File Processing Stats

File Path                                 PID    Runtime      # DAGs    # Errors  Last Runtime    Last Run               Last # of DB Queries
----------------------------------------  -----  ---------  --------  ----------  --------------  -------------------  ----------------------
/opt/airflow/dags/load_to_mongodb_dag.py                           1           0  0.70s           2026-06-07T16:50:56                      13
/opt/airflow/dags/process_reviews_dag.py                           1           0  0.50s           2026-06-07T16:50:26                      11
================================================================================
[2026-06-07T16:51:27.651+0000] {manager.py:997} INFO - 
================================================================================
DAG File Processing Stats

File Path                                 PID    Runtime      # DAGs    # Errors  Last Runtime    Last Run               Last # of DB Queries
----------------------------------------  -----  ---------  --------  ----------  --------------  -------------------  ----------------------
/opt/airflow/dags/load_to_mongodb_dag.py                           1           0  0.71s           2026-06-07T16:51:27                      13
/opt/airflow/dags/process_reviews_dag.py                           1           0  0.61s           2026-06-07T16:50:57                      11
================================================================================
[2026-06-07T16:51:58.632+0000] {manager.py:997} INFO - 
================================================================================
DAG File Processing Stats

File Path                                 PID    Runtime      # DAGs    # Errors  Last Runtime    Last Run               Last # of DB Queries
----------------------------------------  -----  ---------  --------  ----------  --------------  -------------------  ----------------------
/opt/airflow/dags/load_to_mongodb_dag.py                           1           0  0.72s           2026-06-07T16:51:58                      13
/opt/airflow/dags/process_reviews_dag.py                           1           0  0.61s           2026-06-07T16:51:28                      11
================================================================================
[2026-06-07T16:52:29.642+0000] {manager.py:997} INFO - 
================================================================================
DAG File Processing Stats

File Path                                 PID    Runtime      # DAGs    # Errors  Last Runtime    Last Run               Last # of DB Queries
----------------------------------------  -----  ---------  --------  ----------  --------------  -------------------  ----------------------
/opt/airflow/dags/load_to_mongodb_dag.py                           1           0  0.71s           2026-06-07T16:52:29                      13
/opt/airflow/dags/process_reviews_dag.py                           1           0  0.50s           2026-06-07T16:51:59                      11
================================================================================
[2026-06-07T16:52:42.570+0000] {manager.py:483} INFO - Processing files using up to 1 processes at a time 
[2026-06-07T16:52:42.571+0000] {manager.py:484} INFO - Process each file at most once every 30 seconds
[2026-06-07T16:52:42.572+0000] {manager.py:485} INFO - Checking for new files in /opt/airflow/dags every 300 seconds
[2026-06-07T16:52:42.573+0000] {manager.py:821} INFO - Searching for files in /opt/airflow/dags
[2026-06-07T16:52:42.610+0000] {manager.py:824} INFO - There are 2 files in /opt/airflow/dags
[2026-06-07T16:52:43.511+0000] {manager.py:997} INFO - 
================================================================================
DAG File Processing Stats

File Path                                 PID    Runtime      # DAGs    # Errors  Last Runtime    Last Run               Last # of DB Queries
----------------------------------------  -----  ---------  --------  ----------  --------------  -------------------  ----------------------
/opt/airflow/dags/load_to_mongodb_dag.py                           1           0  0.81s           2026-06-07T16:52:43                      13
/opt/airflow/dags/process_reviews_dag.py                           0           0                                                            0
================================================================================
[2026-06-07T16:53:14.596+0000] {manager.py:997} INFO - 
================================================================================
DAG File Processing Stats

File Path                                 PID    Runtime      # DAGs    # Errors  Last Runtime    Last Run               Last # of DB Queries
----------------------------------------  -----  ---------  --------  ----------  --------------  -------------------  ----------------------
/opt/airflow/dags/load_to_mongodb_dag.py                           1           0  0.72s           2026-06-07T16:53:14                      13
/opt/airflow/dags/process_reviews_dag.py                           1           0  0.71s           2026-06-07T16:52:45                      11
================================================================================
[2026-06-07T16:53:46.003+0000] {manager.py:997} INFO - 
================================================================================
DAG File Processing Stats

File Path                                 PID    Runtime      # DAGs    # Errors  Last Runtime    Last Run               Last # of DB Queries
----------------------------------------  -----  ---------  --------  ----------  --------------  -------------------  ----------------------
/opt/airflow/dags/load_to_mongodb_dag.py                           1           0  0.71s           2026-06-07T16:53:46                      13
/opt/airflow/dags/process_reviews_dag.py                           1           0  0.61s           2026-06-07T16:53:16                      11
================================================================================
[2026-06-07T16:54:17.420+0000] {manager.py:997} INFO - 
================================================================================
DAG File Processing Stats

File Path                                 PID    Runtime      # DAGs    # Errors  Last Runtime    Last Run               Last # of DB Queries
----------------------------------------  -----  ---------  --------  ----------  --------------  -------------------  ----------------------
/opt/airflow/dags/load_to_mongodb_dag.py                           1           0  0.71s           2026-06-07T16:54:17                      13
/opt/airflow/dags/process_reviews_dag.py                           1           0  0.51s           2026-06-07T16:53:47                      11
================================================================================
[2026-06-07T16:54:48.313+0000] {manager.py:997} INFO - 
================================================================================
DAG File Processing Stats

File Path                                 PID    Runtime      # DAGs    # Errors  Last Runtime    Last Run               Last # of DB Queries
----------------------------------------  -----  ---------  --------  ----------  --------------  -------------------  ----------------------
/opt/airflow/dags/load_to_mongodb_dag.py                           1           0  0.81s           2026-06-07T16:54:48                      13
/opt/airflow/dags/process_reviews_dag.py                           1           0  0.61s           2026-06-07T16:54:19                      11
================================================================================
[2026-06-07T16:55:19.235+0000] {manager.py:997} INFO - 
================================================================================
DAG File Processing Stats

File Path                                 PID    Runtime      # DAGs    # Errors  Last Runtime    Last Run               Last # of DB Queries
----------------------------------------  -----  ---------  --------  ----------  --------------  -------------------  ----------------------
/opt/airflow/dags/load_to_mongodb_dag.py                           1           0  0.81s           2026-06-07T16:55:19                      13
/opt/airflow/dags/process_reviews_dag.py                           1           0  0.71s           2026-06-07T16:54:50                      11
================================================================================
[2026-06-07T16:55:50.038+0000] {manager.py:997} INFO - 
================================================================================
DAG File Processing Stats

File Path                                 PID    Runtime      # DAGs    # Errors  Last Runtime    Last Run               Last # of DB Queries
----------------------------------------  -----  ---------  --------  ----------  --------------  -------------------  ----------------------
/opt/airflow/dags/load_to_mongodb_dag.py                           1           0  0.71s           2026-06-07T16:55:50                      13
/opt/airflow/dags/process_reviews_dag.py                           1           0  0.61s           2026-06-07T16:55:20                      11
================================================================================
[2026-06-07T16:56:20.966+0000] {manager.py:997} INFO - 
================================================================================
DAG File Processing Stats

File Path                                 PID    Runtime      # DAGs    # Errors  Last Runtime    Last Run               Last # of DB Queries
----------------------------------------  -----  ---------  --------  ----------  --------------  -------------------  ----------------------
/opt/airflow/dags/load_to_mongodb_dag.py                           1           0  0.71s           2026-06-07T16:56:20                      13
/opt/airflow/dags/process_reviews_dag.py                           1           0  0.71s           2026-06-07T16:55:51                      11
================================================================================
[2026-06-07T16:56:51.895+0000] {manager.py:997} INFO - 
================================================================================
DAG File Processing Stats

File Path                                 PID    Runtime      # DAGs    # Errors  Last Runtime    Last Run               Last # of DB Queries
----------------------------------------  -----  ---------  --------  ----------  --------------  -------------------  ----------------------
/opt/airflow/dags/load_to_mongodb_dag.py                           1           0  0.71s           2026-06-07T16:56:51                      13
/opt/airflow/dags/process_reviews_dag.py                           1           0  0.61s           2026-06-07T16:56:22                      11
================================================================================
[2026-06-07T16:57:05.544+0000] {manager.py:483} INFO - Processing files using up to 1 processes at a time 
[2026-06-07T16:57:05.545+0000] {manager.py:484} INFO - Process each file at most once every 30 seconds
[2026-06-07T16:57:05.545+0000] {manager.py:485} INFO - Checking for new files in /opt/airflow/dags every 300 seconds
[2026-06-07T16:57:05.546+0000] {manager.py:821} INFO - Searching for files in /opt/airflow/dags
[2026-06-07T16:57:05.606+0000] {manager.py:824} INFO - There are 2 files in /opt/airflow/dags
[2026-06-07T16:57:06.496+0000] {manager.py:997} INFO - 
================================================================================
DAG File Processing Stats

File Path                                 PID    Runtime      # DAGs    # Errors  Last Runtime    Last Run               Last # of DB Queries
----------------------------------------  -----  ---------  --------  ----------  --------------  -------------------  ----------------------
/opt/airflow/dags/load_to_mongodb_dag.py                           1           0  0.82s           2026-06-07T16:57:06                      13
/opt/airflow/dags/process_reviews_dag.py                           0           0                                                            0
================================================================================
[2026-06-07T16:57:37.523+0000] {manager.py:997} INFO - 
================================================================================
DAG File Processing Stats

File Path                                 PID    Runtime      # DAGs    # Errors  Last Runtime    Last Run               Last # of DB Queries
----------------------------------------  -----  ---------  --------  ----------  --------------  -------------------  ----------------------
/opt/airflow/dags/process_reviews_dag.py                           1           0  0.81s           2026-06-07T16:57:08                      11
/opt/airflow/dags/load_to_mongodb_dag.py                           1           0  0.71s           2026-06-07T16:57:37                      13
================================================================================
[2026-06-07T16:58:09.148+0000] {manager.py:997} INFO - 
================================================================================
DAG File Processing Stats

File Path                                 PID    Runtime      # DAGs    # Errors  Last Runtime    Last Run               Last # of DB Queries
----------------------------------------  -----  ---------  --------  ----------  --------------  -------------------  ----------------------
/opt/airflow/dags/load_to_mongodb_dag.py                           1           0  0.91s           2026-06-07T16:58:09                      13
/opt/airflow/dags/process_reviews_dag.py                           1           0  0.61s           2026-06-07T16:57:39                      11
================================================================================
[2026-06-07T16:58:40.342+0000] {manager.py:997} INFO - 
================================================================================
DAG File Processing Stats

File Path                                 PID    Runtime      # DAGs    # Errors  Last Runtime    Last Run               Last # of DB Queries
----------------------------------------  -----  ---------  --------  ----------  --------------  -------------------  ----------------------
/opt/airflow/dags/process_reviews_dag.py                           1           0  0.81s           2026-06-07T16:58:11                      11
/opt/airflow/dags/load_to_mongodb_dag.py                           1           0  0.71s           2026-06-07T16:58:40                      13
================================================================================
[2026-06-07T16:59:11.244+0000] {manager.py:997} INFO - 
================================================================================
DAG File Processing Stats

File Path                                 PID    Runtime      # DAGs    # Errors  Last Runtime    Last Run               Last # of DB Queries
----------------------------------------  -----  ---------  --------  ----------  --------------  -------------------  ----------------------
/opt/airflow/dags/load_to_mongodb_dag.py                           1           0  0.71s           2026-06-07T16:59:11                      13
/opt/airflow/dags/process_reviews_dag.py                           1           0  0.61s           2026-06-07T16:58:42                      11
================================================================================
[2026-06-07T16:59:42.045+0000] {manager.py:997} INFO - 
================================================================================
DAG File Processing Stats

File Path                                 PID    Runtime      # DAGs    # Errors  Last Runtime    Last Run               Last # of DB Queries
----------------------------------------  -----  ---------  --------  ----------  --------------  -------------------  ----------------------
/opt/airflow/dags/load_to_mongodb_dag.py                           1           0  0.71s           2026-06-07T16:59:42                      13
/opt/airflow/dags/process_reviews_dag.py                           1           0  0.62s           2026-06-07T16:59:12                      11
================================================================================
[2026-06-07T17:00:12.933+0000] {manager.py:997} INFO - 
================================================================================
DAG File Processing Stats

File Path                                 PID    Runtime      # DAGs    # Errors  Last Runtime    Last Run               Last # of DB Queries
----------------------------------------  -----  ---------  --------  ----------  --------------  -------------------  ----------------------
/opt/airflow/dags/load_to_mongodb_dag.py                           1           0  0.81s           2026-06-07T17:00:12                      13
/opt/airflow/dags/process_reviews_dag.py                           1           0  0.52s           2026-06-07T16:59:43                      11
================================================================================
[2026-06-07T17:00:43.919+0000] {manager.py:997} INFO - 
================================================================================
DAG File Processing Stats

File Path                                 PID    Runtime      # DAGs    # Errors  Last Runtime    Last Run               Last # of DB Queries
----------------------------------------  -----  ---------  --------  ----------  --------------  -------------------  ----------------------
/opt/airflow/dags/load_to_mongodb_dag.py                           1           0  0.81s           2026-06-07T17:00:43                      13
/opt/airflow/dags/process_reviews_dag.py                           1           0  0.71s           2026-06-07T17:00:14                      11
================================================================================
[2026-06-07T17:01:14.821+0000] {manager.py:997} INFO - 
================================================================================
DAG File Processing Stats

File Path                                 PID    Runtime      # DAGs    # Errors  Last Runtime    Last Run               Last # of DB Queries
----------------------------------------  -----  ---------  --------  ----------  --------------  -------------------  ----------------------
/opt/airflow/dags/load_to_mongodb_dag.py                           1           0  0.71s           2026-06-07T17:01:14                      13
/opt/airflow/dags/process_reviews_dag.py                           1           0  0.71s           2026-06-07T17:00:45                      11
================================================================================
[2026-06-07T17:01:45.026+0000] {manager.py:997} INFO - 
================================================================================
DAG File Processing Stats

File Path                                 PID    Runtime      # DAGs    # Errors  Last Runtime    Last Run               Last # of DB Queries
----------------------------------------  -----  ---------  --------  ----------  --------------  -------------------  ----------------------
/opt/airflow/dags/load_to_mongodb_dag.py                           1           0  0.81s           2026-06-07T17:01:41                      13
/opt/airflow/dags/process_reviews_dag.py                           1           0  0.71s           2026-06-07T17:01:16                      11
================================================================================
[2026-06-07T17:02:05.648+0000] {manager.py:821} INFO - Searching for files in /opt/airflow/dags
[2026-06-07T17:02:05.715+0000] {manager.py:824} INFO - There are 2 files in /opt/airflow/dags
[2026-06-07T17:02:16.001+0000] {manager.py:997} INFO - 
================================================================================
DAG File Processing Stats

File Path                                 PID    Runtime      # DAGs    # Errors  Last Runtime    Last Run               Last # of DB Queries
----------------------------------------  -----  ---------  --------  ----------  --------------  -------------------  ----------------------
/opt/airflow/dags/process_reviews_dag.py                           1           0  0.81s           2026-06-07T17:01:47                      11
/opt/airflow/dags/load_to_mongodb_dag.py                           1           0  0.61s           2026-06-07T17:02:12                      13
================================================================================
[2026-06-07T17:02:46.827+0000] {manager.py:997} INFO - 
================================================================================
DAG File Processing Stats

File Path                                 PID    Runtime      # DAGs    # Errors  Last Runtime    Last Run               Last # of DB Queries
----------------------------------------  -----  ---------  --------  ----------  --------------  -------------------  ----------------------
/opt/airflow/dags/load_to_mongodb_dag.py                           1           0  0.81s           2026-06-07T17:02:43                      13
/opt/airflow/dags/process_reviews_dag.py                           1           0  0.71s           2026-06-07T17:02:18                      11
================================================================================
[2026-06-07T17:03:10.521+0000] {manager.py:483} INFO - Processing files using up to 1 processes at a time 
[2026-06-07T17:03:10.522+0000] {manager.py:484} INFO - Process each file at most once every 30 seconds
[2026-06-07T17:03:10.523+0000] {manager.py:485} INFO - Checking for new files in /opt/airflow/dags every 300 seconds
[2026-06-07T17:03:10.524+0000] {manager.py:821} INFO - Searching for files in /opt/airflow/dags
[2026-06-07T17:03:10.565+0000] {manager.py:824} INFO - There are 2 files in /opt/airflow/dags
[2026-06-07T17:03:11.339+0000] {manager.py:997} INFO - 
================================================================================
DAG File Processing Stats

File Path                                 PID    Runtime      # DAGs    # Errors  Last Runtime    Last Run               Last # of DB Queries
----------------------------------------  -----  ---------  --------  ----------  --------------  -------------------  ----------------------
/opt/airflow/dags/load_to_mongodb_dag.py                           1           0  0.71s           2026-06-07T17:03:11                      13
/opt/airflow/dags/process_reviews_dag.py                           0           0                                                            0
================================================================================
[2026-06-07T17:03:42.492+0000] {manager.py:997} INFO - 
================================================================================
DAG File Processing Stats

File Path                                 PID    Runtime      # DAGs    # Errors  Last Runtime    Last Run               Last # of DB Queries
----------------------------------------  -----  ---------  --------  ----------  --------------  -------------------  ----------------------
/opt/airflow/dags/load_to_mongodb_dag.py                           1           0  0.71s           2026-06-07T17:03:42                      13
/opt/airflow/dags/process_reviews_dag.py                           1           0  0.71s           2026-06-07T17:03:13                      11
================================================================================
[2026-06-07T17:04:13.769+0000] {manager.py:997} INFO - 
================================================================================
DAG File Processing Stats

File Path                                 PID    Runtime      # DAGs    # Errors  Last Runtime    Last Run               Last # of DB Queries
----------------------------------------  -----  ---------  --------  ----------  --------------  -------------------  ----------------------
/opt/airflow/dags/load_to_mongodb_dag.py                           1           0  0.61s           2026-06-07T17:04:13                      13
/opt/airflow/dags/process_reviews_dag.py                           1           0  0.61s           2026-06-07T17:03:44                      11
================================================================================
[2026-06-07T17:04:45.152+0000] {manager.py:997} INFO - 
================================================================================
DAG File Processing Stats

File Path                                 PID    Runtime      # DAGs    # Errors  Last Runtime    Last Run               Last # of DB Queries
----------------------------------------  -----  ---------  --------  ----------  --------------  -------------------  ----------------------
/opt/airflow/dags/load_to_mongodb_dag.py                           1           0  0.61s           2026-06-07T17:04:45                      13
/opt/airflow/dags/process_reviews_dag.py                           1           0  0.52s           2026-06-07T17:04:15                      11
================================================================================
[2026-06-07T17:05:15.961+0000] {manager.py:997} INFO - 
================================================================================
DAG File Processing Stats

File Path                                 PID    Runtime      # DAGs    # Errors  Last Runtime    Last Run               Last # of DB Queries
----------------------------------------  -----  ---------  --------  ----------  --------------  -------------------  ----------------------
/opt/airflow/dags/load_to_mongodb_dag.py                           1           0  0.71s           2026-06-07T17:05:15                      13
/opt/airflow/dags/process_reviews_dag.py                           1           0  0.61s           2026-06-07T17:04:46                      11
================================================================================
[2026-06-07T17:05:46.956+0000] {manager.py:997} INFO - 
================================================================================
DAG File Processing Stats

File Path                                 PID    Runtime      # DAGs    # Errors  Last Runtime    Last Run               Last # of DB Queries
----------------------------------------  -----  ---------  --------  ----------  --------------  -------------------  ----------------------
/opt/airflow/dags/load_to_mongodb_dag.py                           1           0  0.81s           2026-06-07T17:05:46                      13
/opt/airflow/dags/process_reviews_dag.py                           1           0  0.62s           2026-06-07T17:05:17                      11
================================================================================
[2026-06-07T17:06:17.735+0000] {manager.py:997} INFO - 
================================================================================
DAG File Processing Stats

File Path                                 PID    Runtime      # DAGs    # Errors  Last Runtime    Last Run               Last # of DB Queries
----------------------------------------  -----  ---------  --------  ----------  --------------  -------------------  ----------------------
/opt/airflow/dags/load_to_mongodb_dag.py                           1           0  0.71s           2026-06-07T17:06:17                      13
/opt/airflow/dags/process_reviews_dag.py                           1           0  0.61s           2026-06-07T17:05:48                      11
================================================================================
[2026-06-07T17:06:48.526+0000] {manager.py:997} INFO - 
================================================================================
DAG File Processing Stats

File Path                                 PID    Runtime      # DAGs    # Errors  Last Runtime    Last Run               Last # of DB Queries
----------------------------------------  -----  ---------  --------  ----------  --------------  -------------------  ----------------------
/opt/airflow/dags/load_to_mongodb_dag.py                           1           0  0.71s           2026-06-07T17:06:48                      13
/opt/airflow/dags/process_reviews_dag.py                           1           0  0.61s           2026-06-07T17:06:19                      11
================================================================================
[2026-06-07T17:07:19.508+0000] {manager.py:997} INFO - 
================================================================================
DAG File Processing Stats

File Path                                 PID    Runtime      # DAGs    # Errors  Last Runtime    Last Run               Last # of DB Queries
----------------------------------------  -----  ---------  --------  ----------  --------------  -------------------  ----------------------
/opt/airflow/dags/process_reviews_dag.py                           1           0  0.82s           2026-06-07T17:06:50                      11
/opt/airflow/dags/load_to_mongodb_dag.py                           1           0  0.71s           2026-06-07T17:07:19                      13
================================================================================
[2026-06-07T17:07:50.397+0000] {manager.py:997} INFO - 
================================================================================
DAG File Processing Stats

File Path                                 PID    Runtime      # DAGs    # Errors  Last Runtime    Last Run               Last # of DB Queries
----------------------------------------  -----  ---------  --------  ----------  --------------  -------------------  ----------------------
/opt/airflow/dags/load_to_mongodb_dag.py                           1           0  0.81s           2026-06-07T17:07:50                      13
/opt/airflow/dags/process_reviews_dag.py                           1           0  0.61s           2026-06-07T17:07:21                      11
================================================================================
[2026-06-07T17:08:10.588+0000] {manager.py:821} INFO - Searching for files in /opt/airflow/dags
[2026-06-07T17:08:10.631+0000] {manager.py:824} INFO - There are 2 files in /opt/airflow/dags
[2026-06-07T17:08:22.260+0000] {manager.py:997} INFO - 
================================================================================
DAG File Processing Stats

File Path                                 PID    Runtime      # DAGs    # Errors  Last Runtime    Last Run               Last # of DB Queries
----------------------------------------  -----  ---------  --------  ----------  --------------  -------------------  ----------------------
/opt/airflow/dags/load_to_mongodb_dag.py                           1           0  0.81s           2026-06-07T17:08:22                      13
/opt/airflow/dags/process_reviews_dag.py                           1           0  0.61s           2026-06-07T17:07:52                      11
================================================================================
[2026-06-07T17:08:53.231+0000] {manager.py:997} INFO - 
================================================================================
DAG File Processing Stats

File Path                                 PID    Runtime      # DAGs    # Errors  Last Runtime    Last Run               Last # of DB Queries
----------------------------------------  -----  ---------  --------  ----------  --------------  -------------------  ----------------------
/opt/airflow/dags/load_to_mongodb_dag.py                           1           0  0.81s           2026-06-07T17:08:53                      13
/opt/airflow/dags/process_reviews_dag.py                           1           0  0.61s           2026-06-07T17:08:23                      11
================================================================================
[2026-06-07T17:09:24.119+0000] {manager.py:997} INFO - 
================================================================================
DAG File Processing Stats

File Path                                 PID    Runtime      # DAGs    # Errors  Last Runtime    Last Run               Last # of DB Queries
----------------------------------------  -----  ---------  --------  ----------  --------------  -------------------  ----------------------
/opt/airflow/dags/load_to_mongodb_dag.py                           1           0  0.71s           2026-06-07T17:09:24                      13
/opt/airflow/dags/process_reviews_dag.py                           1           0  0.61s           2026-06-07T17:08:54                      11
================================================================================
[2026-06-07T17:09:55.087+0000] {manager.py:997} INFO - 
================================================================================
DAG File Processing Stats

File Path                                 PID    Runtime      # DAGs    # Errors  Last Runtime    Last Run               Last # of DB Queries
----------------------------------------  -----  ---------  --------  ----------  --------------  -------------------  ----------------------
/opt/airflow/dags/load_to_mongodb_dag.py                           1           0  0.81s           2026-06-07T17:09:55                      13
/opt/airflow/dags/process_reviews_dag.py                           1           0  0.61s           2026-06-07T17:09:25                      11
================================================================================
[2026-06-07T17:10:26.050+0000] {manager.py:997} INFO - 
================================================================================
DAG File Processing Stats

File Path                                 PID    Runtime      # DAGs    # Errors  Last Runtime    Last Run               Last # of DB Queries
----------------------------------------  -----  ---------  --------  ----------  --------------  -------------------  ----------------------
/opt/airflow/dags/load_to_mongodb_dag.py                           1           0  0.81s           2026-06-07T17:10:26                      13
/opt/airflow/dags/process_reviews_dag.py                           1           0  0.61s           2026-06-07T17:09:56                      11
================================================================================
[2026-06-07T17:10:57.018+0000] {manager.py:997} INFO - 
================================================================================
DAG File Processing Stats

File Path                                 PID    Runtime      # DAGs    # Errors  Last Runtime    Last Run               Last # of DB Queries
----------------------------------------  -----  ---------  --------  ----------  --------------  -------------------  ----------------------
/opt/airflow/dags/load_to_mongodb_dag.py                           1           0  0.81s           2026-06-07T17:10:57                      13
/opt/airflow/dags/process_reviews_dag.py                           1           0  0.61s           2026-06-07T17:10:27                      11
================================================================================
[2026-06-07T17:11:28.089+0000] {manager.py:997} INFO - 
================================================================================
DAG File Processing Stats

File Path                                 PID    Runtime      # DAGs    # Errors  Last Runtime    Last Run               Last # of DB Queries
----------------------------------------  -----  ---------  --------  ----------  --------------  -------------------  ----------------------
/opt/airflow/dags/load_to_mongodb_dag.py                           1           0  0.91s           2026-06-07T17:11:28                      13
/opt/airflow/dags/process_reviews_dag.py                           1           0  0.71s           2026-06-07T17:10:58                      11
================================================================================
[2026-06-07T17:11:59.157+0000] {manager.py:997} INFO - 
================================================================================
DAG File Processing Stats

File Path                                 PID    Runtime      # DAGs    # Errors  Last Runtime    Last Run               Last # of DB Queries
----------------------------------------  -----  ---------  --------  ----------  --------------  -------------------  ----------------------
/opt/airflow/dags/load_to_mongodb_dag.py                           1           0  0.91s           2026-06-07T17:11:59                      13
/opt/airflow/dags/process_reviews_dag.py                           1           0  0.71s           2026-06-07T17:11:29                      11
================================================================================
[2026-06-07T17:12:13.398+0000] {manager.py:483} INFO - Processing files using up to 1 processes at a time 
[2026-06-07T17:12:13.399+0000] {manager.py:484} INFO - Process each file at most once every 30 seconds
[2026-06-07T17:12:13.399+0000] {manager.py:485} INFO - Checking for new files in /opt/airflow/dags every 300 seconds
[2026-06-07T17:12:13.400+0000] {manager.py:821} INFO - Searching for files in /opt/airflow/dags
[2026-06-07T17:12:13.440+0000] {manager.py:824} INFO - There are 2 files in /opt/airflow/dags
[2026-06-07T17:12:14.339+0000] {manager.py:997} INFO - 
================================================================================
DAG File Processing Stats

File Path                                 PID    Runtime      # DAGs    # Errors  Last Runtime    Last Run               Last # of DB Queries
----------------------------------------  -----  ---------  --------  ----------  --------------  -------------------  ----------------------
/opt/airflow/dags/load_to_mongodb_dag.py                           1           0  0.81s           2026-06-07T17:12:14                      13
/opt/airflow/dags/process_reviews_dag.py                           0           0                                                            0
================================================================================
[2026-06-07T17:12:45.293+0000] {manager.py:997} INFO - 
================================================================================
DAG File Processing Stats

File Path                                 PID    Runtime      # DAGs    # Errors  Last Runtime    Last Run               Last # of DB Queries
----------------------------------------  -----  ---------  --------  ----------  --------------  -------------------  ----------------------
/opt/airflow/dags/load_to_mongodb_dag.py                           1           0  0.71s           2026-06-07T17:12:45                      13
/opt/airflow/dags/process_reviews_dag.py                           1           0  0.71s           2026-06-07T17:12:16                      11
================================================================================
[2026-06-07T17:13:16.893+0000] {manager.py:997} INFO - 
================================================================================
DAG File Processing Stats

File Path                                 PID    Runtime      # DAGs    # Errors  Last Runtime    Last Run               Last # of DB Queries
----------------------------------------  -----  ---------  --------  ----------  --------------  -------------------  ----------------------
/opt/airflow/dags/load_to_mongodb_dag.py                           1           0  0.91s           2026-06-07T17:13:16                      13
/opt/airflow/dags/process_reviews_dag.py                           1           0  0.71s           2026-06-07T17:12:47                      11
================================================================================
[2026-06-07T17:13:48.084+0000] {manager.py:997} INFO - 
================================================================================
DAG File Processing Stats

File Path                                 PID    Runtime      # DAGs    # Errors  Last Runtime    Last Run               Last # of DB Queries
----------------------------------------  -----  ---------  --------  ----------  --------------  -------------------  ----------------------
/opt/airflow/dags/load_to_mongodb_dag.py                           1           0  0.71s           2026-06-07T17:13:48                      13
/opt/airflow/dags/process_reviews_dag.py                           1           0  0.61s           2026-06-07T17:13:18                      11
================================================================================
[2026-06-07T17:14:18.940+0000] {manager.py:997} INFO - 
================================================================================
DAG File Processing Stats

File Path                                 PID    Runtime      # DAGs    # Errors  Last Runtime    Last Run               Last # of DB Queries
----------------------------------------  -----  ---------  --------  ----------  --------------  -------------------  ----------------------
/opt/airflow/dags/load_to_mongodb_dag.py                           1           0  0.81s           2026-06-07T17:14:18                      13
/opt/airflow/dags/process_reviews_dag.py                           1           0  0.61s           2026-06-07T17:13:49                      11
================================================================================
[2026-06-07T17:14:49.736+0000] {manager.py:997} INFO - 
================================================================================
DAG File Processing Stats

File Path                                 PID    Runtime      # DAGs    # Errors  Last Runtime    Last Run               Last # of DB Queries
----------------------------------------  -----  ---------  --------  ----------  --------------  -------------------  ----------------------
/opt/airflow/dags/load_to_mongodb_dag.py                           1           0  0.71s           2026-06-07T17:14:49                      13
/opt/airflow/dags/process_reviews_dag.py                           1           0  0.61s           2026-06-07T17:14:20                      11
================================================================================
[2026-06-07T17:15:21.499+0000] {manager.py:997} INFO - 
================================================================================
DAG File Processing Stats

File Path                                 PID    Runtime      # DAGs    # Errors  Last Runtime    Last Run               Last # of DB Queries
----------------------------------------  -----  ---------  --------  ----------  --------------  -------------------  ----------------------
/opt/airflow/dags/load_to_mongodb_dag.py                           1           0  0.71s           2026-06-07T17:15:21                      13
/opt/airflow/dags/process_reviews_dag.py                           1           0  0.52s           2026-06-07T17:14:51                      11
================================================================================
[2026-06-07T17:15:52.536+0000] {manager.py:997} INFO - 
================================================================================
DAG File Processing Stats

File Path                                 PID    Runtime      # DAGs    # Errors  Last Runtime    Last Run               Last # of DB Queries
----------------------------------------  -----  ---------  --------  ----------  --------------  -------------------  ----------------------
/opt/airflow/dags/load_to_mongodb_dag.py                           1           0  0.81s           2026-06-07T17:15:52                      13
/opt/airflow/dags/process_reviews_dag.py                           1           0  0.61s           2026-06-07T17:15:22                      11
================================================================================
[2026-06-07T17:16:24.639+0000] {manager.py:997} INFO - 
================================================================================
DAG File Processing Stats

File Path                                 PID    Runtime      # DAGs    # Errors  Last Runtime    Last Run               Last # of DB Queries
----------------------------------------  -----  ---------  --------  ----------  --------------  -------------------  ----------------------
/opt/airflow/dags/load_to_mongodb_dag.py                           1           0  0.71s           2026-06-07T17:16:24                      13
/opt/airflow/dags/process_reviews_dag.py                           1           0  0.61s           2026-06-07T17:15:53                      11
================================================================================
[2026-06-07T17:17:02.367+0000] {manager.py:997} INFO - 
================================================================================
DAG File Processing Stats

File Path                                 PID    Runtime      # DAGs    # Errors  Last Runtime    Last Run               Last # of DB Queries
----------------------------------------  -----  ---------  --------  ----------  --------------  -------------------  ----------------------
/opt/airflow/dags/load_to_mongodb_dag.py                           1           0  0.71s           2026-06-07T17:17:02                      13
/opt/airflow/dags/process_reviews_dag.py                           1           0  0.71s           2026-06-07T17:16:32                      11
================================================================================
[2026-06-07T17:17:15.534+0000] {manager.py:821} INFO - Searching for files in /opt/airflow/dags
[2026-06-07T17:17:15.621+0000] {manager.py:824} INFO - There are 2 files in /opt/airflow/dags
[2026-06-07T17:17:40.574+0000] {manager.py:997} INFO - 
================================================================================
DAG File Processing Stats

File Path                                 PID    Runtime      # DAGs    # Errors  Last Runtime    Last Run               Last # of DB Queries
----------------------------------------  -----  ---------  --------  ----------  --------------  -------------------  ----------------------
/opt/airflow/dags/load_to_mongodb_dag.py                           1           0  1.91s           2026-06-07T17:17:40                      13
/opt/airflow/dags/process_reviews_dag.py                           1           0  0.61s           2026-06-07T17:17:16                      11
================================================================================
[2026-06-07T17:18:11.891+0000] {manager.py:997} INFO - 
================================================================================
DAG File Processing Stats

File Path                                 PID    Runtime      # DAGs    # Errors  Last Runtime    Last Run               Last # of DB Queries
----------------------------------------  -----  ---------  --------  ----------  --------------  -------------------  ----------------------
/opt/airflow/dags/load_to_mongodb_dag.py                           1           0  0.81s           2026-06-07T17:18:11                      13
/opt/airflow/dags/process_reviews_dag.py                           1           0  0.61s           2026-06-07T17:17:47                      11
================================================================================
[2026-06-07T17:18:43.130+0000] {manager.py:997} INFO - 
================================================================================
DAG File Processing Stats

File Path                                 PID    Runtime      # DAGs    # Errors  Last Runtime    Last Run               Last # of DB Queries
----------------------------------------  -----  ---------  --------  ----------  --------------  -------------------  ----------------------
/opt/airflow/dags/process_reviews_dag.py                           1           0  0.71s           2026-06-07T17:18:18                      11
/opt/airflow/dags/load_to_mongodb_dag.py                           1           0  0.71s           2026-06-07T17:18:43                      13
================================================================================
[2026-06-07T17:19:14.558+0000] {manager.py:997} INFO - 
================================================================================
DAG File Processing Stats

File Path                                 PID    Runtime      # DAGs    # Errors  Last Runtime    Last Run               Last # of DB Queries
----------------------------------------  -----  ---------  --------  ----------  --------------  -------------------  ----------------------
/opt/airflow/dags/load_to_mongodb_dag.py                           1           0  0.71s           2026-06-07T17:19:14                      13
/opt/airflow/dags/process_reviews_dag.py                           1           0  0.61s           2026-06-07T17:18:49                      11
================================================================================
[2026-06-07T17:19:46.174+0000] {manager.py:997} INFO - 
================================================================================
DAG File Processing Stats

File Path                                 PID    Runtime      # DAGs    # Errors  Last Runtime    Last Run               Last # of DB Queries
----------------------------------------  -----  ---------  --------  ----------  --------------  -------------------  ----------------------
/opt/airflow/dags/load_to_mongodb_dag.py                           1           0  0.91s           2026-06-07T17:19:46                      13
/opt/airflow/dags/process_reviews_dag.py                           1           0  0.71s           2026-06-07T17:19:19                      11
================================================================================
[2026-06-07T17:20:17.480+0000] {manager.py:997} INFO - 
================================================================================
DAG File Processing Stats

File Path                                 PID    Runtime      # DAGs    # Errors  Last Runtime    Last Run               Last # of DB Queries
----------------------------------------  -----  ---------  --------  ----------  --------------  -------------------  ----------------------
/opt/airflow/dags/load_to_mongodb_dag.py                           1           0  0.91s           2026-06-07T17:20:17                      13
/opt/airflow/dags/process_reviews_dag.py                           1           0  0.71s           2026-06-07T17:19:50                      11
================================================================================
[2026-06-07T17:20:48.658+0000] {manager.py:997} INFO - 
================================================================================
DAG File Processing Stats

File Path                                 PID    Runtime      # DAGs    # Errors  Last Runtime    Last Run               Last # of DB Queries
----------------------------------------  -----  ---------  --------  ----------  --------------  -------------------  ----------------------
/opt/airflow/dags/load_to_mongodb_dag.py                           1           0  0.81s           2026-06-07T17:20:48                      13
/opt/airflow/dags/process_reviews_dag.py                           1           0  0.62s           2026-06-07T17:20:21                      11
================================================================================
[2026-06-07T17:21:19.603+0000] {manager.py:997} INFO - 
================================================================================
DAG File Processing Stats

File Path                                 PID    Runtime      # DAGs    # Errors  Last Runtime    Last Run               Last # of DB Queries
----------------------------------------  -----  ---------  --------  ----------  --------------  -------------------  ----------------------
/opt/airflow/dags/load_to_mongodb_dag.py                           1           0  0.81s           2026-06-07T17:21:19                      13
/opt/airflow/dags/process_reviews_dag.py                           1           0  0.61s           2026-06-07T17:20:52                      11
================================================================================
[2026-06-07T17:21:50.683+0000] {manager.py:997} INFO - 
================================================================================
DAG File Processing Stats

File Path                                 PID    Runtime      # DAGs    # Errors  Last Runtime    Last Run               Last # of DB Queries
----------------------------------------  -----  ---------  --------  ----------  --------------  -------------------  ----------------------
/opt/airflow/dags/process_reviews_dag.py                           1           0  0.81s           2026-06-07T17:21:23                      11
/opt/airflow/dags/load_to_mongodb_dag.py                           1           0  0.71s           2026-06-07T17:21:50                      13
================================================================================
[2026-06-07T17:22:15.673+0000] {manager.py:821} INFO - Searching for files in /opt/airflow/dags
[2026-06-07T17:22:15.732+0000] {manager.py:824} INFO - There are 2 files in /opt/airflow/dags
[2026-06-07T17:22:21.744+0000] {manager.py:997} INFO - 
================================================================================
DAG File Processing Stats

File Path                                 PID    Runtime      # DAGs    # Errors  Last Runtime    Last Run               Last # of DB Queries
----------------------------------------  -----  ---------  --------  ----------  --------------  -------------------  ----------------------
/opt/airflow/dags/load_to_mongodb_dag.py                           1           0  0.71s           2026-06-07T17:22:21                      13
/opt/airflow/dags/process_reviews_dag.py                           1           0  0.62s           2026-06-07T17:21:54                      11
================================================================================
[2026-06-07T17:22:52.900+0000] {manager.py:997} INFO - 
================================================================================
DAG File Processing Stats

File Path                                 PID    Runtime      # DAGs    # Errors  Last Runtime    Last Run               Last # of DB Queries
----------------------------------------  -----  ---------  --------  ----------  --------------  -------------------  ----------------------
/opt/airflow/dags/load_to_mongodb_dag.py                           1           0  0.81s           2026-06-07T17:22:52                      13
/opt/airflow/dags/process_reviews_dag.py                           1           0  0.61s           2026-06-07T17:22:24                      11
================================================================================
[2026-06-07T17:23:24.072+0000] {manager.py:997} INFO - 
================================================================================
DAG File Processing Stats

File Path                                 PID    Runtime      # DAGs    # Errors  Last Runtime    Last Run               Last # of DB Queries
----------------------------------------  -----  ---------  --------  ----------  --------------  -------------------  ----------------------
/opt/airflow/dags/load_to_mongodb_dag.py                           1           0  0.71s           2026-06-07T17:23:24                      13
/opt/airflow/dags/process_reviews_dag.py                           1           0  0.71s           2026-06-07T17:22:55                      11
================================================================================
[2026-06-07T17:23:55.178+0000] {manager.py:997} INFO - 
================================================================================
DAG File Processing Stats

File Path                                 PID    Runtime      # DAGs    # Errors  Last Runtime    Last Run               Last # of DB Queries
----------------------------------------  -----  ---------  --------  ----------  --------------  -------------------  ----------------------
/opt/airflow/dags/process_reviews_dag.py                           1           0  0.80s           2026-06-07T17:23:26                      11
/opt/airflow/dags/load_to_mongodb_dag.py                           1           0  0.71s           2026-06-07T17:23:55                      13
================================================================================
[2026-06-07T17:24:26.240+0000] {manager.py:997} INFO - 
================================================================================
DAG File Processing Stats

File Path                                 PID    Runtime      # DAGs    # Errors  Last Runtime    Last Run               Last # of DB Queries
----------------------------------------  -----  ---------  --------  ----------  --------------  -------------------  ----------------------
/opt/airflow/dags/process_reviews_dag.py                           1           0  0.71s           2026-06-07T17:23:57                      11
/opt/airflow/dags/load_to_mongodb_dag.py                           1           0  0.70s           2026-06-07T17:24:26                      13
================================================================================
[2026-06-07T17:24:57.404+0000] {manager.py:997} INFO - 
================================================================================
DAG File Processing Stats

File Path                                 PID    Runtime      # DAGs    # Errors  Last Runtime    Last Run               Last # of DB Queries
----------------------------------------  -----  ---------  --------  ----------  --------------  -------------------  ----------------------
/opt/airflow/dags/load_to_mongodb_dag.py                           1           0  0.81s           2026-06-07T17:24:57                      13
/opt/airflow/dags/process_reviews_dag.py                           1           0  0.51s           2026-06-07T17:24:28                      11
================================================================================
[2026-06-07T17:25:28.473+0000] {manager.py:997} INFO - 
================================================================================
DAG File Processing Stats

File Path                                 PID    Runtime      # DAGs    # Errors  Last Runtime    Last Run               Last # of DB Queries
----------------------------------------  -----  ---------  --------  ----------  --------------  -------------------  ----------------------
/opt/airflow/dags/load_to_mongodb_dag.py                           1           0  0.71s           2026-06-07T17:25:28                      13
/opt/airflow/dags/process_reviews_dag.py                           1           0  0.51s           2026-06-07T17:24:58                      11
================================================================================
[2026-06-07T17:25:59.480+0000] {manager.py:997} INFO - 
================================================================================
DAG File Processing Stats

File Path                                 PID    Runtime      # DAGs    # Errors  Last Runtime    Last Run               Last # of DB Queries
----------------------------------------  -----  ---------  --------  ----------  --------------  -------------------  ----------------------
/opt/airflow/dags/load_to_mongodb_dag.py                           1           0  0.71s           2026-06-07T17:25:59                      13
/opt/airflow/dags/process_reviews_dag.py                           1           0  0.61s           2026-06-07T17:25:29                      11
================================================================================
[2026-06-07T17:26:30.408+0000] {manager.py:997} INFO - 
================================================================================
DAG File Processing Stats

File Path                                 PID    Runtime      # DAGs    # Errors  Last Runtime    Last Run               Last # of DB Queries
----------------------------------------  -----  ---------  --------  ----------  --------------  -------------------  ----------------------
/opt/airflow/dags/load_to_mongodb_dag.py                           1           0  0.82s           2026-06-07T17:26:30                      13
/opt/airflow/dags/process_reviews_dag.py                           1           0  0.61s           2026-06-07T17:26:01                      11
================================================================================
[2026-06-07T17:27:01.323+0000] {manager.py:997} INFO - 
================================================================================
DAG File Processing Stats

File Path                                 PID    Runtime      # DAGs    # Errors  Last Runtime    Last Run               Last # of DB Queries
----------------------------------------  -----  ---------  --------  ----------  --------------  -------------------  ----------------------
/opt/airflow/dags/load_to_mongodb_dag.py                           1           0  0.81s           2026-06-07T17:27:01                      13
/opt/airflow/dags/process_reviews_dag.py                           1           0  0.61s           2026-06-07T17:26:32                      11
================================================================================
[2026-06-07T17:27:15.974+0000] {manager.py:821} INFO - Searching for files in /opt/airflow/dags
[2026-06-07T17:27:16.033+0000] {manager.py:824} INFO - There are 2 files in /opt/airflow/dags
[2026-06-07T17:27:32.357+0000] {manager.py:997} INFO - 
================================================================================
DAG File Processing Stats

File Path                                 PID    Runtime      # DAGs    # Errors  Last Runtime    Last Run               Last # of DB Queries
----------------------------------------  -----  ---------  --------  ----------  --------------  -------------------  ----------------------
/opt/airflow/dags/load_to_mongodb_dag.py                           1           0  0.91s           2026-06-07T17:27:32                      13
/opt/airflow/dags/process_reviews_dag.py                           1           0  0.61s           2026-06-07T17:27:03                      11
================================================================================
[2026-06-07T17:28:03.312+0000] {manager.py:997} INFO - 
================================================================================
DAG File Processing Stats

File Path                                 PID    Runtime      # DAGs    # Errors  Last Runtime    Last Run               Last # of DB Queries
----------------------------------------  -----  ---------  --------  ----------  --------------  -------------------  ----------------------
/opt/airflow/dags/process_reviews_dag.py                           1           0  1.01s           2026-06-07T17:27:34                      11
/opt/airflow/dags/load_to_mongodb_dag.py                           1           0  0.82s           2026-06-07T17:28:03                      13
================================================================================
[2026-06-07T17:28:34.256+0000] {manager.py:997} INFO - 
================================================================================
DAG File Processing Stats

File Path                                 PID    Runtime      # DAGs    # Errors  Last Runtime    Last Run               Last # of DB Queries
----------------------------------------  -----  ---------  --------  ----------  --------------  -------------------  ----------------------
/opt/airflow/dags/load_to_mongodb_dag.py                           1           0  0.81s           2026-06-07T17:28:34                      13
/opt/airflow/dags/process_reviews_dag.py                           1           0  0.81s           2026-06-07T17:28:06                      11
================================================================================
[2026-06-07T17:29:05.182+0000] {manager.py:997} INFO - 
================================================================================
DAG File Processing Stats

File Path                                 PID    Runtime      # DAGs    # Errors  Last Runtime    Last Run               Last # of DB Queries
----------------------------------------  -----  ---------  --------  ----------  --------------  -------------------  ----------------------
/opt/airflow/dags/load_to_mongodb_dag.py                           1           0  0.81s           2026-06-07T17:29:05                      13
/opt/airflow/dags/process_reviews_dag.py                           1           0  0.61s           2026-06-07T17:28:37                      11
================================================================================
[2026-06-07T17:29:36.003+0000] {manager.py:997} INFO - 
================================================================================
DAG File Processing Stats

File Path                                 PID    Runtime      # DAGs    # Errors  Last Runtime    Last Run               Last # of DB Queries
----------------------------------------  -----  ---------  --------  ----------  --------------  -------------------  ----------------------
/opt/airflow/dags/load_to_mongodb_dag.py                           1           0  0.71s           2026-06-07T17:29:36                      13
/opt/airflow/dags/process_reviews_dag.py                           1           0  0.71s           2026-06-07T17:29:08                      11
================================================================================
[2026-06-07T17:30:06.821+0000] {manager.py:997} INFO - 
================================================================================
DAG File Processing Stats

File Path                                 PID    Runtime      # DAGs    # Errors  Last Runtime    Last Run               Last # of DB Queries
----------------------------------------  -----  ---------  --------  ----------  --------------  -------------------  ----------------------
/opt/airflow/dags/process_reviews_dag.py                           1           0  0.71s           2026-06-07T17:29:38                      11
/opt/airflow/dags/load_to_mongodb_dag.py                           1           0  0.71s           2026-06-07T17:30:06                      13
================================================================================
[2026-06-07T17:30:37.632+0000] {manager.py:997} INFO - 
================================================================================
DAG File Processing Stats

File Path                                 PID    Runtime      # DAGs    # Errors  Last Runtime    Last Run               Last # of DB Queries
----------------------------------------  -----  ---------  --------  ----------  --------------  -------------------  ----------------------
/opt/airflow/dags/load_to_mongodb_dag.py                           1           0  0.71s           2026-06-07T17:30:37                      13
/opt/airflow/dags/process_reviews_dag.py                           1           0  0.61s           2026-06-07T17:30:09                      11
================================================================================
[2026-06-07T17:31:08.665+0000] {manager.py:997} INFO - 
================================================================================
DAG File Processing Stats

File Path                                 PID    Runtime      # DAGs    # Errors  Last Runtime    Last Run               Last # of DB Queries
----------------------------------------  -----  ---------  --------  ----------  --------------  -------------------  ----------------------
/opt/airflow/dags/load_to_mongodb_dag.py                           1           0  0.91s           2026-06-07T17:31:08                      13
/opt/airflow/dags/process_reviews_dag.py                           1           0  0.81s           2026-06-07T17:30:40                      11
================================================================================
[2026-06-07T17:31:39.661+0000] {manager.py:997} INFO - 
================================================================================
DAG File Processing Stats

File Path                                 PID    Runtime      # DAGs    # Errors  Last Runtime    Last Run               Last # of DB Queries
----------------------------------------  -----  ---------  --------  ----------  --------------  -------------------  ----------------------
/opt/airflow/dags/load_to_mongodb_dag.py                           1           0  0.91s           2026-06-07T17:31:39                      13
/opt/airflow/dags/process_reviews_dag.py                           1           0  0.61s           2026-06-07T17:31:11                      11
================================================================================
[2026-06-07T17:32:10.511+0000] {manager.py:997} INFO - 
================================================================================
DAG File Processing Stats

File Path                                 PID    Runtime      # DAGs    # Errors  Last Runtime    Last Run               Last # of DB Queries
----------------------------------------  -----  ---------  --------  ----------  --------------  -------------------  ----------------------
/opt/airflow/dags/load_to_mongodb_dag.py                           1           0  0.71s           2026-06-07T17:32:10                      13
/opt/airflow/dags/process_reviews_dag.py                           1           0  0.71s           2026-06-07T17:31:42                      11
================================================================================
[2026-06-07T17:32:16.231+0000] {manager.py:821} INFO - Searching for files in /opt/airflow/dags
[2026-06-07T17:32:16.274+0000] {manager.py:824} INFO - There are 2 files in /opt/airflow/dags
[2026-06-07T17:32:41.333+0000] {manager.py:997} INFO - 
================================================================================
DAG File Processing Stats

File Path                                 PID    Runtime      # DAGs    # Errors  Last Runtime    Last Run               Last # of DB Queries
----------------------------------------  -----  ---------  --------  ----------  --------------  -------------------  ----------------------
/opt/airflow/dags/load_to_mongodb_dag.py                           1           0  0.71s           2026-06-07T17:32:41                      13
/opt/airflow/dags/process_reviews_dag.py                           1           0  0.61s           2026-06-07T17:32:13                      11
================================================================================
[2026-06-07T17:33:12.251+0000] {manager.py:997} INFO - 
================================================================================
DAG File Processing Stats

File Path                                 PID    Runtime      # DAGs    # Errors  Last Runtime    Last Run               Last # of DB Queries
----------------------------------------  -----  ---------  --------  ----------  --------------  -------------------  ----------------------
/opt/airflow/dags/load_to_mongodb_dag.py                           1           0  0.81s           2026-06-07T17:33:12                      13
/opt/airflow/dags/process_reviews_dag.py                           1           0  0.61s           2026-06-07T17:32:44                      11
================================================================================
[2026-06-07T17:33:43.084+0000] {manager.py:997} INFO - 
================================================================================
DAG File Processing Stats

File Path                                 PID    Runtime      # DAGs    # Errors  Last Runtime    Last Run               Last # of DB Queries
----------------------------------------  -----  ---------  --------  ----------  --------------  -------------------  ----------------------
/opt/airflow/dags/process_reviews_dag.py                           1           0  0.81s           2026-06-07T17:33:15                      11
/opt/airflow/dags/load_to_mongodb_dag.py                           1           0  0.71s           2026-06-07T17:33:43                      13
================================================================================
[2026-06-07T17:34:13.904+0000] {manager.py:997} INFO - 
================================================================================
DAG File Processing Stats

File Path                                 PID    Runtime      # DAGs    # Errors  Last Runtime    Last Run               Last # of DB Queries
----------------------------------------  -----  ---------  --------  ----------  --------------  -------------------  ----------------------
/opt/airflow/dags/process_reviews_dag.py                           1           0  0.71s           2026-06-07T17:33:46                      11
/opt/airflow/dags/load_to_mongodb_dag.py                           1           0  0.71s           2026-06-07T17:34:13                      13
================================================================================
[2026-06-07T17:34:44.731+0000] {manager.py:997} INFO - 
================================================================================
DAG File Processing Stats

File Path                                 PID    Runtime      # DAGs    # Errors  Last Runtime    Last Run               Last # of DB Queries
----------------------------------------  -----  ---------  --------  ----------  --------------  -------------------  ----------------------
/opt/airflow/dags/process_reviews_dag.py                           1           0  0.71s           2026-06-07T17:34:18                      11
/opt/airflow/dags/load_to_mongodb_dag.py                           1           0  0.71s           2026-06-07T17:34:44                      13
================================================================================
[2026-06-07T17:35:15.547+0000] {manager.py:997} INFO - 
================================================================================
DAG File Processing Stats

File Path                                 PID    Runtime      # DAGs    # Errors  Last Runtime    Last Run               Last # of DB Queries
----------------------------------------  -----  ---------  --------  ----------  --------------  -------------------  ----------------------
/opt/airflow/dags/load_to_mongodb_dag.py                           1           0  0.71s           2026-06-07T17:35:15                      13
/opt/airflow/dags/process_reviews_dag.py                           1           0  0.61s           2026-06-07T17:34:49                      11
================================================================================
[2026-06-07T17:35:46.372+0000] {manager.py:997} INFO - 
================================================================================
DAG File Processing Stats

File Path                                 PID    Runtime      # DAGs    # Errors  Last Runtime    Last Run               Last # of DB Queries
----------------------------------------  -----  ---------  --------  ----------  --------------  -------------------  ----------------------
/opt/airflow/dags/load_to_mongodb_dag.py                           1           0  0.71s           2026-06-07T17:35:46                      13
/opt/airflow/dags/process_reviews_dag.py                           1           0  0.71s           2026-06-07T17:35:21                      11
================================================================================
[2026-06-07T17:36:17.151+0000] {manager.py:997} INFO - 
================================================================================
DAG File Processing Stats

File Path                                 PID    Runtime      # DAGs    # Errors  Last Runtime    Last Run               Last # of DB Queries
----------------------------------------  -----  ---------  --------  ----------  --------------  -------------------  ----------------------
/opt/airflow/dags/process_reviews_dag.py                           1           0  0.71s           2026-06-07T17:35:52                      11
/opt/airflow/dags/load_to_mongodb_dag.py                           1           0  0.71s           2026-06-07T17:36:17                      13
================================================================================
[2026-06-07T17:36:48.153+0000] {manager.py:997} INFO - 
================================================================================
DAG File Processing Stats

File Path                                 PID    Runtime      # DAGs    # Errors  Last Runtime    Last Run               Last # of DB Queries
----------------------------------------  -----  ---------  --------  ----------  --------------  -------------------  ----------------------
/opt/airflow/dags/load_to_mongodb_dag.py                           1           0  0.91s           2026-06-07T17:36:48                      13
/opt/airflow/dags/process_reviews_dag.py                           1           0  0.71s           2026-06-07T17:36:23                      11
================================================================================
[2026-06-07T17:37:16.563+0000] {manager.py:821} INFO - Searching for files in /opt/airflow/dags
[2026-06-07T17:37:16.608+0000] {manager.py:824} INFO - There are 2 files in /opt/airflow/dags
[2026-06-07T17:37:18.954+0000] {manager.py:997} INFO - 
================================================================================
DAG File Processing Stats

File Path                                 PID    Runtime      # DAGs    # Errors  Last Runtime    Last Run               Last # of DB Queries
----------------------------------------  -----  ---------  --------  ----------  --------------  -------------------  ----------------------
/opt/airflow/dags/load_to_mongodb_dag.py                           1           0  0.71s           2026-06-07T17:37:18                      13
/opt/airflow/dags/process_reviews_dag.py                           1           0  0.61s           2026-06-07T17:36:54                      11
================================================================================
[2026-06-07T17:37:49.869+0000] {manager.py:997} INFO - 
================================================================================
DAG File Processing Stats

File Path                                 PID    Runtime      # DAGs    # Errors  Last Runtime    Last Run               Last # of DB Queries
----------------------------------------  -----  ---------  --------  ----------  --------------  -------------------  ----------------------
/opt/airflow/dags/load_to_mongodb_dag.py                           1           0  0.81s           2026-06-07T17:37:49                      13
/opt/airflow/dags/process_reviews_dag.py                           1           0  0.61s           2026-06-07T17:37:25                      11
================================================================================
[2026-06-07T17:38:20.784+0000] {manager.py:997} INFO - 
================================================================================
DAG File Processing Stats

File Path                                 PID    Runtime      # DAGs    # Errors  Last Runtime    Last Run               Last # of DB Queries
----------------------------------------  -----  ---------  --------  ----------  --------------  -------------------  ----------------------
/opt/airflow/dags/load_to_mongodb_dag.py                           1           0  0.81s           2026-06-07T17:38:20                      13
/opt/airflow/dags/process_reviews_dag.py                           1           0  0.60s           2026-06-07T17:37:56                      11
================================================================================
[2026-06-07T17:38:51.603+0000] {manager.py:997} INFO - 
================================================================================
DAG File Processing Stats

File Path                                 PID    Runtime      # DAGs    # Errors  Last Runtime    Last Run               Last # of DB Queries
----------------------------------------  -----  ---------  --------  ----------  --------------  -------------------  ----------------------
/opt/airflow/dags/load_to_mongodb_dag.py                           1           0  0.71s           2026-06-07T17:38:51                      13
/opt/airflow/dags/process_reviews_dag.py                           1           0  0.61s           2026-06-07T17:38:27                      11
================================================================================
[2026-06-07T17:39:22.407+0000] {manager.py:997} INFO - 
================================================================================
DAG File Processing Stats

File Path                                 PID    Runtime      # DAGs    # Errors  Last Runtime    Last Run               Last # of DB Queries
----------------------------------------  -----  ---------  --------  ----------  --------------  -------------------  ----------------------
/opt/airflow/dags/load_to_mongodb_dag.py                           1           0  0.71s           2026-06-07T17:39:22                      13
/opt/airflow/dags/process_reviews_dag.py                           1           0  0.71s           2026-06-07T17:38:58                      11
================================================================================
[2026-06-07T17:39:53.339+0000] {manager.py:997} INFO - 
================================================================================
DAG File Processing Stats

File Path                                 PID    Runtime      # DAGs    # Errors  Last Runtime    Last Run               Last # of DB Queries
----------------------------------------  -----  ---------  --------  ----------  --------------  -------------------  ----------------------
/opt/airflow/dags/process_reviews_dag.py                           1           0  0.81s           2026-06-07T17:39:29                      11
/opt/airflow/dags/load_to_mongodb_dag.py                           1           0  0.81s           2026-06-07T17:39:53                      13
================================================================================
[2026-06-07T17:40:24.148+0000] {manager.py:997} INFO - 
================================================================================
DAG File Processing Stats

File Path                                 PID    Runtime      # DAGs    # Errors  Last Runtime    Last Run               Last # of DB Queries
----------------------------------------  -----  ---------  --------  ----------  --------------  -------------------  ----------------------
/opt/airflow/dags/process_reviews_dag.py                           1           0  0.71s           2026-06-07T17:40:00                      11
/opt/airflow/dags/load_to_mongodb_dag.py                           1           0  0.71s           2026-06-07T17:40:24                      13
================================================================================
[2026-06-07T17:40:54.962+0000] {manager.py:997} INFO - 
================================================================================
DAG File Processing Stats

File Path                                 PID    Runtime      # DAGs    # Errors  Last Runtime    Last Run               Last # of DB Queries
----------------------------------------  -----  ---------  --------  ----------  --------------  -------------------  ----------------------
/opt/airflow/dags/process_reviews_dag.py                           1           0  0.81s           2026-06-07T17:40:31                      11
/opt/airflow/dags/load_to_mongodb_dag.py                           1           0  0.71s           2026-06-07T17:40:54                      13
================================================================================
[2026-06-07T17:41:25.762+0000] {manager.py:997} INFO - 
================================================================================
DAG File Processing Stats

File Path                                 PID    Runtime      # DAGs    # Errors  Last Runtime    Last Run               Last # of DB Queries
----------------------------------------  -----  ---------  --------  ----------  --------------  -------------------  ----------------------
/opt/airflow/dags/process_reviews_dag.py                           1           0  0.71s           2026-06-07T17:41:02                      11
/opt/airflow/dags/load_to_mongodb_dag.py                           1           0  0.71s           2026-06-07T17:41:25                      13
================================================================================
[2026-06-07T17:41:56.701+0000] {manager.py:997} INFO - 
================================================================================
DAG File Processing Stats

File Path                                 PID    Runtime      # DAGs    # Errors  Last Runtime    Last Run               Last # of DB Queries
----------------------------------------  -----  ---------  --------  ----------  --------------  -------------------  ----------------------
/opt/airflow/dags/load_to_mongodb_dag.py                           1           0  0.81s           2026-06-07T17:41:56                      13
/opt/airflow/dags/process_reviews_dag.py                           1           0  0.71s           2026-06-07T17:41:33                      11
================================================================================
[2026-06-07T17:42:16.578+0000] {manager.py:821} INFO - Searching for files in /opt/airflow/dags
[2026-06-07T17:42:16.649+0000] {manager.py:824} INFO - There are 2 files in /opt/airflow/dags
[2026-06-07T17:42:27.911+0000] {manager.py:997} INFO - 
================================================================================
DAG File Processing Stats

File Path                                 PID    Runtime      # DAGs    # Errors  Last Runtime    Last Run               Last # of DB Queries
----------------------------------------  -----  ---------  --------  ----------  --------------  -------------------  ----------------------
/opt/airflow/dags/load_to_mongodb_dag.py                           1           0  1.11s           2026-06-07T17:42:27                      13
/opt/airflow/dags/process_reviews_dag.py                           1           0  0.71s           2026-06-07T17:42:04                      11
================================================================================
[2026-06-07T17:42:58.822+0000] {manager.py:997} INFO - 
================================================================================
DAG File Processing Stats

File Path                                 PID    Runtime      # DAGs    # Errors  Last Runtime    Last Run               Last # of DB Queries
----------------------------------------  -----  ---------  --------  ----------  --------------  -------------------  ----------------------
/opt/airflow/dags/process_reviews_dag.py                           1           0  0.91s           2026-06-07T17:42:36                      11
/opt/airflow/dags/load_to_mongodb_dag.py                           1           0  0.81s           2026-06-07T17:42:58                      13
================================================================================
[2026-06-07T17:43:29.731+0000] {manager.py:997} INFO - 
================================================================================
DAG File Processing Stats

File Path                                 PID    Runtime      # DAGs    # Errors  Last Runtime    Last Run               Last # of DB Queries
----------------------------------------  -----  ---------  --------  ----------  --------------  -------------------  ----------------------
/opt/airflow/dags/load_to_mongodb_dag.py                           1           0  0.81s           2026-06-07T17:43:29                      13
/opt/airflow/dags/process_reviews_dag.py                           1           0  0.61s           2026-06-07T17:43:07                      11
================================================================================
[2026-06-07T17:44:00.641+0000] {manager.py:997} INFO - 
================================================================================
DAG File Processing Stats

File Path                                 PID    Runtime      # DAGs    # Errors  Last Runtime    Last Run               Last # of DB Queries
----------------------------------------  -----  ---------  --------  ----------  --------------  -------------------  ----------------------
/opt/airflow/dags/load_to_mongodb_dag.py                           1           0  0.81s           2026-06-07T17:44:00                      13
/opt/airflow/dags/process_reviews_dag.py                           1           0  0.71s           2026-06-07T17:43:38                      11
================================================================================
[2026-06-07T17:44:31.550+0000] {manager.py:997} INFO - 
================================================================================
DAG File Processing Stats

File Path                                 PID    Runtime      # DAGs    # Errors  Last Runtime    Last Run               Last # of DB Queries
----------------------------------------  -----  ---------  --------  ----------  --------------  -------------------  ----------------------
/opt/airflow/dags/process_reviews_dag.py                           1           0  0.91s           2026-06-07T17:44:09                      11
/opt/airflow/dags/load_to_mongodb_dag.py                           1           0  0.81s           2026-06-07T17:44:31                      13
================================================================================
[2026-06-07T17:45:02.365+0000] {manager.py:997} INFO - 
================================================================================
DAG File Processing Stats

File Path                                 PID    Runtime      # DAGs    # Errors  Last Runtime    Last Run               Last # of DB Queries
----------------------------------------  -----  ---------  --------  ----------  --------------  -------------------  ----------------------
/opt/airflow/dags/load_to_mongodb_dag.py                           1           0  0.71s           2026-06-07T17:45:02                      13
/opt/airflow/dags/process_reviews_dag.py                           1           0  0.71s           2026-06-07T17:44:40                      11
================================================================================
[2026-06-07T17:45:33.180+0000] {manager.py:997} INFO - 
================================================================================
DAG File Processing Stats

File Path                                 PID    Runtime      # DAGs    # Errors  Last Runtime    Last Run               Last # of DB Queries
----------------------------------------  -----  ---------  --------  ----------  --------------  -------------------  ----------------------
/opt/airflow/dags/load_to_mongodb_dag.py                           1           0  0.71s           2026-06-07T17:45:33                      13
/opt/airflow/dags/process_reviews_dag.py                           1           0  0.61s           2026-06-07T17:45:11                      11
================================================================================
[2026-06-07T17:46:03.972+0000] {manager.py:997} INFO - 
================================================================================
DAG File Processing Stats

File Path                                 PID    Runtime      # DAGs    # Errors  Last Runtime    Last Run               Last # of DB Queries
----------------------------------------  -----  ---------  --------  ----------  --------------  -------------------  ----------------------
/opt/airflow/dags/process_reviews_dag.py                           1           0  0.71s           2026-06-07T17:45:42                      11
/opt/airflow/dags/load_to_mongodb_dag.py                           1           0  0.71s           2026-06-07T17:46:03                      13
================================================================================
[2026-06-07T17:46:34.785+0000] {manager.py:997} INFO - 
================================================================================
DAG File Processing Stats

File Path                                 PID    Runtime      # DAGs    # Errors  Last Runtime    Last Run               Last # of DB Queries
----------------------------------------  -----  ---------  --------  ----------  --------------  -------------------  ----------------------
/opt/airflow/dags/process_reviews_dag.py                           1           0  0.71s           2026-06-07T17:46:13                      11
/opt/airflow/dags/load_to_mongodb_dag.py                           1           0  0.71s           2026-06-07T17:46:34                      13
================================================================================
[2026-06-07T17:47:05.565+0000] {manager.py:997} INFO - 
================================================================================
DAG File Processing Stats

File Path                                 PID    Runtime      # DAGs    # Errors  Last Runtime    Last Run               Last # of DB Queries
----------------------------------------  -----  ---------  --------  ----------  --------------  -------------------  ----------------------
/opt/airflow/dags/load_to_mongodb_dag.py                           1           0  0.71s           2026-06-07T17:47:05                      13
/opt/airflow/dags/process_reviews_dag.py                           1           0  0.61s           2026-06-07T17:46:44                      11
================================================================================
[2026-06-07T17:47:16.690+0000] {manager.py:821} INFO - Searching for files in /opt/airflow/dags
[2026-06-07T17:47:16.766+0000] {manager.py:824} INFO - There are 2 files in /opt/airflow/dags
[2026-06-07T17:47:36.385+0000] {manager.py:997} INFO - 
================================================================================
DAG File Processing Stats

File Path                                 PID    Runtime      # DAGs    # Errors  Last Runtime    Last Run               Last # of DB Queries
----------------------------------------  -----  ---------  --------  ----------  --------------  -------------------  ----------------------
/opt/airflow/dags/load_to_mongodb_dag.py                           1           0  0.71s           2026-06-07T17:47:36                      13
/opt/airflow/dags/process_reviews_dag.py                           1           0  0.61s           2026-06-07T17:47:15                      11
================================================================================
[2026-06-07T17:48:07.222+0000] {manager.py:997} INFO - 
================================================================================
DAG File Processing Stats

File Path                                 PID    Runtime      # DAGs    # Errors  Last Runtime    Last Run               Last # of DB Queries
----------------------------------------  -----  ---------  --------  ----------  --------------  -------------------  ----------------------
/opt/airflow/dags/load_to_mongodb_dag.py                           1           0  0.71s           2026-06-07T17:48:07                      13
/opt/airflow/dags/process_reviews_dag.py                           1           0  0.61s           2026-06-07T17:47:46                      11
================================================================================
[2026-06-07T17:48:38.029+0000] {manager.py:997} INFO - 
================================================================================
DAG File Processing Stats

File Path                                 PID    Runtime      # DAGs    # Errors  Last Runtime    Last Run               Last # of DB Queries
----------------------------------------  -----  ---------  --------  ----------  --------------  -------------------  ----------------------
/opt/airflow/dags/load_to_mongodb_dag.py                           1           0  0.71s           2026-06-07T17:48:38                      13
/opt/airflow/dags/process_reviews_dag.py                           1           0  0.71s           2026-06-07T17:48:17                      11
================================================================================
[2026-06-07T17:49:08.933+0000] {manager.py:997} INFO - 
================================================================================
DAG File Processing Stats

File Path                                 PID    Runtime      # DAGs    # Errors  Last Runtime    Last Run               Last # of DB Queries
----------------------------------------  -----  ---------  --------  ----------  --------------  -------------------  ----------------------
/opt/airflow/dags/load_to_mongodb_dag.py                           1           0  0.81s           2026-06-07T17:49:08                      13
/opt/airflow/dags/process_reviews_dag.py                           1           0  0.71s           2026-06-07T17:48:48                      11
================================================================================
[2026-06-07T17:49:39.738+0000] {manager.py:997} INFO - 
================================================================================
DAG File Processing Stats

File Path                                 PID    Runtime      # DAGs    # Errors  Last Runtime    Last Run               Last # of DB Queries
----------------------------------------  -----  ---------  --------  ----------  --------------  -------------------  ----------------------
/opt/airflow/dags/load_to_mongodb_dag.py                           1           0  0.71s           2026-06-07T17:49:39                      13
/opt/airflow/dags/process_reviews_dag.py                           1           0  0.61s           2026-06-07T17:49:19                      11
================================================================================
[2026-06-07T17:50:10.545+0000] {manager.py:997} INFO - 
================================================================================
DAG File Processing Stats

File Path                                 PID    Runtime      # DAGs    # Errors  Last Runtime    Last Run               Last # of DB Queries
----------------------------------------  -----  ---------  --------  ----------  --------------  -------------------  ----------------------
/opt/airflow/dags/process_reviews_dag.py                           1           0  0.71s           2026-06-07T17:49:50                      11
/opt/airflow/dags/load_to_mongodb_dag.py                           1           0  0.71s           2026-06-07T17:50:10                      13
================================================================================
[2026-06-07T17:50:41.348+0000] {manager.py:997} INFO - 
================================================================================
DAG File Processing Stats

File Path                                 PID    Runtime      # DAGs    # Errors  Last Runtime    Last Run               Last # of DB Queries
----------------------------------------  -----  ---------  --------  ----------  --------------  -------------------  ----------------------
/opt/airflow/dags/load_to_mongodb_dag.py                           1           0  0.71s           2026-06-07T17:50:41                      13
/opt/airflow/dags/process_reviews_dag.py                           1           0  0.71s           2026-06-07T17:50:21                      11
================================================================================
[2026-06-07T17:51:12.240+0000] {manager.py:997} INFO - 
================================================================================
DAG File Processing Stats

File Path                                 PID    Runtime      # DAGs    # Errors  Last Runtime    Last Run               Last # of DB Queries
----------------------------------------  -----  ---------  --------  ----------  --------------  -------------------  ----------------------
/opt/airflow/dags/load_to_mongodb_dag.py                           1           0  0.81s           2026-06-07T17:51:12                      13
/opt/airflow/dags/process_reviews_dag.py                           1           0  0.61s           2026-06-07T17:50:52                      11
================================================================================
[2026-06-07T17:51:43.169+0000] {manager.py:997} INFO - 
================================================================================
DAG File Processing Stats

File Path                                 PID    Runtime      # DAGs    # Errors  Last Runtime    Last Run               Last # of DB Queries
----------------------------------------  -----  ---------  --------  ----------  --------------  -------------------  ----------------------
/opt/airflow/dags/load_to_mongodb_dag.py                           1           0  0.81s           2026-06-07T17:51:43                      13
/opt/airflow/dags/process_reviews_dag.py                           1           0  0.81s           2026-06-07T17:51:23                      11
================================================================================
[2026-06-07T17:52:13.887+0000] {manager.py:997} INFO - 
================================================================================
DAG File Processing Stats

File Path                                 PID    Runtime      # DAGs    # Errors  Last Runtime    Last Run               Last # of DB Queries
----------------------------------------  -----  ---------  --------  ----------  --------------  -------------------  ----------------------
/opt/airflow/dags/process_reviews_dag.py                           1           0  0.81s           2026-06-07T17:51:54                      11
/opt/airflow/dags/load_to_mongodb_dag.py                           1           0  0.61s           2026-06-07T17:52:13                      13
================================================================================
[2026-06-07T17:52:17.653+0000] {manager.py:821} INFO - Searching for files in /opt/airflow/dags
[2026-06-07T17:52:17.728+0000] {manager.py:824} INFO - There are 2 files in /opt/airflow/dags
[2026-06-07T17:52:44.697+0000] {manager.py:997} INFO - 
================================================================================
DAG File Processing Stats

File Path                                 PID    Runtime      # DAGs    # Errors  Last Runtime    Last Run               Last # of DB Queries
----------------------------------------  -----  ---------  --------  ----------  --------------  -------------------  ----------------------
/opt/airflow/dags/process_reviews_dag.py                           1           0  0.71s           2026-06-07T17:52:24                      11
/opt/airflow/dags/load_to_mongodb_dag.py                           1           0  0.71s           2026-06-07T17:52:44                      13
================================================================================
[2026-06-07T17:53:15.505+0000] {manager.py:997} INFO - 
================================================================================
DAG File Processing Stats

File Path                                 PID    Runtime      # DAGs    # Errors  Last Runtime    Last Run               Last # of DB Queries
----------------------------------------  -----  ---------  --------  ----------  --------------  -------------------  ----------------------
/opt/airflow/dags/process_reviews_dag.py                           1           0  0.71s           2026-06-07T17:52:55                      11
/opt/airflow/dags/load_to_mongodb_dag.py                           1           0  0.71s           2026-06-07T17:53:15                      13
================================================================================
[2026-06-07T17:53:46.401+0000] {manager.py:997} INFO - 
================================================================================
DAG File Processing Stats

File Path                                 PID    Runtime      # DAGs    # Errors  Last Runtime    Last Run               Last # of DB Queries
----------------------------------------  -----  ---------  --------  ----------  --------------  -------------------  ----------------------
/opt/airflow/dags/load_to_mongodb_dag.py                           1           0  0.81s           2026-06-07T17:53:46                      13
/opt/airflow/dags/process_reviews_dag.py                           1           0  0.70s           2026-06-07T17:53:26                      11
================================================================================
[2026-06-07T17:54:17.212+0000] {manager.py:997} INFO - 
================================================================================
DAG File Processing Stats

File Path                                 PID    Runtime      # DAGs    # Errors  Last Runtime    Last Run               Last # of DB Queries
----------------------------------------  -----  ---------  --------  ----------  --------------  -------------------  ----------------------
/opt/airflow/dags/load_to_mongodb_dag.py                           1           0  0.71s           2026-06-07T17:54:17                      13
/opt/airflow/dags/process_reviews_dag.py                           1           0  0.61s           2026-06-07T17:53:57                      11
================================================================================
[2026-06-07T17:54:48.028+0000] {manager.py:997} INFO - 
================================================================================
DAG File Processing Stats

File Path                                 PID    Runtime      # DAGs    # Errors  Last Runtime    Last Run               Last # of DB Queries
----------------------------------------  -----  ---------  --------  ----------  --------------  -------------------  ----------------------
/opt/airflow/dags/process_reviews_dag.py                           1           0  0.71s           2026-06-07T17:54:28                      11
/opt/airflow/dags/load_to_mongodb_dag.py                           1           0  0.71s           2026-06-07T17:54:48                      13
================================================================================
[2026-06-07T17:55:19.046+0000] {manager.py:997} INFO - 
================================================================================
DAG File Processing Stats

File Path                                 PID    Runtime      # DAGs    # Errors  Last Runtime    Last Run               Last # of DB Queries
----------------------------------------  -----  ---------  --------  ----------  --------------  -------------------  ----------------------
/opt/airflow/dags/load_to_mongodb_dag.py                           1           0  0.91s           2026-06-07T17:55:19                      13
/opt/airflow/dags/process_reviews_dag.py                           1           0  0.71s           2026-06-07T17:54:59                      11
================================================================================
[2026-06-07T17:55:49.977+0000] {manager.py:997} INFO - 
================================================================================
DAG File Processing Stats

File Path                                 PID    Runtime      # DAGs    # Errors  Last Runtime    Last Run               Last # of DB Queries
----------------------------------------  -----  ---------  --------  ----------  --------------  -------------------  ----------------------
/opt/airflow/dags/load_to_mongodb_dag.py                           1           0  0.81s           2026-06-07T17:55:49                      13
/opt/airflow/dags/process_reviews_dag.py                           1           0  0.71s           2026-06-07T17:55:29                      11
================================================================================
[2026-06-07T17:56:20.797+0000] {manager.py:997} INFO - 
================================================================================
DAG File Processing Stats

File Path                                 PID    Runtime      # DAGs    # Errors  Last Runtime    Last Run               Last # of DB Queries
----------------------------------------  -----  ---------  --------  ----------  --------------  -------------------  ----------------------
/opt/airflow/dags/load_to_mongodb_dag.py                           1           0  0.71s           2026-06-07T17:56:20                      13
/opt/airflow/dags/process_reviews_dag.py                           1           0  0.61s           2026-06-07T17:56:00                      11
================================================================================
[2026-06-07T17:56:51.894+0000] {manager.py:997} INFO - 
================================================================================
DAG File Processing Stats

File Path                                 PID    Runtime      # DAGs    # Errors  Last Runtime    Last Run               Last # of DB Queries
----------------------------------------  -----  ---------  --------  ----------  --------------  -------------------  ----------------------
/opt/airflow/dags/load_to_mongodb_dag.py                           1           0  1.01s           2026-06-07T17:56:51                      13
/opt/airflow/dags/process_reviews_dag.py                           1           0  0.71s           2026-06-07T17:56:31                      11
================================================================================
[2026-06-07T17:57:17.669+0000] {manager.py:821} INFO - Searching for files in /opt/airflow/dags
[2026-06-07T17:57:17.713+0000] {manager.py:824} INFO - There are 2 files in /opt/airflow/dags
[2026-06-07T17:57:22.731+0000] {manager.py:997} INFO - 
================================================================================
DAG File Processing Stats

File Path                                 PID    Runtime      # DAGs    # Errors  Last Runtime    Last Run               Last # of DB Queries
----------------------------------------  -----  ---------  --------  ----------  --------------  -------------------  ----------------------
/opt/airflow/dags/process_reviews_dag.py                           1           0  0.71s           2026-06-07T17:57:02                      11
/opt/airflow/dags/load_to_mongodb_dag.py                           1           0  0.71s           2026-06-07T17:57:22                      13
================================================================================
